내부온도관측치0,내부온도관측치1,내부온도관측치2,내부온도관측치3,내부온도관측치4,내부온도관측치5,내부온도관측치6,내부온도관측치7,내부온도관측치8,내부온도관측치9,내부온도관측치10,내부온도관측치11,내부온도관측치12,내부온도관측치13,내부온도관측치14,내부온도관측치15,내부온도관측치16,내부온도관측치17,내부온도관측치18,내부온도관측치19,내부온도관측치20,내부온도관측치21,내부온도관측치22,내부온도관측치23,내부습도관측치0,내부습도관측치1,내부습도관측치2,내부습도관측치3,내부습도관측치4,내부습도관측치5,내부습도관측치6,내부습도관측치7,내부습도관측치8,내부습도관측치9,내부습도관측치10,내부습도관측치11,내부습도관측치12,내부습도관측치13,내부습도관측치14,내부습도관측치15,내부습도관측치16,내부습도관측치17,내부습도관측치18,내부습도관측치19,내부습도관측치20,내부습도관측치21,내부습도관측치22,내부습도관측치23,co2관측치0,co2관측치1,co2관측치2,co2관측치3,co2관측치4,co2관측치5,co2관측치6,co2관측치7,co2관측치8,co2관측치9,co2관측치10,co2관측치11,co2관측치12,co2관측치13,co2관측치14,co2관측치15,co2관측치16,co2관측치17,co2관측치18,co2관측치19,co2관측치20,co2관측치21,co2관측치22,co2관측치23,ec관측치0,ec관측치1,ec관측치2,ec관측치3,ec관측치4,ec관측치5,ec관측치6,ec관측치7,ec관측치8,ec관측치9,ec관측치10,ec관측치11,ec관측치12,ec관측치13,ec관측치14,ec관측치15,ec관측치16,ec관측치17,ec관측치18,ec관측치19,ec관측치20,ec관측치21,ec관측치22,ec관측치23,시간당분무량0,시간당분무량1,시간당분무량2,시간당분무량3,시간당분무량4,시간당분무량5,시간당분무량6,시간당분무량7,시간당분무량8,시간당분무량9,시간당분무량10,시간당분무량11,시간당분무량12,시간당분무량13,시간당분무량14,시간당분무량15,시간당분무량16,시간당분무량17,시간당분무량18,시간당분무량19,시간당분무량20,시간당분무량21,시간당분무량22,시간당분무량23,시간당백색광량0,시간당백색광량1,시간당백색광량2,시간당백색광량3,시간당백색광량4,시간당백색광량5,시간당백색광량6,시간당백색광량7,시간당백색광량8,시간당백색광량9,시간당백색광량10,시간당백색광량11,시간당백색광량12,시간당백색광량13,시간당백색광량14,시간당백색광량15,시간당백색광량16,시간당백색광량17,시간당백색광량18,시간당백색광량19,시간당백색광량20,시간당백색광량21,시간당백색광량22,시간당백색광량23,시간당적색광량0,시간당적색광량1,시간당적색광량2,시간당적색광량3,시간당적색광량4,시간당적색광량5,시간당적색광량6,시간당적색광량7,시간당적색광량8,시간당적색광량9,시간당적색광량10,시간당적색광량11,시간당적색광량12,시간당적색광량13,시간당적색광량14,시간당적색광량15,시간당적색광량16,시간당적색광량17,시간당적색광량18,시간당적색광량19,시간당적색광량20,시간당적색광량21,시간당적색광량22,시간당적색광량23,시간당청색광량0,시간당청색광량1,시간당청색광량2,시간당청색광량3,시간당청색광량4,시간당청색광량5,시간당청색광량6,시간당청색광량7,시간당청색광량8,시간당청색광량9,시간당청색광량10,시간당청색광량11,시간당청색광량12,시간당청색광량13,시간당청색광량14,시간당청색광량15,시간당청색광량16,시간당청색광량17,시간당청색광량18,시간당청색광량19,시간당청색광량20,시간당청색광량21,시간당청색광량22,시간당청색광량23
27.52000008,59.18833313,457.35,0.530076875,0.0,0.0,0.0,0.0,27.39999962,59.44999962,458.1166667,0.552942804,769.0,0.0,0.0,0.0,27.2983332,59.24000015,458.4166667,0.57035859,0.0,0.0,0.0,0.0,27.2316666,59.00666637,460.5,0.582907375,769.0,0.0,0.0,0.0,27.37833287,59.43666649,455.0166667,0.592181591,0.0,0.0,0.0,0.0,27.40833302,59.67166646,451.0333333,0.600491381,769.0,0.0,0.0,0.0,27.82333323,59.42666677,453.0,0.606928388,769.0,4211.0701,0.0,0.0,28.88833326,58.39833336,445.0666667,0.605313524,769.0,13276.7831,0.0,0.0,30.0816665,58.15833333,442.2333333,0.599683953,769.0,18249.0018,0.0,0.0,29.37666655,57.81000004,441.4,0.603418301,762.5699999999997,18255.189999999995,0.0,0.0,29.53166656,58.10500011,444.0833333,0.607354524,769.0,18255.19,0.0,0.0,30.21666654,57.90499986,439.3166667,0.600738091,769.0,18255.19,0.0,0.0,30.49166663,58.03000011,439.7166667,0.596398162,762.5700000000006,18255.19,0.0,0.0,30.60166702,58.13666643,439.15,0.593774023,768.9999999999991,18255.189999999988,0.0,0.0,30.59833368,58.42333317,442.1666667,0.591239606,769.0,18255.19,0.0,0.0,30.61666698,58.6266667,446.3666667,0.588525724,769.0,18255.19,0.0,0.0,30.43499975,59.07833322,452.8166667,0.585834312,383.2000000000007,18255.19,0.0,0.0,30.42833306,58.73000018,447.5833333,0.583445661,0.0,18255.19,0.0,0.0,29.53499978,59.7850001,449.65,0.584544655,0.0,9653.592000000004,0.0,0.0,28.82166599,60.40999997,449.8833333,0.587651005,769.0,0.0,0.0,0.0,28.81999966,60.59666665,448.4333333,0.587224877,0.0,0.0,0.0,0.0,28.72666705,61.49000022,446.5,0.586753874,769.0,0.0,0.0,0.0,28.79333331,62.23500004,447.5166667,0.584589526,0.0,0.0,0.0,0.0,28.60833362,63.75166677,451.2666667,0.585273599,769.0,0.0,0.0,0.0
28.68499997,64.42333336,456.0,0.582851299,0.0,0.0,0.0,0.0,28.68620695,64.79310338,455.2413793,0.583715176,0.0,0.0,0.0,0.0,28.80833279,63.31333345,453.7666667,0.580148652,0.0,0.0,0.0,0.0,28.85333277,62.61000004,450.4333333,0.577748815,769.0,0.0,0.0,0.0,29.08666671,63.75500005,453.6166667,0.574642437,0.0,0.0,0.0,0.0,28.97666655,65.12833303,458.2833333,0.572410796,769.0,0.0,0.0,0.0,29.51833324,63.53166669,459.9,0.568878311,769.0,4149.1881,0.0,0.0,30.10833305,60.10666669,446.5,0.562205805,769.0,13267.500800000002,0.0,0.0,31.17833312,59.98833345,443.0166667,0.552326014,582.5300000000002,18245.9077,0.0,0.0,31.48833329,59.64499995,445.7,0.545765663,0.0,18255.19,0.0,0.0,31.52666677,58.94833355,444.1,0.540337952,768.9999999999995,18255.189999999995,0.0,0.0,31.4566665,58.89166667,436.1166667,0.536581155,762.5700000000006,18255.19,0.0,0.0,31.6033337,58.35833327,436.9491525,0.531489877,769.0,18255.19,0.0,0.0,31.60333373,58.48166669,436.75,0.526589237,769.0,18255.19,0.0,0.0,31.80333281,58.5600001,436.6,0.521520375,415.34999999999945,18255.19,0.0,0.0,31.87333282,58.09833355,437.1666667,0.516451505,769.0,18255.19,0.0,0.0,32.0416659,58.44666684,438.0,0.511371443,769.0000000000009,18255.19,0.0,0.0,31.98166631,58.52499994,440.7166667,0.506683876,769.0,18255.19,0.0,0.0,31.11166655,58.37333317,437.6833333,0.504855948,0.0,9628.839199999988,0.0,0.0,29.41833321,59.24166679,439.55,0.508769732,762.5699999999997,18.56460000001244,0.0,0.0,29.0149999,58.88166676,445.2666667,0.509913584,0.0,0.0,0.0,0.0,28.77333314,58.99833342,449.5,0.509655659,769.0,0.0,0.0,0.0,28.69333363,59.37666651,452.7166667,0.509364089,0.0,0.0,0.0,0.0,28.66833363,59.56333319,453.4666667,0.507794084,769.0,0.0,0.0,0.0
28.84499954,59.95,463.8666667,0.505540018,0.0,0.0,0.0,0.0,28.89499963,60.09166686,468.3666667,0.503611158,762.57,0.0,0.0,0.0,28.99333331,60.1666666,471.9166667,0.502433656,0.0,0.0,0.0,0.0,29.07333349,60.17833296,472.45,0.500089873,768.9999999999999,0.0,0.0,0.0,29.0533335,60.24499989,476.6833333,0.498833872,0.0,0.0,0.0,0.0,28.98333327,60.21666641,482.8166667,0.498284375,769.0000000000002,0.0,0.0,0.0,29.00999997,60.11166674,485.7666667,0.498732947,769.0,4186.3173,0.0,0.0,29.58666639,59.35833333,475.8666667,0.494314513,769.0,13329.3828,0.0,0.0,30.43333327,58.56833356,466.8666667,0.486957944,768.9999999999995,18245.9077,0.0,0.0,30.82166621,58.48500004,473.9166667,0.481418089,769.0,18255.19,0.0,0.0,30.87333285,58.6666666,476.0,0.478917304,762.5700000000006,18255.19,0.0,0.0,30.98666662,58.2766669,467.2,0.475463302,769.0,18255.19,0.0,0.0,30.94833314,58.48000011,467.4666667,0.473186797,460.3599999999997,18255.19,0.0,0.0,31.13500042,58.32833322,468.95,0.469788872,0.0,18255.189999999988,0.0,0.0,31.19333363,58.56833337,465.6166667,0.466749802,769.0,18255.190000000017,0.0,0.0,31.30499945,58.22833341,466.4666667,0.463878941,762.5699999999997,18255.19,0.0,0.0,31.18333381,58.29833349,467.3666667,0.46186037,769.0,18255.189999999973,0.0,0.0,31.19166724,58.17333336,463.5833333,0.459763304,769.0,18255.19,0.0,0.0,30.21999998,58.16666667,459.4333333,0.461411801,0.0,9486.510600000009,0.0,0.0,28.71166665,59.6600001,466.7833333,0.467826374,769.0,0.0,0.0,0.0,28.43999977,59.86999982,474.3333333,0.470484156,0.0,0.0,0.0,0.0,28.39833298,60.06166662,473.3333333,0.471257948,0.0,0.0,0.0,0.0,28.34333293,60.13499991,469.7333333,0.472099022,0.0,0.0,0.0,0.0,28.29166651,60.18999977,463.2666667,0.472738229,1132.91,0.0,0.0,0.0
28.5433335,60.19666615,466.0,0.471000016,0.0,0.0,0.0,0.0,28.56271201,60.4745764,468.7627119,0.471022818,537.52,0.0,0.0,0.0,28.61333377,60.58666655,472.1333333,0.469990724,0.0,0.0,0.0,0.0,28.58666684,61.03833338,470.45,0.470697227,769.0,0.0,0.0,0.0,28.69833336,60.88499978,474.3333333,0.469026302,0.0,0.0,0.0,0.0,28.54000012,61.49500033,479.1666667,0.470215009,0.0,0.0,0.0,0.0,28.93333308,60.58499985,485.65,0.469048731,0.0,4214.1642,0.0,0.0,29.40333312,60.01999989,485.9333333,0.466099375,479.6500000000001,13320.1005,0.0,0.0,29.95833311,59.61333319,490.55,0.461277228,1152.1999999999998,18245.907700000003,0.0,0.0,30.22666658,59.29333312,492.7,0.457868088,769.0,18255.189999999995,0.0,0.0,30.28999974,59.62833341,496.1,0.45563644,762.5699999999997,17945.78,0.0,0.0,30.63000015,59.72999986,488.0666667,0.45248523,0.0,18255.19,0.0,0.0,30.7649998,59.70333322,479.4,0.449625583,769.0,18255.19,0.0,0.0,30.82499933,59.24000009,461.7333333,0.447741581,0.0,18255.19,0.0,0.0,30.79999959,59.28666668,459.5166667,0.446362233,762.5700000000006,18255.189999999988,0.0,0.0,30.85166616,59.04333324,474.1333333,0.444467019,769.0,18255.19,0.0,0.0,30.6933335,58.86166674,473.8166667,0.444040871,769.0,18255.19,0.0,0.0,30.69000022,58.8966664,465.6,0.442784875,769.0,18255.19,0.0,0.0,29.78999971,59.84166667,465.0833333,0.445711799,762.5699999999997,9737.132699999987,0.0,0.0,29.06666692,61.47666696,466.2,0.449535867,0.0,12.376400000008289,0.0,0.0,28.95166648,62.55666625,478.6833333,0.451363801,769.0,0.0,0.0,0.0,28.76833318,63.12333298,482.6,0.453483304,0.0,0.0,0.0,0.0,28.77166662,63.31666641,491.2333333,0.45350573,769.0,0.0,0.0,0.0,28.70500031,63.46833337,490.6666667,0.454627161,0.0,0.0,0.0,0.0
28.88999974,64.02666651,492.5166667,0.453438446,769.0,0.0,0.0,0.0,28.82372837,65.03389882,495.2372881,0.455478686,0.0,0.0,0.0,0.0,28.89333293,64.93666611,495.6833333,0.452799227,0.0,0.0,0.0,0.0,28.82333266,65.56833267,498.1166667,0.453483304,0.0,0.0,0.0,0.0,28.92833306,65.59666595,512.1333333,0.45223851,769.0,0.0,0.0,0.0,28.84166606,65.7016669,519.85,0.452888943,0.0,0.0,0.0,0.0,29.27833312,64.81000048,522.05,0.452126372,769.0,4198.6937,0.0,0.0,30.14833323,61.06333326,520.4,0.445868798,769.0,13317.006399999998,0.0,0.0,30.89166676,60.14333305,535.7166667,0.440497157,762.5700000000002,18249.0018,0.0,0.0,29.9149998,58.14166667,562.0666667,0.442078374,768.9999999999995,18255.19,0.0,0.0,27.92666642,57.82499987,560.4333333,0.457969013,769.0,18255.19,0.0,0.0,26.93666658,58.91000004,548.2666667,0.469575804,769.0,18255.19,0.0,0.0,26.75999991,59.15166683,541.6666667,0.473545662,769.0,18255.189999999988,0.0,0.0,26.20833349,59.36000004,532.8666667,0.480420018,762.5700000000006,18255.19,0.0,0.0,26.42166665,59.28000018,521.4833333,0.480274233,768.9999999999991,18255.19,0.0,0.0,25.97666651,60.1,519.1666667,0.485399161,0.0,18255.19,0.0,0.0,26.75333319,60.7283336,514.0333333,0.481092873,769.0,18255.19,0.0,0.0,26.65833302,62.62166697,502.75,0.483178731,769.0,18255.19,0.0,0.0,28.3083333,65.64999987,484.9833333,0.46823009,769.0,9505.075199999992,0.0,0.0,27.92166615,66.90499992,485.7,0.46581901,0.0,0.0,0.0,0.0,28.34999946,67.98500023,489.9833333,0.460548302,0.0,0.0,0.0,0.0,28.50333309,66.97499987,492.5666667,0.457632586,0.0,0.0,0.0,0.0,28.75999988,66.19333344,484.3,0.454066446,769.0,0.0,0.0,0.0,28.75,64.64833419,483.2166667,0.452922589,0.0,0.0,0.0,0.0
28.89833307,64.91833305,479.9166667,0.450646089,769.0,0.0,0.0,0.0,28.76610158,64.58305061,474.0508475,0.451532779,0.0,0.0,0.0,0.0,28.84833314,64.17833366,469.0333333,0.449793795,769.0,0.0,0.0,0.0,28.74333344,63.97166723,468.05,0.449491012,0.0,0.0,0.0,0.0,28.78666652,65.7483326,472.65,0.449165793,769.0,0.0,0.0,0.0,28.62000036,66.86166611,473.0166667,0.449266724,0.0,0.0,0.0,0.0,28.95333309,64.39500027,465.0666667,0.449008797,1139.34,4105.8707,0.0,0.0,29.91333316,61.38166663,464.8333333,0.443087655,769.0,13233.4657,0.0,0.0,30.40499964,60.03833345,461.05,0.438153377,769.0,18239.7195,0.0,0.0,30.51333338,59.82333349,455.3166667,0.43594416,769.0,18255.19,0.0,0.0,30.65833356,59.375,460.5333333,0.433477015,762.5699999999997,18255.189999999995,0.0,0.0,30.80833276,58.68000005,457.2,0.431256587,769.0,17945.78,0.0,0.0,30.9049998,58.67999973,459.0166667,0.429495944,762.5699999999997,18255.19,0.0,0.0,31.04000015,58.52666639,459.8166667,0.427342798,0.0,18255.19,0.0,0.0,31.00666669,58.22000001,484.8333333,0.426479297,769.0,18255.189999999988,0.0,0.0,31.05500021,58.19000015,497.1333333,0.425245728,762.5699999999997,18255.19,0.0,0.0,31.03333346,58.60333328,517.4833333,0.424034584,0.0,18255.19,0.0,0.0,31.12666705,58.44333318,507.4,0.422240296,0.0,18255.19,0.0,0.0,30.27166662,59.27500006,480.5166667,0.424606512,0.0,9752.603200000012,0.0,0.0,28.88333321,59.83666649,482.2833333,0.431581803,769.0,24.75279999998748,0.0,0.0,28.67333326,59.91833324,482.9166667,0.435024589,0.0,0.0,0.0,0.0,28.37999957,59.94166673,473.7833333,0.437379593,769.0,0.0,0.0,0.0,28.33333333,59.92000008,466.9,0.438613162,0.0,0.0,0.0,0.0,28.22999999,59.95000006,472.25,0.439633655,383.2000000000007,0.0,0.0,0.0
28.66166671,60.17666651,484.3666667,0.438007594,0.0,0.0,0.0,0.0,28.82166659,60.61166655,479.65,0.438826234,762.57,0.0,0.0,0.0,29.08666681,61.6816665,482.8166667,0.4351143,0.0,0.0,0.0,0.0,28.95499983,62.04500014,477.5,0.435955374,768.9999999999999,0.0,0.0,0.0,29.03666668,62.65833333,484.2666667,0.435697445,0.0,0.0,0.0,0.0,28.92666639,62.61833318,475.45,0.436706734,769.0000000000002,0.0,0.0,0.0,29.2983331,61.60833314,475.05,0.435989015,769.0,4158.4704,0.0,0.0,29.82833328,59.96833344,472.0333333,0.432512587,0.0,13273.689,0.0,0.0,30.42999989,59.48833319,474.2,0.428161442,769.0,18245.9077,0.0,0.0,30.68166691,59.11500009,472.0,0.42481959,762.5700000000002,18255.19,0.0,0.0,30.80999969,59.72333323,476.1166667,0.423103797,769.0,18255.19,0.0,0.0,30.90499964,59.34999994,481.4333333,0.421096444,0.0,18255.19,0.0,0.0,30.92999973,58.75333335,479.4666667,0.41999745,769.0,18255.189999999988,0.0,0.0,31.08000027,58.37999999,475.65,0.417956442,762.5699999999997,18255.19,0.0,0.0,31.12333371,58.37833309,501.5666667,0.416734086,769.0,18255.19,0.0,0.0,31.23500013,58.00000006,514.1666667,0.415018296,0.0,18255.19,0.0,0.0,31.24833333,58.11000023,514.9333333,0.414132367,0.0,18255.19,0.0,0.0,31.36333281,58.3516667,509.55,0.4121138,0.0,18255.19,0.0,0.0,30.42666655,58.64833355,517.4833333,0.414311801,0.0,9752.603199999983,0.0,0.0,29.49499998,60.98833338,489.6333333,0.419335799,768.9999999999991,12.376400000008289,0.0,0.0,29.4233333,60.28000005,472.4166667,0.419470376,0.0,0.0,0.0,0.0,28.72833325,59.91999989,462.2833333,0.424505588,492.5100000000002,0.0,0.0,0.0,28.43166641,59.86166668,464.15,0.427230654,0.0,0.0,0.0,0.0,28.44333318,59.93166669,471.0833333,0.428071731,769.0,0.0,0.0,0.0
28.53833329,60.06333338,481.2333333,0.428419375,0.0,0.0,0.0,0.0,28.43728809,59.8966102,482.1694915,0.430913697,730.42,0.0,0.0,0.0,28.45666653,60.03833332,484.3166667,0.429024943,0.0,0.0,0.0,0.0,28.57166659,60.113333,489.6333333,0.429350158,762.57,0.0,0.0,0.0,28.81000007,60.09666653,495.5333333,0.427309154,0.0,0.0,0.0,0.0,28.58166656,60.18166669,496.25,0.4289913,762.5699999999999,0.0,0.0,0.0,29.19166667,60.2333334,495.8833333,0.426995153,769.0,4149.1881,0.0,0.0,29.65833324,59.24166667,485.5333333,0.424113085,769.0,13282.9713,0.0,0.0,30.66666638,58.71666654,477.4666667,0.417149012,769.0000000000005,17927.215399999997,0.0,0.0,31.01166671,58.70666682,467.3833333,0.413470729,769.0,18255.19,0.0,0.0,31.25499989,58.85833333,467.2666667,0.411026015,769.0,18255.189999999995,0.0,0.0,31.61333338,58.04166667,459.7833333,0.40761687,769.0,18255.19,0.0,0.0,31.80166639,58.31999969,449.9666667,0.405609514,769.0,18255.19,0.0,0.0,32.08166571,58.2166666,444.7,0.402648946,762.5699999999988,18255.19,0.0,0.0,32.29166622,57.89666684,438.4333333,0.400630368,769.0,18255.19,0.0,0.0,32.37333399,57.98166676,435.0333333,0.399004303,769.0,18255.19,0.0,0.0,32.30833302,58.27166672,430.0,0.3972773,0.0,18255.19,0.0,0.0,32.31666654,58.05333354,430.3,0.396200729,0.0,18255.19,0.0,0.0,31.35999985,58.37500019,445.2333333,0.397524013,0.0,9656.686099999992,0.0,0.0,29.7916666,59.67833316,451.6666667,0.403478801,0.0,0.0,0.0,0.0,29.46499987,59.91000004,454.8,0.407560797,0.0,0.0,0.0,0.0,29.42999973,60.14500001,453.6666667,0.408659798,769.0,0.0,0.0,0.0,29.38833294,60.17666645,464.3166667,0.409927011,0.0,0.0,0.0,0.0,29.52499997,60.20166696,466.6,0.409983082,769.0,0.0,0.0,0.0
29.5850002,60.21666673,476.4,0.410869011,0.0,0.0,0.0,0.0,29.5600001,60.26166636,480.4576271,0.411092917,769.0,0.0,0.0,0.0,29.353333,60.25999985,479.3166667,0.412405376,0.0,0.0,0.0,0.0,29.55333354,60.21833312,482.6166667,0.411990448,769.0,0.0,0.0,0.0,29.45166648,60.55500037,486.7,0.412057733,0.0,0.0,0.0,0.0,29.48333314,60.8966664,498.7,0.413515585,0.0,0.0,0.0,0.0,29.74499979,60.22499962,504.3,0.413605297,769.0,4186.3173,0.0,0.0,30.29499982,60.00000006,495.45,0.410846589,769.0,13286.0654,0.0,0.0,31.12166665,59.60499992,482.1166667,0.405452515,769.0,18242.813600000005,0.0,0.0,31.49666665,59.45166645,466.7166667,0.401863943,0.0,17945.78,0.0,0.0,31.72000001,58.82833328,457.05,0.399991157,769.0,18255.189999999995,0.0,0.0,32.07666623,59.125,455.9,0.396862372,0.0,18255.19,0.0,0.0,32.42333393,58.7933335,449.6833333,0.39386816,769.0,18255.19,0.0,0.0,32.61499926,58.43166676,446.7833333,0.39124401,0.0,18255.19,0.0,0.0,32.66666597,58.65166664,436.8,0.390088941,730.4200000000001,18255.189999999988,0.0,0.0,32.85833346,58.55499992,437.4166667,0.388025511,769.0,18255.19,0.0,0.0,32.99333344,58.54166654,432.6333333,0.386276083,0.0,18255.19,0.0,0.0,32.87166691,58.54499995,431.4666667,0.384694867,762.5699999999997,18255.19,0.0,0.0,31.85999988,59.31999995,442.4333333,0.386242441,0.0,9594.804100000008,0.0,0.0,30.67166672,60.06333326,447.3,0.389146941,0.0,15.470499999995807,0.0,0.0,30.04333331,59.99666653,451.15,0.394440083,769.0,0.0,0.0,0.0,30.19000041,60.24833304,449.0666667,0.39532602,0.0,0.0,0.0,0.0,30.17999996,60.42499955,450.0166667,0.396436228,769.0,0.0,0.0,0.0,30.05000022,60.5866663,459.3666667,0.397882876,0.0,0.0,0.0,0.0
29.98833326,60.25000013,467.0,0.399127658,769.0,0.0,0.0,0.0,29.88333295,60.35499986,467.5166667,0.401505081,0.0,0.0,0.0,0.0,29.86166614,60.77833322,468.7666667,0.401179872,769.0,0.0,0.0,0.0,29.8249994,60.73333352,472.25,0.402144306,0.0,0.0,0.0,0.0,29.7333333,60.64833342,476.5333333,0.403153589,769.0,0.0,0.0,0.0,29.63500023,61.5583334,487.1166667,0.404835726,0.0,0.0,0.0,0.0,29.98666662,60.33333333,484.9833333,0.404689943,769.0,4173.9409,0.0,0.0,30.47333323,60.14166673,482.2666667,0.402088227,769.0,13310.8182,0.0,0.0,31.26999985,59.63499985,481.6666667,0.397299727,769.0,18242.8136,0.0,0.0,31.72999986,59.63833326,497.6333333,0.393453226,769.0,18255.19,0.0,0.0,32.13333279,59.43666643,468.95,0.390761796,0.0,18255.189999999995,0.0,0.0,32.41666718,59.44166679,458.9666667,0.388216155,769.0,18255.19,0.0,0.0,32.54333286,58.94500008,449.9833333,0.386388229,769.0,18255.19,0.0,0.0,32.68166618,58.85166677,456.0,0.384369653,0.0,18255.19,0.0,0.0,32.88333378,58.02999967,449.1166667,0.382373511,769.0,18255.19,0.0,0.0,32.84166686,58.22333323,456.8666667,0.381353016,769.0,18255.19,0.0,0.0,31.27999986,56.48833345,470.3833333,0.384986439,723.9899999999998,18255.19,0.0,0.0,29.54999987,58.04000009,482.8666667,0.398073513,769.0,18255.19,0.0,0.0,29.9899999,59.40000019,488.3666667,0.39818566,769.0,9548.392599999992,0.0,0.0,29.61333319,60.03999983,461.4833333,0.397434298,0.0,6.188200000004144,0.0,0.0,30.2183334,60.40166677,466.5666667,0.394698017,762.5699999999997,0.0,0.0,0.0,30.41999957,60.77666683,477.3666667,0.393285004,0.0,0.0,0.0,0.0,30.5983332,60.87166665,491.5666667,0.391535584,762.5699999999997,0.0,0.0,0.0,30.43666649,60.71500003,494.9333333,0.392141151,0.0,0.0,0.0,0.0
30.66833318,60.79000028,502.1833333,0.391109445,769.0,0.0,0.0,0.0,30.45172382,60.52068973,500.862069,0.393076195,0.0,0.0,0.0,0.0,30.52499984,60.49152555,504.95,0.391378585,769.0,0.0,0.0,0.0,30.3949996,60.84000009,508.7833333,0.392331793,0.0,0.0,0.0,0.0,30.49833298,60.86333313,513.3666667,0.391961724,769.0,0.0,0.0,0.0,30.30499973,62.02666645,522.8833333,0.393699936,0.0,0.0,0.0,0.0,30.66666689,61.51666648,527.75,0.394193369,0.0,4139.9058,0.0,0.0,31.43166644,60.3733333,524.9833333,0.39275794,769.0,13282.9713,0.0,0.0,31.88666623,59.23499978,504.8666667,0.38709473,0.0,18249.0018,0.0,0.0,29.8733333,57.58166676,492.0666667,0.396167083,769.0,18255.189999999995,0.0,0.0,28.65833333,58.18833345,472.1833333,0.408424299,769.0,18255.19,0.0,0.0,28.05999994,58.46000004,466.9166667,0.416835012,762.5699999999997,18255.19,0.0,0.0,27.96999995,58.40666663,467.35,0.419840443,769.0,18255.19,0.0,0.0,27.51499993,58.8983333,468.95,0.425167231,0.0,18255.189999999988,0.0,0.0,27.5799997,58.63166669,473.1,0.426098017,0.0,18255.19,0.0,0.0,27.09666688,58.85333341,498.65,0.430852873,0.0,18255.19,0.0,0.0,27.24999975,58.67000008,509.25,0.431559373,769.0,18255.19,0.0,0.0,27.07666636,58.725,507.1,0.433465801,769.0,18255.19,0.0,0.0,28.57000011,60.05499999,506.05,0.42128709,0.0,9799.0147,0.0,0.0,28.86833334,60.39499995,486.8833333,0.413044582,769.0,12.376400000008289,0.0,0.0,29.98999996,61.67500032,464.4166667,0.403624585,0.0,0.0,0.0,0.0,29.4299998,60.15833352,476.15,0.40295173,769.0,0.0,0.0,0.0,29.64000003,60.06333332,469.35,0.400933154,0.0,0.0,0.0,0.0,29.25999988,59.79666659,465.5666667,0.401314441,0.0,0.0,0.0,0.0
29.15666688,59.57166646,468.35,0.401695728,0.0,0.0,0.0,0.0,29.45593223,59.99999987,468.440678,0.401182531,762.57,0.0,0.0,0.0,29.84666665,60.15333341,468.6166667,0.396873582,0.0,0.0,0.0,0.0,29.85499967,60.25666656,474.9333333,0.396559582,0.0,0.0,0.0,0.0,30.40499999,60.37166684,483.3166667,0.392982218,0.0,0.0,0.0,0.0,30.13666655,60.68000031,490.7333333,0.394597086,768.9999999999999,0.0,0.0,0.0,30.4616663,60.49000034,496.5666667,0.393677508,769.0000000000002,4121.3412,0.0,0.0,31.08500001,60.31666641,490.3,0.39160287,769.0,13264.4067,0.0,0.0,32.00999943,59.66833356,475.8833333,0.386365798,769.0,18236.6254,0.0,0.0,32.39499995,59.78833351,472.0333333,0.383696796,0.0,18255.19,0.0,0.0,31.19999987,58.42333349,461.6,0.386220015,768.9999999999995,18255.189999999995,0.0,0.0,28.11333326,58.72000008,462.95,0.408200012,762.5700000000006,18255.19,0.0,0.0,26.89499995,59.13333333,466.65,0.424628942,769.0,18255.19,0.0,0.0,26.23833332,59.70166651,475.9833333,0.434149872,762.5699999999997,18255.19,0.0,0.0,26.22833322,59.62833354,486.6333333,0.4377048,0.0,18255.189999999988,0.0,0.0,26.0333334,60.06999995,495.2333333,0.441024226,0.0,18255.19,0.0,0.0,25.88500007,59.36166681,515.0833333,0.442762441,0.0,18255.19,0.0,0.0,25.99000009,59.78833313,513.4166667,0.444164233,769.0,18255.19,0.0,0.0,26.81833331,58.22499994,470.5,0.435304946,0.0,9749.509099999996,0.0,0.0,24.58166663,57.9083334,470.2333333,0.445184728,768.9999999999991,27.84690000000409,0.0,0.0,23.25166664,57.88666662,454.35,0.454559872,0.0,0.0,0.0,0.0,22.83333305,58.11166687,435.75,0.458339089,762.5700000000015,0.0,0.0,0.0,22.65333325,57.9816665,421.5666667,0.460581945,0.0,0.0,0.0,0.0,22.70999997,58.67833328,407.6166667,0.461243586,762.5699999999997,0.0,0.0,0.0
22.76333323,58.30333328,397.3333333,0.462017366,0.0,0.0,0.0,0.0,22.99152536,58.4898306,386.7627119,0.46218444,769.0,0.0,0.0,0.0,22.72333317,58.46500015,378.5166667,0.462959368,0.0,0.0,0.0,0.0,22.9233333,58.97500013,369.5166667,0.462869652,769.0,0.0,0.0,0.0,22.79999994,58.92166684,363.1666667,0.463329441,0.0,0.0,0.0,0.0,22.9566665,59.19333324,358.45,0.463239726,769.0,0.0,0.0,0.0,23.17000004,57.74666665,351.85,0.464506941,769.0,4155.3763,0.0,0.0,24.90333322,51.53333321,343.0833333,0.457834444,769.0,13276.7831,0.0,0.0,25.00166658,55.43000024,350.95,0.456174728,769.0,18245.9077,0.0,0.0,25.32166665,55.4799998,350.7,0.453786087,769.0,18255.19,0.0,0.0,25.1299998,56.09833342,350.6166667,0.454402871,769.0,18255.19,0.0,0.0,25.42333326,55.88500017,350.5166667,0.452148799,769.0,18255.19,0.0,0.0,25.20333325,54.81000004,350.4833333,0.452888942,762.5699999999997,18255.189999999988,0.0,0.0,25.61666641,52.675,349.4333333,0.450231152,769.0,18255.19,0.0,0.0,25.60666666,51.07833322,347.6833333,0.450803086,769.0,18255.19,0.0,0.0,26.02833316,50.18666668,347.3833333,0.447214515,0.0,18255.19,0.0,0.0,25.37000001,54.94500008,350.8,0.45024237,769.0,18255.19,0.0,0.0,25.55999997,58.63333333,352.3166667,0.449872301,769.0,18255.19,0.0,0.0,26.08333317,59.09000003,361.4833333,0.443468943,0.0,9554.580799999996,0.0,0.0,23.7649999,58.63166676,375.9166667,0.45287773,769.0,6.188200000004144,0.0,0.0,23.34666665,59.42833309,374.8166667,0.458283016,0.0,0.0,0.0,0.0,23.3083333,59.05333316,372.5833333,0.458821304,769.0,0.0,0.0,0.0,23.0566665,59.1600001,370.05,0.460503446,0.0,0.0,0.0,0.0,23.25166661,59.26333338,368.7333333,0.46045859,762.5699999999997,0.0,0.0,0.0
23.05666663,59.53499985,370.6833333,0.461378156,0.0,0.0,0.0,0.0,23.48644056,59.79830486,371.4237288,0.460861544,769.0,0.0,0.0,0.0,23.51999985,59.77333317,370.9,0.460481014,0.0,0.0,0.0,0.0,23.44833323,59.45333347,370.65,0.460391302,0.0,0.0,0.0,0.0,23.09833333,59.32999999,369.2,0.461613655,717.56,0.0,0.0,0.0,23.31833331,59.52166646,369.5833333,0.460985658,0.0,0.0,0.0,0.0,23.47833328,59.6350001,368.2666667,0.462275299,769.0,4186.3173,0.0,0.0,24.47833325,60.01833312,367.5666667,0.458327875,769.0,13301.535900000004,0.0,0.0,25.41166665,59.97666651,388.9,0.453505729,769.0,18245.9077,0.0,0.0,25.47999992,59.46833344,391.8833333,0.451016158,769.0000000000005,18255.19,0.0,0.0,25.19166644,59.34666659,384.85,0.452283372,769.0,18255.189999999995,0.0,0.0,25.50333322,59.9799998,383.9833333,0.450612443,376.7699999999995,18255.19,0.0,0.0,25.01333319,59.33666662,410.4666667,0.451879655,769.0,18255.19,0.0,0.0,25.1766667,59.51333319,408.25,0.45201423,769.0,18255.19,0.0,0.0,25.20999991,59.91166662,411.0833333,0.452373086,769.0,18255.19,0.0,0.0,25.20166651,59.7833334,407.3166667,0.452305803,769.0,18255.19,0.0,0.0,25.11833321,59.35333335,405.2666667,0.453012302,769.0,18255.19,0.0,0.0,25.50333328,60.28833313,419.95,0.451588086,769.0,18255.189999999973,0.0,0.0,27.928333,61.57166684,572.3333333,0.432961156,762.5699999999997,9588.615900000004,0.0,0.0,28.48500001,62.33666662,544.7333333,0.421096445,0.0,9.282300000020768,0.0,0.0,28.61500038,60.59499989,493.9166667,0.417238729,769.0,0.0,0.0,0.0,28.39833307,60.29166654,471.65,0.417373302,0.0,0.0,0.0,0.0,28.23166656,60.30000025,455.3166667,0.41764244,769.0,0.0,0.0,0.0,28.2066665,60.29500008,442.7833333,0.417350871,0.0,0.0,0.0,0.0
28.18333327,60.23166688,430.9,0.416487372,769.0,0.0,0.0,0.0,28.27413789,60.27586227,423.2931034,0.417125032,0.0,0.0,0.0,0.0,28.29999981,60.12833328,415.15,0.415040716,769.0,0.0,0.0,0.0,28.3049997,60.0916666,408.2333333,0.414603361,0.0,0.0,0.0,0.0,28.37333301,60.09500008,401.4833333,0.413717441,769.0,0.0,0.0,0.0,28.38999971,60.22499994,397.1333333,0.413111873,0.0,0.0,0.0,0.0,28.79499985,60.52666664,390.4666667,0.412506301,769.0,4232.7288,0.0,0.0,29.65166658,60.41333326,376.6833333,0.407123441,0.0,13279.8772,0.0,0.0,30.55000003,60.2516667,368.0166667,0.400652798,769.0,18242.8136,0.0,0.0,30.86499964,59.88499997,370.3,0.39731094,769.0,18255.19,0.0,0.0,31.08333359,60.26166662,372.1166667,0.395012013,769.0,18255.189999999995,0.0,0.0,31.24166654,60.2583334,376.1333333,0.393307437,769.0,18255.19,0.0,0.0,31.34666621,60.43500004,376.8166667,0.392017794,769.0,18255.19,0.0,0.0,31.48499994,60.50166658,380.4666667,0.390481441,769.0,18255.19,0.0,0.0,31.58833364,60.57500019,382.3333333,0.389741297,769.0,18255.19,0.0,0.0,31.64333366,60.61833324,384.8,0.388889009,383.2000000000007,18255.19,0.0,0.0,31.73166663,60.39666665,383.8,0.3880143,0.0,18255.19,0.0,0.0,31.80666625,60.07333349,384.4833333,0.387049872,498.9399999999987,18255.189999999973,0.0,0.0,31.14833317,60.55166664,390.3728814,0.388619871,769.0,9610.274600000004,0.0,0.0,30.24333321,60.58833364,400.5666667,0.391995367,0.0,0.0,0.0,0.0,30.0516668,60.57666664,400.8333333,0.393901797,769.0,0.0,0.0,0.0,28.61333326,58.77833335,408.55,0.401224729,0.0,0.0,0.0,0.0,24.51333319,57.66333319,428.7666667,0.435618946,762.5699999999997,0.0,0.0,0.0,23.01999998,58.24666659,423.9,0.451240446,0.0,0.0,0.0,0.0
22.76999985,58.58166656,411.0166667,0.456914871,762.57,0.0,0.0,0.0,22.9233333,59.28666687,404.75,0.459707233,0.0,0.0,0.0,0.0,22.75666656,59.15166683,396.6666667,0.461613655,0.0,0.0,0.0,0.0,22.89000006,59.22833335,391.5333333,0.462533223,0.0,0.0,0.0,0.0,22.9483332,59.32166653,385.8833333,0.463150014,768.9999999999999,0.0,0.0,0.0,23.01833324,59.68833338,381.15,0.463621013,0.0,0.0,0.0,0.0,23.29833326,59.90166664,372.8833333,0.464518159,769.0000000000002,4226.5406,0.0,0.0,24.1399999,59.92000027,367.8333333,0.46269023,769.0,13063.2902,0.0,0.0,24.93666646,59.96166681,363.1,0.4588998,769.0,18239.719500000003,0.0,0.0,25.10833308,59.79000015,366.8166667,0.4571728,768.9999999999995,18255.189999999995,0.0,0.0,25.15166642,60.06999982,367.2333333,0.456959726,769.0,18255.19000000001,0.0,0.0,25.23666655,59.93499997,370.75,0.456499944,769.0,18255.189999999988,0.0,0.0,25.24166657,60.02833341,369.6166667,0.456892441,769.0,18255.19,0.0,0.0,25.31999995,60.09499989,369.7833333,0.456556015,0.0,18255.19,0.0,0.0,25.33166672,60.18000005,368.7,0.456858801,769.0,18255.189999999988,0.0,0.0,25.44499989,60.00000019,372.9166667,0.456410227,769.0,18255.19,0.0,0.0,25.4566666,60.21000004,373.6,0.456477515,769.0,18255.19,0.0,0.0,25.53999971,60.28000011,378.8333333,0.45648873,0.0,18255.19,0.0,0.0,26.08666687,60.29333344,385.9666667,0.451554446,0.0,9675.250700000004,0.0,0.0,26.14666656,60.31666654,392.2,0.447136016,769.0,24.75279999998748,0.0,0.0,26.47166656,60.12833354,386.6166667,0.443054017,0.0,0.0,0.0,0.0,26.81333316,60.23666668,385.05,0.439577583,0.0,0.0,0.0,0.0,27.07333339,60.18166676,382.95,0.436347874,0.0,0.0,0.0,0.0,27.20666672,60.15666663,379.5333333,0.434116229,769.0,0.0,0.0,0.0
27.34166635,60.05666656,377.65,0.432736871,0.0,0.0,0.0,0.0,27.60727272,60.25090887,376.7592593,0.432298268,1245.77,0.0,0.0,0.0,27.69500011,59.99666678,375.6833333,0.426580226,1820.36,0.0,0.0,0.0,27.8216664,60.05666663,375.4,0.423619659,2058.2699999999995,0.0,0.0,0.0,27.98833326,59.9850001,374.4833333,0.421601085,1816.5300000000009,0.0,0.0,0.0,28.09661021,60.22499994,376.9666667,0.419739516,1867.97,0.0,0.0,0.0,28.2566665,60.64166679,371.2,0.420120807,1816.5300000000009,2138.0231,0.0,0.0,28.8966665,60.99166654,361.85,0.416969581,1874.4,6531.6451,0.0,0.0,29.68166644,60.74833317,357.4333333,0.410319515,1622.3999999999996,9276.1118,0.0,0.0,26.88666668,58.68833345,403.6,0.430561298,1292.0100000000002,9282.300000000005,0.0,0.0,25.69999994,59.275,424.4166667,0.449446158,1673.840000000002,8972.89,0.0,0.0,25.60333328,60.46833337,411.3333333,0.454055229,1664.8099999999977,9282.299999999996,0.0,0.0,25.41166662,60.163333,400.75,0.457329805,1379.4300000000003,8972.890000000007,0.0,0.0,25.44499976,60.54000003,390.0,0.459202591,1848.6800000000003,9282.299999999996,0.0,0.0,25.48166656,60.18333365,382.9166667,0.459830587,1453.9900000000016,9282.299999999996,0.0,0.0,25.42166653,60.01000004,380.6666667,0.461187516,1622.3999999999978,8972.89,0.0,0.0,25.24666653,59.90333322,396.85,0.463845298,1703.3899999999994,9282.300000000005,0.0,0.0,25.67499981,60.44999994,486.3,0.463564946,1385.8600000000006,8972.89,0.0,0.0,27.04999981,60.65999921,470.4,0.451509584,1622.4000000000017,4959.842300000004,0.0,0.0,26.7666666,60.35999972,457.6333333,0.448268651,1172.4399999999987,3.094100000002072,0.0,0.0,27.01666667,60.42833322,444.6166667,0.444523083,1799.84,0.0,0.0,0.0,27.07166662,60.5166666,430.9,0.443098873,1703.3899999999994,0.0,0.0,0.0,27.39833301,60.34666659,421.1333333,0.439465442,1496.4000000000017,0.0,0.0,0.0,27.40833295,60.44666691,412.95,0.43850102,1353.7099999999991,0.0,0.0,0.0
27.69333344,60.07999992,405.7666667,0.435405872,1279.15,0.0,0.0,0.0,27.68135598,60.60677984,401.0338983,0.436741322,1741.9699999999998,0.0,0.0,0.0,27.93833313,60.28999983,397.5,0.432523802,1839.6500000000003,0.0,0.0,0.0,27.9299997,60.49166679,393.65,0.431884588,1761.2599999999993,0.0,0.0,0.0,28.17500003,60.34166667,389.15,0.429417444,1334.42,0.0,0.0,0.0,28.12333355,60.46333345,388.1666667,0.430079089,1234.1400000000003,0.0,0.0,0.0,28.73166647,60.5566665,383.0,0.428262373,1884.66,2069.9529,0.0,0.0,29.52000001,61.03833332,378.2166667,0.4245953,1684.1000000000004,6766.796699999999,0.0,0.0,30.0649998,60.72833328,377.1666667,0.419268514,1852.51,8969.795900000001,0.0,0.0,26.88999993,59.51000004,382.0666667,0.444310015,1502.83,9282.3,0.0,0.0,25.66333329,59.80333347,386.85,0.454728087,1748.3999999999996,9282.3,0.0,0.0,25.26666663,60.30166658,427.4333333,0.440710232,1865.369999999999,8972.89,0.0,0.0,24.91666635,59.80166683,404.6666667,0.444781014,1690.5300000000025,9282.300000000005,0.0,0.0,25.15499973,60.53166682,390.9166667,0.441730726,1912.98,8972.89,0.0,0.0,24.94333312,59.33666649,378.9666667,0.440575651,1667.41,9282.300000000005,0.0,0.0,25.17999989,59.99833342,372.2333333,0.437973946,1622.3999999999978,8972.89,0.0,0.0,24.91833296,59.80999972,370.95,0.438007592,1464.25,9282.300000000005,0.0,0.0,25.21500009,60.40833327,369.8833333,0.435091871,1774.1200000000026,9282.299999999988,0.0,0.0,25.99500001,60.61999989,381.4,0.426243798,1741.9699999999975,4718.502500000002,0.0,0.0,26.09166663,60.63499972,398.0333333,0.41876387,1567.130000000001,6.188200000004144,0.0,0.0,26.81666625,60.28999971,397.8333333,0.409556943,1741.9700000000012,0.0,0.0,0.0,27.07666664,60.60833346,398.6833333,0.404084374,1298.4400000000023,0.0,0.0,0.0,27.63333362,60.29166641,400.2833333,0.396066158,1247.0,0.0,0.0,0.0,27.77999986,60.38833332,400.2833333,0.39165894,1596.679999999993,0.0,0.0,0.0
28.07166672,60.42000027,398.9166667,0.385614439,1334.42,0.0,0.0,0.0,28.19322036,60.48135602,397.6610169,0.385524346,1761.2599999999998,0.0,0.0,0.0,28.40666647,60.26999976,397.4,0.378089658,1948.9600000000005,0.0,0.0,0.0,28.41833305,60.40666637,395.5333333,0.374871154,1751.0,0.0,0.0,0.0,28.64833336,60.4899999,392.0833333,0.369678945,1693.13,0.0,0.0,0.0,28.58166676,60.39833349,391.15,0.36711087,1799.84,0.0,0.0,0.0,29.14333334,60.72999992,386.2166667,0.362513012,1916.8099999999995,2057.5765,0.0,0.0,29.82833322,61.21333326,378.25,0.356064797,1793.41,6757.514399999999,0.0,0.0,30.72166669,61.56666648,372.5666667,0.34628594,1585.1900000000005,8969.795900000001,0.0,0.0,30.81166649,61.17500006,383.25,0.341183442,1916.8100000000013,9282.3,0.0,0.0,31.15333344,61.29500001,382.7833333,0.335082869,1748.3999999999978,9282.3,0.0,0.0,31.16666692,61.19833349,392.15,0.331034513,2091.650000000001,8972.89,0.0,0.0,31.43333311,61.39333344,386.6833333,0.326133868,2032.5499999999995,9282.300000000005,0.0,0.0,31.51166655,60.45333328,385.0166667,0.322657435,1612.1399999999994,8972.89,0.0,0.0,31.78666665,60.94666665,380.3166667,0.317992296,1622.4000000000017,9282.300000000005,0.0,0.0,31.80833298,60.30333341,384.2833333,0.315637297,1660.9799999999996,9282.300000000005,0.0,0.0,31.96999931,61.07166659,384.5333333,0.311846866,1891.09,8972.89,0.0,0.0,31.89333283,60.67333317,390.2,0.310041365,1887.2599999999984,9282.299999999988,0.0,0.0,31.45166664,61.0350001,396.7,0.308740508,1752.2299999999996,4786.572700000004,0.0,0.0,30.46999979,61.79833374,406.5666667,0.310377795,1765.0900000000038,9.282300000006217,0.0,0.0,30.74499995,60.82833335,409.8833333,0.308942365,1703.3899999999994,0.0,0.0,0.0,30.51333319,61.49166609,416.05,0.309346079,1877.0,0.0,0.0,0.0,30.81166668,60.62666702,416.55,0.307652724,1829.39,0.0,0.0,0.0,30.63833357,60.88000037,412.65,0.308078867,1880.8300000000013,0.0,0.0,0.0
30.80166655,60.41666692,408.7,0.306351866,1590.25,0.0,0.0,0.0,30.67586228,60.74310342,402.9482759,0.308191783,1253.4299999999998,0.0,0.0,0.0,30.6749999,60.58833313,395.6166667,0.305656581,1651.9500000000005,0.0,0.0,0.0,30.56000017,60.52833322,387.1833333,0.306049082,1786.9799999999996,0.0,0.0,0.0,30.62666658,60.65166658,379.6166667,0.304714585,1831.9900000000007,0.0,0.0,0.0,30.50166664,60.66666686,374.1666667,0.304849156,1739.369999999999,0.0,0.0,0.0,30.88333305,60.83166701,366.8833333,0.303828654,1334.42,2088.5175,0.0,0.0,31.53666658,60.75499992,357.9333333,0.301899798,1677.67,6794.643599999999,0.0,0.0,32.39166743,60.69166667,349.9333333,0.297425295,1696.960000000001,8969.7959,0.0,0.0,32.32333317,60.84666678,374.1166667,0.29620294,1852.5099999999984,9282.300000000005,0.0,0.0,32.44333344,61.37333336,398.85,0.294677792,1628.8300000000015,8972.889999999996,0.0,0.0,32.32166659,61.93000011,408.6166667,0.294240436,1673.84,9282.300000000005,0.0,0.0,32.43833319,61.57999999,414.5333333,0.293489075,1577.3899999999994,9282.300000000005,0.0,0.0,32.31833331,61.45833321,418.3333333,0.293388146,1515.6899999999987,8972.89,0.0,0.0,32.44499995,61.7333334,415.0333333,0.292905935,1556.8700000000026,9282.300000000005,0.0,0.0,32.37833341,61.61166662,416.85,0.293354506,1690.5299999999988,8972.89,0.0,0.0,32.57499962,61.97833328,426.4833333,0.292692863,1654.5499999999993,9282.299999999988,0.0,0.0,32.59666608,61.57500006,431.65,0.293298435,1912.98,9282.300000000005,0.0,0.0,32.28666662,60.95,435.75,0.293130221,1466.8500000000022,4687.561500000011,0.0,0.0,31.37499994,60.58166682,518.9666667,0.295485225,1916.8100000000013,3.0940999999875203,0.0,0.0,31.45166642,60.69666704,524.7333333,0.296472082,1861.5400000000009,0.0,0.0,0.0,31.29333309,60.53999952,500.1,0.298703726,1758.6599999999962,0.0,0.0,0.0,31.3316666,60.74499963,485.9833333,0.2989953,1528.550000000003,0.0,0.0,0.0,31.24166689,60.52999973,475.4666667,0.300812012,1447.5599999999977,0.0,0.0,0.0
31.35666622,60.43666662,464.7,0.300453155,1430.87,0.0,0.0,0.0,31.1896554,60.87068985,454.7241379,0.302739316,1385.86,0.0,0.0,0.0,31.34999981,60.43666662,446.4,0.301182082,1603.11,0.0,0.0,0.0,31.17500032,60.84833387,437.7333333,0.302236222,1618.5699999999997,0.0,0.0,0.0,31.3749999,60.50500011,430.3166667,0.301810078,1635.2600000000002,0.0,0.0,0.0,31.17500038,60.89166705,423.8666667,0.302583865,1874.4,0.0,0.0,0.0,31.49833333,61.46166668,413.2833333,0.303368865,1599.2800000000009,2026.6355,0.0,0.0,31.84333324,62.67333298,400.1,0.303694085,1725.2799999999988,6717.2911,0.0,0.0,32.69333267,61.76833331,387.0166667,0.301563366,2027.3500000000004,9279.2059,0.0,0.0,32.62999872,62.53000005,381.8666667,0.30159701,2085.220000000001,8972.89,0.0,0.0,32.83666719,62.53833326,379.75,0.301114794,1884.66,9282.300000000005,0.0,0.0,32.72000033,63.38999996,384.0,0.302000725,1705.989999999998,8972.89,0.0,0.0,32.93333302,63.33666655,385.1333333,0.302225007,1486.140000000003,9282.299999999996,0.0,0.0,32.78333308,63.76499996,385.8833333,0.303413728,1735.5399999999972,9282.300000000005,0.0,0.0,29.71999992,61.29833355,391.95,0.316018581,1780.550000000003,8972.89,0.0,0.0,26.86499993,61.40833359,394.95,0.34560187,1686.699999999997,9282.300000000005,0.0,0.0,25.68666655,61.86666667,391.1833333,0.364520373,1408.9799999999996,8972.89,0.0,0.0,25.72166678,61.81666667,384.4333333,0.370923729,1443.7300000000032,9282.300000000005,0.0,0.0,27.15833324,61.47499994,389.6,0.360617797,1777.949999999997,4870.113400000002,0.0,0.0,27.58499991,61.29833336,403.9666667,0.351478156,1696.9600000000028,0.0,0.0,0.0,28.58333343,61.05333303,401.8333333,0.341609584,1330.5899999999965,0.0,0.0,0.0,29.08833326,60.97500025,401.9833333,0.335789369,1522.1200000000026,0.0,0.0,0.0,29.71833321,61.15500005,405.3333333,0.330731726,1385.8600000000006,0.0,0.0,0.0,29.9633331,60.77833335,407.6,0.327322579,2033.7799999999988,0.0,0.0,0.0
30.33559295,60.72931033,405.1034483,0.323864714,1554.27,0.0,0.0,0.0,30.40169467,61.09661012,403.2542373,0.325651461,1703.39,0.0,0.0,0.0,30.5850001,60.88166663,400.55,0.321311727,1761.2600000000002,0.0,0.0,0.0,30.6000001,60.9216664,397.65,0.320481867,1693.13,0.0,0.0,0.0,30.87666642,60.97833303,395.3666667,0.319192222,1473.2799999999995,0.0,0.0,0.0,30.85999975,60.75666669,393.15,0.318979151,2442.7000000000007,0.0,0.0,0.0,31.31666629,61.25666669,387.3333333,0.318339939,1758.66,2125.6467,0.0,0.0,31.86999982,62.21999969,382.3166667,0.317173656,1259.8599999999988,6522.362800000001,0.0,0.0,32.75666676,61.97166684,378.8166667,0.315110227,1813.9300000000003,9276.1118,0.0,0.0,32.66999938,63.07666651,379.1333333,0.315413011,1784.380000000001,9282.300000000005,0.0,0.0,32.94166635,63.01499996,374.45,0.315289652,1340.8499999999983,8972.89,0.0,0.0,32.82499955,63.89333312,375.3333333,0.316422297,1703.3899999999994,9282.299999999996,0.0,0.0,33.03500042,63.78999977,373.2666667,0.316859655,2010.66,8972.890000000007,0.0,0.0,32.92000065,64.48499959,373.6166667,0.318205367,1247.0,9282.299999999996,0.0,0.0,33.17666626,64.24499931,369.5333333,0.318194154,1722.6800000000003,9282.299999999996,0.0,0.0,33.01833356,64.72499898,369.3166667,0.320010868,1603.1100000000006,8972.89,0.0,0.0,33.31666686,64.15499986,368.9166667,0.32032487,1739.369999999999,9282.300000000005,0.0,0.0,33.17833271,64.62166506,374.1,0.321838798,1968.25,8972.89,0.0,0.0,32.11833312,62.58833307,382.5,0.324339583,1635.260000000002,4969.12460000001,0.0,0.0,27.28999996,59.60833314,397.5166667,0.352857511,1398.7200000000012,3.0940999999875203,0.0,0.0,24.98999996,59.7683335,397.2333333,0.38343887,2008.0599999999977,0.0,0.0,0.0,24.14666653,60.55499992,391.4,0.398095944,1684.0999999999983,0.0,0.0,0.0,23.89833307,59.45833327,387.55,0.404140443,1509.260000000002,0.0,0.0,0.0,23.77833316,60.21666648,385.3666667,0.406461796,1590.25,0.0,0.0,0.0
23.66666654,59.51499996,383.35,0.40848037,1735.54,0.0,0.0,0.0,23.80344809,59.72931033,379.9655172,0.409329175,1603.11,0.0,0.0,0.0,23.56333338,59.05166658,372.2166667,0.4106223,1684.1,0.0,0.0,0.0,23.79833295,59.44333363,367.8166667,0.409512084,1716.25,0.0,0.0,0.0,23.55666685,59.02499975,364.2166667,0.410745656,1635.2600000000002,0.0,0.0,0.0,23.76166655,59.23499978,364.4666667,0.410723227,1709.8199999999997,0.0,0.0,0.0,23.74166651,60.9899999,356.0333333,0.412753018,1641.6900000000005,2060.6706,0.0,0.0,24.41666667,58.94666672,346.7,0.411687659,1826.789999999999,6751.326200000001,0.0,0.0,24.87666645,56.9983331,343.3666667,0.410857799,1453.9899999999998,8969.795900000001,0.0,0.0,25.74499985,61.77166678,349.7118644,0.407044373,1392.2900000000009,9282.3,0.0,0.0,27.08499994,62.07999992,349.0666667,0.395527871,1453.9900000000016,9282.299999999996,0.0,0.0,27.8166666,61.6799998,350.65,0.387935798,1716.25,8972.890000000007,0.0,0.0,28.36999966,62.23833326,350.4833333,0.382452015,1618.5699999999997,9282.299999999996,0.0,0.0,28.49166644,62.28166669,350.2166667,0.382194274,1577.3899999999994,9282.300000000005,0.0,0.0,28.82833312,61.95999972,350.0666667,0.381184799,1716.25,8972.89,0.0,0.0,28.83333311,62.19666659,355.0333333,0.382777225,1810.0999999999983,9282.300000000005,0.0,0.0,29.13999999,62.63499972,355.8333333,0.382485654,1722.6800000000003,8972.89,0.0,0.0,29.1083334,62.9983331,364.1166667,0.384593938,1709.8199999999997,9282.300000000005,0.0,0.0,29.23833345,62.04666646,381.2833333,0.383304297,2020.920000000002,4823.7019,0.0,0.0,27.81166684,58.95666644,509.3,0.389573082,1754.829999999998,0.0,0.0,0.0,26.70000003,60.70166639,507.9166667,0.389561868,1978.510000000002,0.0,0.0,0.0,28.12666664,60.5166666,489.8833333,0.346128941,1489.9700000000012,0.0,0.0,0.0,28.72999996,60.81500028,469.65,0.336383727,1583.8199999999997,0.0,0.0,0.0,28.98999977,60.61833344,450.4833333,0.329554227,1735.5400000000009,0.0,0.0,0.0
29.39166635,60.72666677,438.6666667,0.321603295,1547.84,0.0,0.0,0.0,29.50833311,60.98500023,428.9166667,0.318653939,1590.2500000000002,0.0,0.0,0.0,29.81666638,60.91166662,420.25,0.310904868,1466.8499999999997,0.0,0.0,0.0,29.82499968,60.87333355,413.9,0.30709201,1279.1500000000003,0.0,0.0,0.0,30.11500009,60.88333327,408.5,0.300991439,1677.67,0.0,0.0,0.0,30.18000021,60.61833331,405.35,0.296460867,1916.8099999999995,0.0,0.0,0.0,30.5416666,62.15166658,396.8166667,0.291818149,1906.550000000001,2107.0821,0.0,0.0,30.74333334,65.45833333,386.85,0.287668862,1534.9799999999996,6800.8318,0.0,0.0,31.63666677,65.68499947,377.7333333,0.279078722,1712.42,8969.795900000001,0.0,0.0,29.2983332,62.18166644,408.0666667,0.284439152,1767.6899999999987,9282.3,0.0,0.0,26.07166656,62.49000003,404.7833333,0.311499223,1586.420000000002,8972.89,0.0,0.0,25.49833333,61.81333326,396.6166667,0.321233227,1615.9699999999975,9282.300000000005,0.0,0.0,24.93499972,61.36500015,388.9,0.326997366,1353.7100000000028,9282.299999999996,0.0,0.0,24.67499997,62.1533336,381.1333333,0.330664439,1573.5599999999977,8972.89,0.0,0.0,24.57500029,61.24000003,378.0333333,0.332683012,1878.23,9282.299999999996,0.0,0.0,24.49666665,61.7399999,395.0833333,0.333927797,1880.8300000000013,8972.890000000014,0.0,0.0,24.31016916,62.87966072,386.6271186,0.335732918,705.7900000000009,13304.62999999999,0.0,0.0,24.44500001,62.40833314,389.0666667,0.336596798,126.0,18255.19,0.0,0.0,25.93499985,61.26999989,392.9666667,0.325898366,252.0,9703.097599999994,0.0,0.0,24.94166648,59.16000004,410.1833333,0.325023657,0.0,9.282300000006217,0.0,0.0,23.45666656,58.48833338,410.3333333,0.334208154,126.0,0.0,0.0,0.0,22.76833331,59.11833337,406.95,0.337482727,0.0,0.0,0.0,0.0,22.5899999,59.43333327,400.0166667,0.338290159,119.56999999999972,0.0,0.0,0.0,22.80666653,58.99000003,394.7166667,0.338043446,0.0,0.0,0.0,0.0
22.65499983,59.61499996,389.8333333,0.338548089,126.0,0.0,0.0,0.0,23.04067777,60.12033876,386.2372881,0.338539967,0.0,0.0,0.0,0.0,22.91166665,59.96833305,383.3833333,0.33852566,126.0,0.0,0.0,0.0,23.05833321,60.30666676,379.7666667,0.33844716,0.0,0.0,0.0,0.0,23.03499991,60.95500005,377.6333333,0.338536873,126.0,0.0,0.0,0.0,23.14833317,60.79500008,376.2666667,0.337292083,0.0,0.0,0.0,0.0,23.23999996,61.81000023,371.0,0.337774301,126.0,4229.6347,0.0,0.0,23.55166648,65.15499999,364.9666667,0.338110731,126.0,13341.7592,0.0,0.0,23.98166663,64.64000034,360.5666667,0.337179939,119.57000000000004,18245.9077,0.0,0.0,24.14333334,66.72833335,394.6166667,0.336922011,126.0,17945.78,0.0,0.0,25.79499982,68.92000046,393.2,0.328287009,251.9999999999999,18255.189999999995,0.0,0.0,26.30333331,68.40999959,383.75,0.321457515,252.0,18255.19,0.0,0.0,26.35666656,67.63333333,386.0666667,0.31998844,126.0,18255.19,0.0,0.0,26.54500017,67.57000046,392.5833333,0.316276513,252.0,18255.19,0.0,0.0,26.56833328,67.0549998,391.35,0.315715795,126.0,18255.189999999988,0.0,0.0,26.54500017,66.6,385.9833333,0.315323294,126.0,18255.19,0.0,0.0,26.70666663,66.1733331,385.1833333,0.315435436,245.57,18255.19,0.0,0.0,26.81333335,66.30833384,389.5833333,0.314000013,252.0,18255.19,0.0,0.0,25.44666656,61.17333298,410.5333333,0.318025938,0.0,9761.885500000004,0.0,0.0,23.51500003,60.18833332,431.55,0.33082144,126.0,12.376400000008289,0.0,0.0,23.64166648,59.72833322,434.8333333,0.331651298,0.0,0.0,0.0,0.0,23.56440673,60.06271181,433.6610169,0.332060715,119.57000000000016,0.0,0.0,0.0,23.40833327,60.00166664,429.9,0.332739084,0.0,0.0,0.0,0.0,23.45999988,60.05000032,424.4166667,0.33233537,0.0,0.0,0.0,0.0
23.2166666,59.45333341,417.6666667,0.333636223,0.0,0.0,0.0,0.0,23.43620698,60.11034492,409.0344828,0.333493535,55.27,0.0,0.0,0.0,23.48333333,59.93166682,399.85,0.332974583,0.0,0.0,0.0,0.0,23.41499993,59.91333338,394.4,0.332604512,0.0,0.0,0.0,0.0,23.29166663,59.96833344,388.8666667,0.332750297,0.0,0.0,0.0,0.0,23.44499995,60.71666673,383.9333333,0.33192044,126.0,0.0,0.0,0.0,23.3433334,63.20166664,374.4166667,0.333625012,125.99999999999996,4136.8117,0.0,0.0,23.56500015,67.011667,362.2333333,0.331785871,252.0,13307.7241,0.0,0.0,24.14333315,66.72166672,354.2333333,0.330529869,126.0,18242.8136,0.0,0.0,24.13333314,66.44166654,349.75,0.329576653,119.57000000000004,18255.19,0.0,0.0,23.94333324,67.03000069,347.1666667,0.331326083,126.0,18255.189999999995,0.0,0.0,24.09499982,67.33833364,346.3,0.331135441,125.99999999999989,18255.19,0.0,0.0,23.98833338,67.95000013,344.8,0.332223227,252.0,18255.19,0.0,0.0,24.28499988,68.07333336,340.8166667,0.33113544,126.0,18255.19,0.0,0.0,24.30833337,68.64666659,369.6833333,0.331068156,126.0,18255.189999999988,0.0,0.0,24.37333298,68.50666656,439.65,0.330440155,206.99,18255.19,0.0,0.0,24.51833299,67.28333282,459.5254237,0.329453296,245.57000000000016,18255.19,0.0,0.0,25.55999982,67.45333341,534.55,0.325629225,126.0,18255.19,0.0,0.0,24.85833324,63.24500014,488.75,0.322085509,119.56999999999972,9505.075199999992,0.0,0.0,23.78833338,62.58166663,476.1333333,0.328242152,126.0,6.188200000004144,0.0,0.0,23.54499998,61.34666665,460.2833333,0.329430868,0.0,0.0,0.0,0.0,23.84333312,61.62666645,447.8166667,0.328096365,126.0,0.0,0.0,0.0,23.59833333,60.66166636,439.3666667,0.328701937,0.0,0.0,0.0,0.0,23.73333327,60.74333337,427.8666667,0.32826458,126.0,0.0,0.0,0.0
23.46499987,60.19666665,418.9,0.328679508,0.0,0.0,0.0,0.0,23.77966095,60.6084746,410.5254237,0.328194632,126.0,0.0,0.0,0.0,23.46999985,60.10333322,402.7833333,0.32832065,0.0,0.0,0.0,0.0,23.60833327,60.04166667,396.7833333,0.327490794,0.0,0.0,0.0,0.0,23.43999987,60.36333345,393.9833333,0.327804793,0.0,0.0,0.0,0.0,23.66666657,61.08500004,394.6,0.326862795,126.0,0.0,0.0,0.0,23.50666663,63.4916666,390.2,0.32839915,252.0,4056.3651,0.0,0.0,23.64833307,66.47833328,376.1666667,0.328847722,252.0,13468.617300000002,0.0,0.0,24.0316665,67.35999985,364.0,0.328466435,252.0,17933.403599999998,0.0,0.0,24.16333329,68.2399999,361.1333333,0.328500079,252.0,18255.19,0.0,0.0,24.13499978,68.00666656,353.1833333,0.328544937,126.0,18255.19,0.0,0.0,24.15666656,68.00000025,348.4666667,0.328623439,126.0,18255.19,0.0,0.0,24.30500002,68.38166682,358.9,0.328488864,126.0,18255.189999999988,0.0,0.0,24.2666666,67.825,358.6833333,0.328601008,126.0,18255.19,0.0,0.0,24.15833311,66.90666644,353.6833333,0.329285081,252.0,18255.190000000017,0.0,0.0,24.23333327,66.60833384,351.4,0.329161723,126.0,18255.189999999973,0.0,0.0,24.13499982,65.4733333,348.3833333,0.32950937,126.0,18255.19,0.0,0.0,24.35166674,65.26333307,341.85,0.329139295,252.0,18255.19,0.0,0.0,24.59666659,64.28166656,373.6833333,0.326930078,252.0,9777.356,0.0,0.0,25.83166653,61.64999987,407.75,0.314672867,126.0,24.752800000016578,0.0,0.0,26.49833333,60.83499985,396.7833333,0.306407939,0.0,0.0,0.0,0.0,26.61333338,60.70833321,387.6833333,0.304086582,126.0,0.0,0.0,0.0,27.04666659,60.73666662,379.8666667,0.29786265,0.0,0.0,0.0,0.0,27.01833328,60.88166669,374.6833333,0.296483295,0.0,0.0,0.0,0.0
27.41833305,60.49333344,368.6333333,0.29191908,0.0,0.0,0.0,0.0,27.4912279,61.38947336,367.0877193,0.293436545,126.0,0.0,0.0,0.0,27.74333324,60.55000013,361.7,0.286468936,0.0,0.0,0.0,0.0,27.68000018,60.63666681,358.7833333,0.285986721,126.0,0.0,0.0,0.0,28.01999989,60.79333337,355.8166667,0.281803798,0.0,0.0,0.0,0.0,27.99666637,60.73000011,352.6833333,0.281344011,0.0,0.0,0.0,0.0,28.50333328,62.82666651,340.4,0.279650652,126.0,4019.2359,0.0,0.0,28.55999982,67.77333425,327.8,0.281669227,252.0,13227.2775,0.0,0.0,29.50499976,68.16500015,314.8833333,0.275849011,126.0,18242.8136,0.0,0.0,29.38499947,69.67833316,315.1833333,0.276062078,245.57000000000005,18255.19,0.0,0.0,29.60833327,69.18666712,320.45,0.273651013,125.99999999999989,18255.189999999995,0.0,0.0,26.78166656,63.13333327,331.95,0.294767507,126.0,18255.19,0.0,0.0,24.83499982,62.50499992,327.4166667,0.31489715,252.0,18255.19,0.0,0.0,24.06833328,63.8100001,321.8833333,0.324552657,126.0,18255.19,0.0,0.0,23.89666672,64.53666662,327.1333333,0.329195367,126.0,18255.19,0.0,0.0,23.97166656,64.17833322,334.5,0.331707369,126.0,18255.19,0.0,0.0,23.8266669,63.60833378,340.85,0.334757656,252.00000000000023,18255.19,0.0,0.0,24.12166643,63.52000052,360.35,0.33560994,126.0,18255.19,0.0,0.0,24.14499969,61.188333,381.0333333,0.336170654,252.0,9675.250699999977,0.0,0.0,24.96333329,61.19666646,391.6666667,0.327950583,0.0,0.0,0.0,0.0,26.03000018,60.56000004,387.3666667,0.31865394,126.0,0.0,0.0,0.0,26.40166645,60.46166693,380.0666667,0.313641152,0.0,0.0,0.0,0.0,27.04666678,60.09166673,375.35,0.307473294,126.0,0.0,0.0,0.0,27.13333349,60.10000006,367.9833333,0.30499494,0.0,0.0,0.0,0.0
