내부온도관측치,내부습도관측치,co2관측치,ec관측치,시간당분무량,시간당백색광량,시간당적색광량,시간당청색광량,시간당총광량
25.8250889325,75.6087489725,513.5291667,1.38407214575,119.57000000000012,0.0,0.0,0.0,0.0
26.142758722499998,75.635416415,502.77083335000003,1.3779472615,124.39250000000004,0.0,0.0,0.0,0.0
25.92208304,74.82791675,524.4833333500001,1.39006860475,119.56999999999992,0.0,0.0,0.0,0.0
25.33791613,74.63041579,556.7375,1.3991390934999999,124.39250000000004,0.0,0.0,0.0,0.0
25.4487499275,75.7654168775,518.69166665,1.3990694515,89.6775,0.0,0.0,0.0,0.0
25.92208304,74.82791675,524.4833333500001,1.39006860475,89.6775,0.0,0.0,0.0,0.0
25.37958338,74.322916855,532.058333325,1.3933022355,119.57000000000005,0.0,0.0,0.0,0.0
25.4487499275,75.7654168775,518.69166665,1.3990694515,119.57000000000012,0.0,0.0,0.0,0.0
25.3158334325,75.0437500325,560.8916666499999,1.410666223,126.0,0.0,0.0,0.0,0.0
25.362916639999998,75.3024995825,521.9708333,1.42492200775,119.57000000000005,0.0,0.0,0.0,0.0
25.3583332375,75.72166691,550.8916667,1.428275911,124.39250000000004,0.0,0.0,0.0,0.0
25.35416656,76.2133326825,561.875000025,1.42998223225,94.5,0.0,0.0,0.0,0.0
25.226666557500003,76.6608325325,562.525,1.434748884,119.56999999999998,0.0,0.0,0.0,0.0
25.250416635,77.40541769500001,506.0,1.4300996485,124.3925,0.0,0.0,0.0,0.0
25.30083329,77.9091671275,491.5,1.43808812825,124.3925,0.0,0.0,0.0,0.0
25.258982975000002,78.6099999075,586.1333333,1.4485131545,124.3925,0.0,0.0,0.0,0.0
25.20201263,79.09416644000001,587.57224575,1.438506443,89.6774999999998,0.0,0.0,0.0,0.0
25.2537499075,79.93166704000001,514.879166675,1.4300959795,126.0,0.0,0.0,0.0,0.0
25.207916502499998,80.36583404250001,582.52083335,1.41971500175,126.0,0.0,0.0,0.0,0.0
25.43499992,81.9675000175,570.5583333,1.423274411,126.0,0.0,0.0,0.0,0.0
26.857082837500002,81.67875064500001,504.9416667,1.4309839767499999,119.57000000000046,0.0,0.0,0.0,0.0
26.5941670275,81.725833225,489.112499975,1.445559247,89.6774999999998,0.0,0.0,0.0,0.0
26.13375034,82.6416666675,543.562499975,1.4773994275,113.14,0.0,0.0,0.0,0.0
25.9158330075,83.045416455,528.525000025,1.53669107425,119.57,0.0,0.0,0.0,0.0
26.0062500225,83.1816665325,537.654166675,1.602129192,126.0,0.0,0.0,0.0,0.0
26.28666633,82.526249855,566.62083335,1.3888227347500002,89.6775,0.0,0.0,0.0,0.0
26.8966667475,81.974166775,667.7666667,0.13539988975,126.0,0.0,0.0,0.0,0.0
27.6558329725,82.4483334825,505.8125,0.0,89.6775,0.0,0.0,0.0,0.0
23.21416633129115,45.190000057220445,626.7458333333333,2.9069845865170074,61.69999999999997,0.0,0.0,0.0,0.0
20.849999904632526,40.90131653276905,607.6333333333332,3.018649741709235,61.69999999999997,0.0,0.0,0.0,0.0
19.846208270386924,33.434140956463274,605.1666666666663,3.0774776210387476,61.69999999999997,0.0,0.0,0.0,0.0
22.578749942779524,41.97941425490688,617.6208333333327,3.12146222876816,61.69999999999997,0.0,0.0,0.0,0.0
23.371249914169226,47.313333511352525,629.0791666666663,3.1419868499040575,61.69999999999997,0.0,0.0,0.0,0.0
25.3379160483678,49.58499925931292,627.7458333333329,3.22470967173576,61.69999999999997,0.0,0.0,0.0,0.0
22.740833195050477,46.6737498760223,613.3416666666662,3.293538290262215,61.69999999999997,0.0,0.0,0.0,0.0
25.319166572888623,44.904999812444004,611.4083333333331,3.3176863451798675,61.69999999999997,0.0,0.0,0.0,0.0
24.930000003178876,55.569166453679344,582.95,3.4000604550043674,61.69999999999997,0.0,0.0,0.0,0.0
23.937083323796525,55.886249891916876,580.591666666666,3.441027197241775,61.69999999999997,0.0,0.0,0.0,0.0
26.1658335049947,55.638333336512204,609.8,3.47743615309397,61.69999999999997,0.0,0.0,0.0,0.0
26.427916407585126,52.493332878748504,588.0124999999997,3.549654112259545,61.69999999999997,0.0,0.0,0.0,0.0
24.561666568120298,58.75708319346105,609.091666666666,3.686057059963537,61.69999999999997,0.0,0.0,0.0,0.0
23.6525001128514,59.47916642824805,615.1333333333328,3.8383059918880447,61.69999999999997,0.0,0.0,0.0,0.0
23.63541718324025,63.6662502288818,606.2916666666665,3.9776823103427823,61.69999999999997,0.0,0.0,0.0,0.0
26.384582893053626,67.1312503814697,557.6749999999995,3.97782306273778,61.69999999999997,0.0,0.0,0.0,0.0
26.556250166892976,70.9204160372416,548.283333333333,4.21201773881912,61.69999999999997,0.0,0.0,0.0,0.0
23.795416371027574,76.38104149500427,557.9166666666661,4.54621879657109,61.69999999999997,0.0,0.0,0.0,0.0
24.67624992529545,74.07583268483475,594.0749999999995,4.7087400039037,61.69999999999997,0.0,0.0,0.0,0.0
25.946249834696424,72.2933342933654,528.8583333333327,4.9220046003659546,61.69999999999997,0.0,0.0,0.0,0.0
25.860833271344475,77.0560000165278,520.6916666666663,4.430751381317165,61.69999999999997,0.0,0.0,0.0,0.0
24.831249713897627,78.7254158020019,566.8249999999997,1.8599186798446,61.69999999999997,0.0,0.0,0.0,0.0
25.29791658719375,78.93666645685825,524.8458333333331,0.5292695062606065,61.69999999999997,0.0,0.0,0.0,0.0
26.98249988555905,78.79333407084142,512.8166666666665,0.0,61.69999999999997,0.0,0.0,0.0,0.0
24.80416628519685,77.29833377202351,502.76249999999976,0.0,61.69999999999997,0.0,0.0,0.0,0.0
23.743333347638398,75.95916728973387,590.3791666666665,0.0,61.69999999999997,0.0,0.0,0.0,0.0
25.137083641688,75.95916728973387,590.3791666666665,0.0,61.69999999999997,0.0,0.0,0.0,0.0
25.137083641688,75.95916728973387,590.3791666666665,0.0,61.69999999999997,0.0,0.0,0.0,0.0
14.4391666412353,43.54666709107495,524.1958333333333,1.682352889577545,41.45250000000003,0.0,0.0,0.0,0.0
14.4391666412353,43.54666709107495,524.1958333333333,1.682352889577545,41.45250000000003,0.0,0.0,0.0,0.0
14.45874999761575,43.7304162184397,597.9541666666662,1.6975274814800725,0.0,0.0,0.0,0.0,0.0
14.326730770331125,45.4455880557789,565.89217032967,1.7105845166604974,0.0,0.0,0.0,0.0,0.0
15.131903723563976,44.842708418766605,494.06168831168753,1.75781678879598,0.0,0.0,0.0,0.0,0.0
15.221351325511876,43.51162443374717,423.0328124999995,1.774325725260895,0.0,0.0,0.0,0.0,0.0
14.308062879599051,41.89172315516985,424.3216911764705,1.7474756146019126,0.0,0.0,0.0,0.0,0.0
14.750416707992475,37.72833310763035,498.74347826086955,1.7596060976385974,0.0,0.0,0.0,0.0,0.0
14.7520833690961,39.26250017484023,607.570833333333,1.7772363677620826,0.0,0.0,0.0,0.0,0.0
15.0208333730697,39.12791635195408,570.9208333333328,1.7818730617562877,0.0,0.0,0.0,0.0,0.0
15.170833444595324,41.3262499491373,635.283333333333,1.7915297145644775,26.985000000000014,0.0,0.0,0.0,0.0
16.1566261827841,40.20041658083593,590.2916666666663,1.805310638248915,61.699999999999015,0.0,0.0,0.0,0.0
17.994583304723076,41.3241665522257,628.620833333333,1.8458577210704425,53.6624999999999,0.0,0.0,0.0,0.0
16.394999639193124,45.202500295639,493.0,1.8722697978218374,0.0,0.0,0.0,0.0,0.0
17.65438605316895,47.7495832920074,633.0041666666665,1.8850883846481599,0.0,0.0,0.0,0.0,0.0
21.896666693687422,42.911666568120275,528.7958333333327,1.909359096521035,0.0,0.0,0.0,0.0,0.0
17.66874996821085,47.59541676839188,594.0666666666663,1.9265894884864425,61.69999999999902,0.0,0.0,0.0,0.0
16.14750003814695,54.23343765735457,531.6041666666663,1.994944263001275,126.0,0.0,0.0,0.0,0.0
15.132500167687699,54.8262501239776,405.14166666666625,2.063886411984755,126.0,0.0,0.0,0.0,0.0
14.504999979336976,55.79041687647498,399.32083333333276,2.10334909528494,126.0,0.0,0.0,0.0,0.0
14.586666671435001,58.29854157765895,391.441666666666,2.1342578972379527,124.3924999999993,0.0,0.0,0.0,0.0
14.57630963609325,61.9584168497657,373.4375,2.176165490035525,126.0,0.0,0.0,0.0,0.0
14.085416702429374,62.23267725327227,403.8791666666665,2.218128674725805,126.0,0.0,0.0,0.0,0.0
14.455416727066025,63.3609810426605,421.13749999999976,2.231865476568535,126.0,0.0,0.0,0.0,0.0
14.302112064279326,65.46238921595862,509.63749999999953,2.29359637498855,125.99999999999989,0.0,0.0,0.0,0.0
14.07333333492275,66.4233330726623,425.1374999999995,2.375152995189027,126.0,0.0,0.0,0.0,0.0
14.376250048478425,68.31278104058646,488.7875,2.4161292046308476,126.0,0.0,0.0,0.0,0.0
17.816665967305426,69.55750033060707,444.2969298245607,2.4530852586030902,148.16249999999923,0.0,0.0,0.0,0.0
16.329166618982903,41.28846802140953,560.2156779661012,0.00498095826672695,0.0,0.0,0.0,0.0,0.0
16.630416576067525,50.11172601500205,571.3208333333332,1.513813552260395,0.0,0.0,0.0,0.0,0.0
17.481250095367376,55.2220000219298,532.2499999999995,1.525744305257545,0.0,0.0,0.0,0.0,0.0
17.689999977747576,58.136756245802026,533.4041666666662,1.5337805226940024,0.0,0.0,0.0,0.0,0.0
18.343749721844976,60.70500947403387,509.8083333333327,1.52207849274074,0.0,0.0,0.0,0.0,0.0
19.046249890327424,64.89769574162503,512.5833333333333,1.5097208514431875,0.0,0.0,0.0,0.0,0.0
19.2766662518183,66.2143339899875,513.9166666666661,1.5508066719273625,0.0,0.0,0.0,0.0,0.0
17.880832966168647,65.81404160232228,537.4624999999995,1.5756945795814201,0.0,0.0,0.0,0.0,0.0
17.302916407585098,61.20227806823812,534.4583333333333,1.5937957281867599,0.0,0.0,0.0,0.0,0.0
17.007916696866275,59.4205828023861,516.1291666666665,1.6028149450818676,0.0,0.0,0.0,0.0,0.0
16.644583288828475,57.74779159705307,502.53333333333273,1.60596776475324,0.0,0.0,0.0,0.0,0.0
16.79874971707655,60.48208327293395,511.708333333333,1.624584401668035,0.0,0.0,0.0,0.0,0.0
16.696666534741652,61.07916666666662,534.8291666666665,1.63311392682495,0.0,0.0,0.0,0.0,0.0
16.75833317438755,64.05500008268278,528.2533805031445,1.6491003116068077,0.0,0.0,0.0,0.0,0.0
17.237916596730475,66.92379302551602,504.51249999999976,1.65951066265503,0.0,0.0,0.0,0.0,0.0
17.5470833222071,69.72916676203408,467.491666666666,1.6355301941434475,0.0,0.0,0.0,0.0,0.0
18.397083250681526,71.21291608810422,459.4125,1.631735784312085,0.0,0.0,0.0,0.0,0.0
18.80999983946475,71.33000001907348,445.0541666666663,1.55564774374167,0.0,0.0,0.0,0.0,0.0
19.86249964237205,71.87749958038327,442.87410714285676,1.50765289366245,0.0,0.0,0.0,0.0,0.0
19.446666479110675,73.23874972661335,437.3208333333332,1.4428632448116925,0.0,0.0,0.0,0.0,0.0
18.74166664282475,72.49833310445146,434.770833333333,1.3890223418672825,0.0,0.0,0.0,0.0,0.0
17.852083230018575,72.53499972025551,447.089999999913,1.34026900033156,0.0,0.0,0.0,0.0,0.0
18.864166204134598,73.69500001271561,401.32916666666597,1.2742145672440448,0.0,0.0,0.0,0.0,0.0
17.63875047365815,74.54362028056175,397.002542372881,1.2007159725859224,0.0,0.0,0.0,0.0,0.0
17.031589103553202,74.22375001907342,392.629166667097,1.1492099283422275,0.0,0.0,0.0,0.0,0.0
16.978749918937627,74.7095833142598,397.52499999995274,1.11408584786923,0.0,0.0,0.0,0.0,0.0
17.358332856496148,74.24083280563352,414.64499999998696,1.1087828843314849,0.0,0.0,0.0,0.0,0.0
16.930833292007424,74.52191705383977,420.059583334252,1.1165472251576452,0.0,0.0,0.0,0.0,0.0
22.3105931825,73.75041666,453.91722675,1.9917891349999999,126.0,0.0,0.0,0.0,0.0
22.3105931825,74.6973489575,454.451977375,0.0,126.0,0.0,0.0,0.0,0.0
22.6933259125,73.676885415,455.39583335,1.91653286075,126.0,0.0,0.0,0.0,0.0
22.712989782500003,74.2308333725,453.362500025,1.9258786195000002,126.0,0.0,0.0,0.0,0.0
22.4863158375,71.9462501825,434.62874295,1.936742016,126.0,0.0,0.0,0.0,0.0
22.4938157625,71.3504313225,442.07394065,1.95882099325,126.0,0.0,0.0,0.0,0.0
22.19832653,71.782083355,445.9041667,1.9707433822499998,126.0,0.0,0.0,0.0,0.0
22.24083325,70.6693855825,439.97499999999997,1.9917891349999999,126.0,0.0,0.0,0.0,0.0
22.6400430425,73.58125041,434.9791667,2.00341522925,126.0,0.0,0.0,0.0,0.0
22.41333331,71.00958331749999,440.215466075,2.0114869695,0.0,0.0,0.0,0.0,0.0
22.6604165625,73.58125041,434.9791667,1.41382143,0.0,0.0,0.0,0.0,0.0
22.497083325000002,71.1108328825,421.1083333,1.3963688517500001,0.0,0.0,0.0,0.0,0.0
22.3424999675,74.86625004000001,424.39166665,1.1674003852500001,0.0,0.0,0.0,0.0,0.0
22.977500345,76.4033332225,432.26666665,1.948696434,0.0,0.0,0.0,0.0,0.0
23.008750095,76.77500024999999,451.223663525,0.0,0.0,0.0,0.0,0.0,0.0
22.79666644,76.63208284000001,414.4791667,0.0,0.0,0.0,0.0,0.0,0.0
23.030416719999998,78.44500020000001,410.57083332499997,0.22952276625,0.0,0.0,0.0,0.0,0.0
23.490000379999998,79.60791692500001,446.6541667,0.0,0.0,0.0,0.0,0.0,0.0
23.9445836025,80.637083215,424.91666664999997,0.59471368825,576.75,0.0,0.0,0.0,0.0
24.4154166025,81.184166365,385.0,0.0,0.0,0.0,0.0,0.0,0.0
23.50750003,80.679999795,387.0708333,0.26339601375,0.0,0.0,0.0,0.0,0.0
22.209583272499998,79.4341665675,407.79583335,2.633955383,0.0,0.0,0.0,0.0,0.0
22.221249945,78.433708815,414.074166675,1.7575109125000001,0.0,0.0,0.0,0.0,0.0
22.2325658375,78.7029168425,405.423940675,1.474162839,0.0,0.0,0.0,0.0,0.0
22.217499975,78.14708312249999,398.637500025,0.57062285025,0.0,0.0,0.0,0.0,0.0
22.25624991,77.4845905925,378.84990392500004,0.441964079,0.0,0.0,0.0,0.0,0.0
22.235000015,78.2680700375,387.567099075,2.40143788775,0.0,0.0,0.0,0.0,0.0
22.1979168175,78.5866666825,400.633201075,1.73838933725,0.0,0.0,0.0,0.0,0.0
21.040000145,62.690416652500005,409.345833325,0.38824086125,0.0,0.0,0.0,0.0,0.0
21.0816666075,61.9766664825,412.86666665,0.38576811074999995,0.0,0.0,0.0,0.0,0.0
21.152916865,62.8100000225,384.1833333,0.38068258475,0.0,0.0,0.0,0.0,0.0
21.5591668275,62.16000018,378.479166675,0.37682865325000003,0.0,0.0,0.0,0.0,0.0
22.08208334,62.071666857500006,395.1583333,0.37603304975,0.0,0.0,0.0,0.0,0.0
22.29208302,62.01935344,391.40416665000004,0.3776210815,0.0,0.0,0.0,0.0,0.0
21.7945827225,62.691667065,397.662499975,0.38702835225,0.0,0.0,0.0,0.0,0.0
20.6608335,63.44291673,398.075000025,0.38548805599999997,0.0,0.0,0.0,0.0,0.0
20.725000035,63.505416475000004,438.06666670000004,0.38905238025,0.0,0.0,0.0,0.0,0.0
21.016666660000002,64.56583301500001,407.85833335,0.3829771165,0.0,0.0,0.0,0.0,0.0
21.384166385,65.3633332275,395.31666665,0.378919515,0.0,0.0,0.0,0.0,0.0
21.705416465000003,64.66499959250001,428.912500025,0.37561615075,0.0,0.0,0.0,0.0,0.0
22.8308328575,65.90083303749999,460.28333335,0.3690539725,576.75,0.0,0.0,0.0,0.0
23.27249967,65.67374978,416.162500025,0.35871743224999997,0.0,0.0,0.0,0.0,0.0
23.34999954,65.6885002675,424.525000025,0.35491124350000003,0.0,0.0,0.0,0.0,0.0
22.7883330525,66.1195836725,403.354166675,0.35318636525,0.0,0.0,0.0,0.0,0.0
23.380833315,65.9974998475,392.07083335,0.339629202,0.0,0.0,0.0,0.0,0.0
23.847499735,66.7074997275,388.366666675,0.33179406125,0.0,0.0,0.0,0.0,0.0
24.0275001075,67.18083337499999,415.387500025,0.3253273565,0.0,0.0,0.0,0.0,0.0
23.9750000525,67.33000017750001,399.5625,0.3121457215,0.0,0.0,0.0,0.0,0.0
24.452499815,67.8883332525,384.00416667499996,0.29725511875,0.0,0.0,0.0,0.0,0.0
23.464166562499997,67.569583065,411.645833325,0.29210274950000004,0.0,0.0,0.0,0.0,0.0
24.2799998,67.729583485,400.06666665,0.27456118075,0.0,0.0,0.0,0.0,0.0
24.752082944999998,67.8083331125,411.42916665,0.26148456375,0.0,0.0,0.0,0.0,0.0
25.4525000175,68.380000145,393.412499975,0.23420157325,0.0,0.0,0.0,0.0,0.0
25.9566664975,67.9887496975,464.900000025,0.23873017600000002,0.0,0.0,0.0,0.0,0.0
26.0083333725,68.24666668750001,473.020833325,0.22593361225,0.0,0.0,0.0,0.0,0.0
31.4379164275,92.101666865,528.924999975,0.23171609525,0.0,0.0,0.0,0.0,0.0
23.736666599909377,59.118333419163946,511.77916666666647,1.6106281821223,0.0,0.0,0.0,0.0,0.0
23.577500240007975,57.85541639328,520.9666666666666,1.09165467196169,0.0,0.0,0.0,0.0,0.0
24.297082924842826,49.1150000572204,528.1791666666662,0.4909749466114745,0.0,0.0,0.0,0.0,0.0
24.995833174387574,51.9212500254313,523.9166666666661,0.06847018601004035,0.0,0.0,0.0,0.0,0.0
24.75916648705795,45.95041651725768,458.666666666666,0.0,0.0,0.0,0.0,0.0,0.0
26.804166404406153,46.12916657129922,490.120833333333,0.0,0.0,0.0,0.0,0.0,0.0
27.768749753634125,47.75583335558572,528.929166666666,0.0,0.0,0.0,0.0,0.0,0.0
25.34416638215375,48.1104167938232,498.22083333333296,0.0,0.0,0.0,0.0,0.0,0.0
24.55648285615235,46.032916625340704,527.2208333333332,1.94747804502646,576.7499999999318,0.0,0.0,0.0,0.0
24.606666541099525,49.95083317756645,536.5041666666659,1.9903933301568002,0.0,0.0,0.0,0.0,0.0
24.127916773160226,51.0591665267944,465.39166666666597,2.014164191484445,0.0,0.0,0.0,0.0,0.0
23.847916571299177,55.2766669750213,457.2041666666665,2.0515542407830525,0.0,0.0,0.0,0.0,0.0
25.73124995231625,56.67749983469642,448.96666666666647,2.0841333389282175,0.0,0.0,0.0,0.0,0.0
26.285958302020948,58.53249986966445,465.06666666666626,2.1388228843609425,0.0,0.0,0.0,0.0,0.0
25.912499666213975,60.58124993642165,525.0083333333332,2.1963081846634522,0.0,0.0,0.0,0.0,0.0
24.6279166301091,57.66041663487745,512.0416666666663,2.2690162658691326,0.0,0.0,0.0,0.0,0.0
25.698749709129302,61.14541672070815,495.78333333333325,2.3278024593988977,0.0,0.0,0.0,0.0,0.0
24.069999821980772,59.272083107630394,545.2999999999995,2.3837077716986275,0.0,0.0,0.0,0.0,0.0
25.4345830996831,61.752500247955275,474.0583333333333,2.469107861320175,0.0,0.0,0.0,0.0,0.0
26.127000253995327,62.4841665267944,471.61249999999995,2.59598040382067,0.0,0.0,0.0,0.0,0.0
24.341249394416774,63.37041621208187,497.02083333333326,2.733539171020185,0.0,0.0,0.0,0.0,0.0
21.94291663169855,66.71050660936245,497.320833333333,2.910413355628645,0.0,0.0,0.0,0.0,0.0
20.012500047683673,67.9120829900105,527.5249999999995,3.0015468686819,0.0,0.0,0.0,0.0,0.0
21.382626934778877,67.94458411534625,488.98333333333323,3.1373570074974424,576.7499999999318,0.0,0.0,0.0,0.0
20.384166582425426,72.25958296457922,441.1437499999998,3.3481473803520174,0.0,0.0,0.0,0.0,0.0
17.457916506131426,70.8086133972925,409.9499999999995,3.5110144615173278,0.0,0.0,0.0,0.0,0.0
17.705833212534525,72.52730212035624,415.5291666666665,3.58482483128706,0.0,0.0,0.0,0.0,0.0
17.556250222523925,74.22833293279004,572.9249999999997,3.556451160709055,0.0,0.0,0.0,0.0,0.0
28.019166505,69.70333324750001,466.62083332500004,0.0,61.7,0.0,0.0,0.0,0.0
29.107083742500002,64.9160828225,467.37916667499996,0.0,61.7,0.0,0.0,0.0,0.0
29.120416555,67.60166689750001,455.46250000000003,2.0999890039999998,61.7,0.0,0.0,0.0,0.0
27.914583055,68.5308334975,445.174999975,2.1348985685,61.7,0.0,0.0,0.0,0.0
27.0979165275,70.7554170575,415.183333325,2.157437052,61.7,0.0,0.0,0.0,0.0
29.56999974,69.793333245,423.82916665,2.1582453402499997,61.7,0.0,0.0,0.0,0.0
29.0929168925,67.8339579725,426.466666675,2.20866954525,61.7,0.0,0.0,0.0,0.0
25.864999685,69.4268336275,446.2083333,2.30260968325,61.7,0.0,0.0,0.0,0.0
25.2445831,69.42816965749999,448.108333325,2.361801695,61.7,0.0,0.0,0.0,0.0
24.7904163925,70.406208715,442.09583335,2.42806433825,61.7,0.0,0.0,0.0,0.0
25.07041634,70.62416645500001,436.2833333,2.44021419775,61.7,0.0,0.0,0.0,0.0
24.859166545,70.9179170575,410.1791667,2.4706058455,61.7,0.0,0.0,0.0,0.0
24.628333085,71.40124953750001,397.55416667500003,2.4858229122499997,61.7,0.0,0.0,0.0,0.0
26.345416295,71.0924995425,439.68750002499996,2.541658414,61.69999999999999,0.0,0.0,0.0,0.0
25.567916435,71.052499895,446.341666675,2.60092724675,61.7,0.0,0.0,0.0,0.0
25.9412498925,71.9454165775,436.675,2.65579722325,61.7,0.0,0.0,0.0,0.0
23.563333122499998,72.7022914525,366.6875,2.8271201885,61.7,0.0,0.0,0.0,0.0
23.2066666475,73.9853754275,366.05833335,2.830255248,61.7,0.0,0.0,0.0,0.0
25.83833281,74.7880344425,367.82291665,2.86533071325,61.7,0.0,0.0,0.0,0.0
24.4762499075,74.790011725,374.037500025,2.948439779,61.7,0.0,0.0,0.0,0.0
24.2324999,74.625832335,400.75833332499997,3.036636606,61.7,0.0,0.0,0.0,0.0
26.54250016,75.192582655,440.64583335,3.04126085525,61.7,0.0,0.0,0.0,0.0
26.7816664275,75.43666741,394.3166667,3.14925651775,61.7,0.0,0.0,0.0,0.0
25.717916785,75.4733329775,388.854166675,3.33539657675,61.7,0.0,0.0,0.0,0.0
26.844999445,75.89500106,393.45,3.52568897325,61.7,0.0,0.0,0.0,0.0
27.7674998325,76.09083318500001,367.291666675,3.8124990555,61.7,0.0,0.0,0.0,0.0
27.04624977,75.745833395,371.399999975,4.353549427,61.7,0.0,0.0,0.0,0.0
26.42041651,75.8187493925,413.704166675,4.9090682845,61.7,0.0,0.0,0.0,0.0
21.2126562025,18.41629461,491.100691225,2.2755627075,0.0,0.0,0.0,0.0,0.0
21.39463852,20.61098477,442.865468375,2.284399208,0.0,0.0,0.0,0.0,0.0
21.188740805000002,18.6549020675,447.90833335,2.305960326,0.0,0.0,0.0,0.0,0.0
20.52916655,19.455811415,451.458418375,2.33158538225,0.0,0.0,0.0,0.0,0.0
20.856772565,23.079583235,472.175,2.351450287,0.0,0.0,0.0,0.0,0.0
20.6079165,23.019583259999997,461.99166665,2.36874132075,0.0,1742.7518249999994,0.0,0.0,1742.7518249999994
20.567083269999998,24.705000005000002,479.3458333,2.390215406,0.0,1772.9193000000087,0.0,0.0,1772.9193000000087
20.834999765,27.920416637499997,485.4875,2.40899395275,0.0,1731.9224749999591,0.0,0.0,1731.9224749999591
20.5983331825,32.019583239999996,446.212499975,2.43455637675,0.0,1745.07239999999,0.0,0.0,1745.07239999999
20.58333318,42.31349986,450.18749997500004,2.4525100347500004,388.6725,1775.2398749999993,0.0,0.0,1775.2398749999993
20.8099999475,47.183333205000004,432.99166667500003,2.47737833425,0.0,1724.187224999987,0.0,0.0,1724.187224999987
20.7262498825,49.8645001575,430.783333325,2.51036022575,0.0,1721.8666499999963,0.0,0.0,1721.8666499999963
20.415833295000002,50.05816663,425.4291667,2.556130125,0.0,1740.4312500000092,0.0,0.0,1740.4312500000092
20.074999854999998,52.80333338,405.09583330000004,2.61666232175,0.0,1765.957574999993,0.0,0.0,1765.957574999993
20.062499945,54.63750011,390.62500002499996,2.687521286,0.0,1758.9958500000212,0.0,0.0,1758.9958500000212
20.0658332275,57.39749977,385.04166665,2.7829015225,0.0,1717.2254999999714,0.0,0.0,1717.2254999999714
20.0083332525,61.217500150000006,387.466666675,2.8976372025,0.0,1749.713550000015,0.0,0.0,1749.713550000015
20.067083275,69.289583205,376.07916670000003,3.0400089605000002,0.0,1752.0341250000056,0.0,0.0,1752.0341250000056
19.974999895,70.5648638575,369.1423023,3.21562841175,0.0,1727.2813249999779,0.0,0.0,1727.2813249999779
19.957499865,71.59046939000001,369.495614,2.5157053227499997,0.0,1740.4312500000092,0.0,0.0,1740.4312500000092
19.918749792499998,71.33644694499999,369.53333334999996,0.5772358635,0.0,1740.4312500000092,0.0,0.0,1740.4312500000092
19.78791657,70.29791643749999,366.5791667,0.041657257749999996,0.0,1763.6370000000031,0.0,0.0,1763.6370000000031
19.8116666125,69.35237494,370.958333325,0.042167787750000005,0.0,1768.2781500000274,0.0,0.0,1768.2781500000274
19.853333205,60.20458342,404.74583335,0.043597864,0.0,1772.9193000000087,0.0,0.0,1772.9193000000087
19.952083245,46.03916685,440.479166675,0.04198268325,0.0,1708.7167250000093,0.0,0.0,1708.7167250000093
20.019999885,26.67583329,484.81666665,0.040433183500000004,0.0,1749.713550000015,0.0,0.0,1749.713550000015
18.0999999025,22.9116666525,497.645833325,0.0411676275,0.0,1742.7518249999994,0.0,0.0,1742.7518249999994
15.224583370000001,23.7641666475,508.01250000000005,0.039406155750000005,0.0,1777.56044999999,0.0,0.0,1777.56044999999
16.5275001025,41.957083302499996,427.141666675,1.16863196625,0.0,0.0,0.0,0.0,0.0
16.2708332075,47.5275003425,425.675,1.20540531875,0.0,0.0,0.0,0.0,0.0
16.23232767,41.202916782500004,422.42500002500003,1.19565358875,0.0,0.0,0.0,0.0,0.0
16.24458332,37.195000045,423.56666665,1.20191163625,0.0,0.0,0.0,0.0,0.0
16.0883332975,41.910833345,423.7771552,1.1825509785,0.0,0.0,0.0,0.0,0.0
16.3479166375,50.101327652500004,421.17499999999995,1.14798896675,0.0,0.0,0.0,0.0,0.0
18.3388157475,50.78915234,423.475,1.1508562495,0.0,0.0,0.0,0.0,0.0
19.0080483675,50.706781445000004,425.0583333,1.16703658475,0.0,0.0,0.0,0.0,0.0
18.2429674425,61.392083202500004,419.19166665,1.18739192025,0.0,0.0,0.0,0.0,0.0
18.173275699999998,66.6815001875,405.09583335,1.16891576675,0.0,0.0,0.0,0.0,0.0
18.8256461375,68.4673091825,403.73333335,1.17732059625,0.0,0.0,0.0,0.0,0.0
20.00124991,68.81166664999999,400.462500025,1.19251869325,0.0,0.0,0.0,0.0,0.0
18.0342645725,68.6524165675,392.57916665,1.1879957275,0.0,0.0,0.0,0.0,0.0
18.705273005,69.7375003825,402.04583335,1.20148521825,0.0,0.0,0.0,0.0,0.0
18.6167208725,70.0545829125,389.5291667,1.222689794,0.0,0.0,0.0,0.0,0.0
17.0849999575,72.22083348999999,372.80833335,1.20665455475,0.0,0.0,0.0,0.0,0.0
18.273875205,72.1072910125,365.87916667499996,1.1931112655,0.0,0.0,0.0,0.0,0.0
19.0215372025,73.74700017,359.8666667,0.0,0.0,0.0,0.0,0.0,0.0
20.339583292500002,75.751249685,362.73750002500003,0.0,0.0,0.0,0.0,0.0,0.0
17.9656464325,75.38941668,361.795833325,1.1917805505,0.0,0.0,0.0,0.0,0.0
18.64060977,72.65345845249999,359.475,1.1896396360000001,0.0,0.0,0.0,0.0,0.0
18.29594819,75.72708346249999,360.962499975,0.0,0.0,0.0,0.0,0.0,0.0
21.155000379999997,76.94708322,360.562499975,0.0,0.0,0.0,0.0,0.0,0.0
20.94576756,75.58379138500001,359.891666675,0.0,0.0,0.0,0.0,0.0,0.0
21.04083304,75.7291948875,360.7,0.0,0.0,0.0,0.0,0.0,0.0
18.4080355475,79.282708735,364.35833335,0.0,0.0,0.0,0.0,0.0,0.0
18.99749999,80.09916674,369.4166667,0.0,0.0,0.0,0.0,0.0,0.0
17.915416345,79.0533330575,365.212499975,0.0,0.0,0.0,0.0,0.0,0.0
25.24833322366075,44.56403735314292,392.7916666666665,2.936618690655725,769.0,0.0,5758.703999999998,3634.2800000000016,9392.983999999997
25.36583317120865,47.57512016969885,392.775,2.95932991802692,1099.8024999999998,0.0,5833.169999999993,3681.2749999999255,9514.444999999912
25.538355222501202,52.55666664441422,399.91557017543823,2.98582530900583,945.4824999999997,0.0,5758.703999999998,3634.279999999999,9392.983999999997
25.39166657129915,56.61750000317885,388.67083333333323,2.9650209834178227,1165.0600000000009,0.0,5659.415999999999,3571.6199999999276,9231.035999999931
25.109495580823726,57.106913838143996,391.33036723163775,3.07821447379508,1104.625,0.0,5733.881999999999,3618.614999999999,9352.496999999996
25.568749880790698,56.66449156592955,407.1749999999997,2.6456577708323747,1120.0499999999993,0.0,5758.703999999998,0.0,5833.169999999987
24.989166418711275,56.8954167366027,385.6749999999997,2.6571540911992324,769.0,0.0,5857.991999999998,0.0,5857.991999999998
25.371249953905725,65.83708327611282,368.7402542372875,2.56854085182321,1176.3124999999989,0.0,5758.704000000001,3634.279999999975,9392.983999999975
25.837499908594552,66.23249993324272,360.73283898305027,2.6086546568547226,769.0,0.0,5733.881999999998,3618.6149999999743,9352.49699999997
25.732499798138875,68.15291666984555,388.60416666666623,2.6814990238112903,769.000000000075,0.0,5758.703999999998,3634.279999999999,9392.983999999997
25.36541654632585,69.79843211739747,369.4999999999995,2.7233787069718,769.0,0.0,5758.703999999991,3634.2799999999966,9392.983999999993
25.297916547457348,69.97206941582687,378.6875,2.8953009764353403,769.0,0.0,5758.703999999998,3634.2799999999966,9392.983999999993
25.415086203607977,68.67916644414258,370.6568965517238,2.9368818263212773,1181.1350000000004,0.0,5758.703999999998,3634.279999999999,9392.983999999997
25.66458331743875,68.92833334604897,367.741666666666,2.97536683479944,1145.7699999999982,0.0,5709.059999999999,3587.284999999952,9296.344999999928
25.25124994119,66.96541668574015,365.954166666666,3.0892190535863175,769.0,0.0,5758.703999999998,3634.279999999977,9392.983999999982
25.305416560172976,68.2748375127544,365.7141242937847,3.2186414139250523,769.0,0.0,5758.704000000009,3634.279999999999,9392.984000000019
25.2445833285649,71.02916663487746,366.78333333333273,3.4358827501535396,769.0,0.0,5833.169999999998,3681.2749999999264,9514.444999999925
25.135720187796,71.80208347638442,373.94583333333276,3.6974130580822573,769.0,0.0,5336.729999999992,3367.97499999991,8704.704999999907
25.372083338101675,71.28166680335991,372.358333333333,2.29404275082804,1075.69,0.0,5336.729999999996,3367.9750000000004,8704.704999999998
25.4166665077209,71.54391946721879,367.145833333333,0.010335406055673901,1163.4525000000008,0.0,5833.169999999998,3681.274999999926,9514.444999999912
25.28208328882845,71.36749997138972,363.8041666666665,0.0,1250.2575000000013,0.0,5758.704000000003,3634.279999999999,9392.984000000008
25.414166522026,72.21583350499466,365.929166666666,2.8055160456289623,769.0,0.0,5758.703999999998,3634.279999999999,9392.983999999997
25.047499871253926,74.23833290735877,361.79999999999995,2.814539874155635,769.0,0.0,5758.704,3634.279999999969,9392.983999999971
25.178333266576125,76.67208334604895,370.60416666666623,2.9607670404931925,769.0,0.0,5833.170000000002,3681.2749999999014,9514.44499999989
25.227346426980475,78.14900856785388,372.78749999999997,3.1225499356957624,769.0,0.0,5758.703999999998,3634.2800000000757,9392.984000000075
25.31499997774755,76.38374953269953,370.1249999999998,2.8928462425867627,769.0,0.0,5758.703999999996,3618.6149999999498,9377.318999999912
25.175416572888675,76.0821696347203,370.27083333333303,2.9932690039024474,769.0,0.0,5833.169999999998,3681.2749999999255,9514.444999999925
25.113333249092076,77.06249974568681,372.49109195402275,3.099332135915755,769.0,0.0,5833.169999999998,3681.2749999999282,9514.444999999916
22.47749993,47.193333210000006,417.274999975,0.778635906,0.0,0.0,0.0,0.0,0.0
21.539583195,52.2580262675,413.8083333,0.7971030532500001,0.0,0.0,146.4498,0.0,3499.081425
26.305916664999998,48.967417205000004,371.662500025,0.8136528897499999,0.0,0.0,0.0,0.0,9242.349999999991
26.4358938375,46.380769597500006,375.879166675,0.75630183425,0.0,0.0,0.0,0.0,8510.444999999998
26.2186720025,48.2224063925,401.512499975,0.62146456025,0.0,0.0,0.0,0.0,9242.349999999991
26.152919902500003,47.0686655225,408.550000025,0.44291128474999997,0.0,0.0,0.0,0.0,9242.349999999991
25.847706095,51.83300072,418.004166675,0.28866676375,0.0,0.0,0.0,0.0,9203.187499999993
26.4582817525,51.978400085000004,415.2041667,0.26918410775,0.0,0.0,0.0,0.0,9242.349999999991
26.30425816,56.8389981,425.150000025,0.7906686505,0.0,0.0,0.0,0.0,9242.349999999991
26.406166475,51.9519500675,375.44166670000004,0.8022405337499999,0.0,0.0,0.0,0.0,9242.349999999991
26.471277200000003,55.6398227075,400.43750002499996,0.81371981125,0.0,0.0,0.0,0.0,9085.700000000003
26.419473935,54.905892275,424.49583329999996,0.8222365002500001,0.0,0.0,0.0,0.0,9242.349999999991
26.1773994775,57.29030267,391.37916665,0.8383533910000001,0.0,0.0,0.0,0.0,9085.700000000008
26.3828587825,52.252169720000005,410.220833325,0.8537466422500001,0.0,0.0,0.0,0.0,9242.349999999988
26.31672955,57.8737302225,417.049999975,0.8752603274999999,0.0,0.0,0.0,0.0,9220.847499999993
25.991666567499998,61.6837499975,387.008333325,1.7415954607500002,0.0,0.0,0.0,0.0,9242.349999999991
25.83458324,65.4828745625,376.724999975,1.7601901260000001,0.0,0.0,0.0,0.0,9242.349999999991
26.196249952499997,67.4511670025,371.1125,1.77891371775,0.0,0.0,0.0,0.0,9203.187499999993
26.209583225,69.2365003675,377.099999975,1.81259067675,0.0,0.0,0.0,0.0,0.0
25.962499835,70.20195850249999,374.5166667,1.86534884725,0.0,0.0,0.0,0.0,0.0
25.962499835,70.8904892525,377.862499975,1.9045896522499999,0.0,0.0,0.0,0.0,9085.699999999995
26.1245832175,71.39457176,369.712500025,1.9470074245,0.0,0.0,0.0,0.0,9242.349999999988
25.964999922500002,71.938662635,380.1375,1.9891368865,0.0,0.0,0.0,0.0,9203.187499999993
26.071249985,70.54945541250001,365.36249999999995,2.0474034247499997,0.0,0.0,0.0,0.0,9242.349999999991
26.039583255,70.340181055,362.53333335,1.7008590402500001,0.0,0.0,0.0,0.0,9242.349999999991
25.8045832225,70.70736872250001,357.01207625,0.0,0.0,0.0,0.0,0.0,9203.187499999993
25.427708215,68.657732025,363.412061425,0.0,0.0,0.0,0.0,0.0,9203.187499999993
25.3507979275,71.443911375,369.12528737499997,2.5920480670000003,0.0,0.0,0.0,0.0,9203.187499999993
24.959767980000002,49.17204651,415.67318182500003,2.483833249,547.815,0.0,7901.669999999995,0.0,7901.669999999995
24.9221874075,38.7423592975,406.3850867,2.4058674289999997,306.69000000000005,0.0,7074.2699999999995,0.0,7074.2699999999995
24.551967015,32.4227275775,437.066419875,2.5021760635,762.5699999999997,0.0,7363.859999999999,0.0,7363.859999999999
24.732083227500002,32.46436263,425.808557475,2.55018362075,735.2425000000001,0.0,7363.860000000004,0.0,7363.860000000004
24.852678417499998,41.8115545875,423.802083325,2.581299547,0.0,0.0,2399.46,0.0,2399.46
24.697613165,50.516249897499996,422.104166675,2.6484219075000004,330.8025,0.0,124.10999999999999,0.0,124.10999999999999
25.7608331825,47.7254167575,404.812500025,2.61666278125,0.0,0.0,0.0,0.0,0.0
25.66541653,48.106779715,397.96063219999996,2.64219283975,769.0,0.0,9432.359999999997,0.0,9432.359999999997
25.63666654,55.213333324999994,391.94583335000004,2.63664554625,769.0,0.0,9432.36,0.0,9432.36
25.722916615000003,63.73611138,387.439428325,2.787958534,1090.1574999999998,0.0,9597.839999999997,0.0,9597.839999999997
25.7248705825,66.202071425,367.45775865,2.7392983605000003,759.355,0.0,8894.549999999996,0.0,8894.549999999996
25.7175634625,56.357958457500004,373.712500025,2.9199862625,764.1774999999998,0.0,9556.470000000001,0.0,9556.470000000001
25.6658332025,53.049583510000005,368.0229167,2.52874231025,769.0,0.0,9556.469999999998,0.0,9556.469999999998
25.711052155,64.0979167,373.55833335,2.52801715075,767.3925,0.0,9432.360000000011,0.0,9432.360000000011
26.6229165,69.30749986999999,359.900000025,2.50206453325,1116.8349999999991,0.0,9432.359999999997,0.0,9432.359999999997
29.051171992500002,67.7345832975,358.4091102,2.836651959,1143.2050000000004,0.0,9556.469999999998,0.0,9556.469999999998
27.3479165025,71.3357171925,370.95732755,3.378793504,1003.3525000000009,0.0,9432.36,0.0,9432.36
26.14541654,72.2474997225,374.83665257499996,3.6622151667500003,767.3924999999999,0.0,9597.839999999997,0.0,9597.839999999997
25.837291525,73.91705364,379.84285715,3.99629216025,769.0,0.0,9597.839999999997,0.0,9597.839999999997
25.922083190000002,72.301250105,377.4833333,4.06975064675,768.9999999999998,0.0,9432.36,0.0,9432.36
25.65879947,71.737727145,380.1267857,0.07695734174999999,685.4100000000002,0.0,0.0,0.0,7779.029999999995
25.5304165375,73.5516667975,391.05,0.0,950.3050000000001,0.0,0.0,9046.537499999993,9046.537499999993
25.33499991,73.442916215,382.391666675,0.0,1247.0425000000005,0.0,0.0,9085.699999999993,9085.699999999993
25.480416575,69.84666652749999,387.137500025,0.0,769.0,0.0,0.0,9046.537499999988,9046.537499999988
25.0812499,75.0381547075,408.912499975,2.12837604075,769.0,0.0,0.0,8224.125000000007,8224.125000000007
25.55124035,65.0220832,368.708404,0.67233399125,769.0,0.0,0.0,0.0,0.0
25.480416575,69.84666652749999,387.137500025,3.00702378875,769.0,0.0,0.0,0.0,0.0
25.55124035,65.0220832,368.708404,0.67233399125,769.0,0.0,0.0,9046.537499999988,9046.537499999988
24.7527768,51.8413597875,409.3543447,2.64732120375,720.7750000000011,0.0,0.0,0.0,7712.969999999996
24.67579293,39.29421457,418.83045215,2.61735372675,523.7025,0.0,0.0,0.0,7024.477500000001
24.1913891325,33.7508584025,433.05934874999997,2.65873912825,756.14,0.0,0.0,0.0,7459.679999999997
24.3183333175,39.027386359999994,431.63644769999996,2.69468342675,696.6625,0.0,0.0,0.0,7262.315000000006
24.840988295,44.957353105,421.66170055,2.72275281975,0.0,0.0,0.0,0.0,5657.059999999998
24.688571475,34.1064160425,417.37916667499996,2.81498979175,0.0,0.0,0.0,0.0,0.0
25.10666672,31.164188609999997,425.825431,2.8252263180000003,0.0,0.0,0.0,0.0,0.0
25.434999849999997,33.2066666975,426.126906775,2.847896533,769.0000000000001,0.0,0.0,0.0,9085.700000000012
25.644166532499998,34.522083467499996,422.679166675,2.9154718435,769.0,0.0,0.0,0.0,9085.700000000008
25.793749822499997,44.9476905175,423.022669525,2.9975310645,769.0,0.0,0.0,0.0,9242.349999999977
25.782499955000002,50.617083425,404.25416665,3.01036263325,765.7850000000003,0.0,0.0,0.0,9046.537499999993
25.709583235,59.269166642500004,391.60833329999997,3.13120994425,767.3925000000004,0.0,0.0,0.0,9085.700000000012
25.709583265,60.640395407499994,380.9083333,2.80060811975,725.5975000000001,0.0,0.0,0.0,9203.187499999985
25.7637498925,64.9145833675,386.9416667,2.8388982592499996,769.0,0.0,0.0,0.0,9203.187499999985
26.5941665675,71.4891670425,365.6165254,2.79148765275,769.0,0.0,0.0,0.0,9242.349999999977
29.2875070025,73.3583337175,367.29525865,2.96076346675,1066.045,0.0,0.0,0.0,9242.349999999977
27.3758333375,74.4466671025,371.8916667,3.32050106525,767.3924999999999,0.0,0.0,0.0,9242.349999999977
26.2694165475,73.29312546,371.37083332500004,3.487953187,769.0,0.0,0.0,0.0,9085.700000000012
25.772356277500002,73.2684534075,374.271398275,3.77769448025,769.0000000000007,0.0,0.0,0.0,9203.187499999985
25.437499915,72.50011308250001,373.44166667499996,3.94312053,1203.6400000000008,0.0,0.0,0.0,9203.187499999985
25.34666652,73.7162495625,372.291666675,4.19223010175,711.1299999999987,0.0,0.0,0.0,8733.237499999996
25.591249975,69.3273703525,371.795833325,4.602739438,769.0,0.0,0.0,0.0,9132.05749999998
25.505416505,68.7370835775,368.145833325,0.3307131515,767.3924999999999,0.0,0.0,0.0,9242.349999999977
25.463333329999998,67.029406655,376.154166675,0.0,1066.0449999999996,0.0,0.0,0.0,9085.700000000012
25.1391665275,71.315127555,376.51249997499997,3.36391867675,1066.0450000000003,0.0,0.0,0.0,8772.400000000005
25.413333145,71.887500195,378.3958333,3.416091988,1205.2475,0.0,0.0,0.0,8929.05000000001
25.4683332225,72.68666668,373.695833325,0.07294565775,769.0,0.0,0.0,0.0,9085.700000000012
25.4655261875,69.6491667925,367.66016947500003,0.0,748.1025,0.0,0.0,0.0,9085.700000000012
26.6168107468577,53.0531671079457,410.829166666666,0.3983535585925585,304.7400000000748,0.0,5758.704000000004,3634.2799999999743,9514.444999999912
26.5580939915836,52.65695846557303,406.929166666666,0.40262702847751053,304.7400000000748,0.0,5758.704000000004,3634.2799999999743,9514.444999999912
26.458283803940624,47.92041661739348,413.76666666666625,0.4102301950134878,438.47000000000077,0.0,5584.949999999997,3524.624999999968,9109.57499999997
26.32791656653085,49.42869352809447,448.3041666666662,0.42192605696618524,306.69000000000005,0.0,5733.882,3618.614999999977,9352.496999999974
26.249999880790625,55.33166677157078,449.125,0.43446002155542324,353.2724999999996,0.0,5758.704000000001,3634.2800000000752,9392.984000000066
26.270833182334826,56.375593274326604,451.94533898305025,0.4391958163093538,371.29750000000035,0.0,5733.881999999998,3618.6149999999743,9352.496999999974
26.355416520436577,53.35516924938908,456.0385593220333,0.43757398823897,290.2725,0.0,5733.882000000001,3618.614999999999,9352.496999999998
26.344166612625074,56.87291658719377,471.9874999999997,0.4580256449679525,415.00749999992513,0.0,5758.704,3634.2800000000047,9392.984
26.384999879201224,53.23791664441423,411.94166666666626,0.571621593336264,405.05500000007123,0.0,5758.704000000003,3634.2800000000725,9392.984000000075
26.367083342870053,59.66499985059097,438.97916666666623,0.5775005910987563,360.3525,0.0,5758.703999999996,3634.279999999969,9392.983999999966
26.6504166444142,65.74041700363158,462.41249999999974,0.5796579738457998,405.05499999999756,0.0,5758.704,3634.2799999999966,9392.983999999995
26.427916653950923,56.74373789330262,429.58333333333326,0.590164886166652,400.8824999999998,0.0,5758.704,3634.2799999999997,9392.984
26.092499860127727,52.0104583009146,451.6749999999997,0.5937348581850526,443.2925000000005,0.0,5758.703999999998,3634.279999999999,9392.983999999997
26.256249912579825,56.058333285649574,460.7625,0.6127122911314162,0.0,0.0,5758.703999999998,3634.280000000078,9503.580499999978
26.1976292322421,56.1254167715708,419.84999999999974,1.151816780865185,0.0,0.0,5758.704000000011,3634.2800000000725,9392.984000000082
26.08999993006385,64.67291728801392,412.30833333333277,1.1565111582477825,0.0,0.0,5758.703999999998,3634.2799999999006,9392.983999999899
26.450833257039324,70.2044254537196,405.0541666666663,1.167561552921925,0.0,0.0,5758.703999999998,3634.279999999975,9392.983999999975
26.4724998950958,72.86258454993944,410.63333333333327,1.175273066759105,0.0,0.0,0.0,0.0,0.0
26.4724998950958,72.99250003498157,424.92499999999995,1.195321644202795,0.0,0.0,0.0,0.0,0.0
26.2970831950505,74.485958395,425.504583333335,1.2212611739834076,89.6774999999998,0.0,5758.703999999998,3634.279999999999,9392.983999999997
26.440833226839626,76.30170835811485,390.32916666666625,1.2181753064195275,277.10499999999973,0.0,5758.704,3634.2800000000757,9392.984000000084
26.2987498521804,76.54750067392982,422.06249999999955,1.216560547550515,217.62749999999977,0.0,5833.169999999993,3681.2749999999282,9514.444999999916
26.38791654904675,77.817499701182,368.802542372881,1.235831562678015,261.03000000000003,0.0,5733.882,3618.614999999926,9352.496999999927
26.369166572888652,78.10374997456863,383.7374999999995,1.2577824150522523,119.57000000000001,0.0,5758.703999999998,3634.2799999999743,9392.983999999971
26.2229165474573,77.11708319981885,374.6499999999995,1.277306410670275,243.3475000000003,0.0,5758.703999999998,3634.279999999999,9392.983999999997
25.684583282470676,77.4583333969116,370.666666666666,1.3140275523066425,235.31000000000006,0.0,5758.703999999996,3634.279999999903,9392.983999999897
25.1441666603088,78.19958333969112,382.070833333333,1.99893348141266,201.55249999999978,0.0,5758.704000000011,3634.2800000000752,9392.984000000084
25.1441666603088,78.19958333969112,382.070833333333,1.99893348141266,201.55249999999978,0.0,5758.704000000011,3634.2800000000752,9392.984000000084
18.092499891916873,39.222916587193794,435.1038135593215,0.0,248.82000000000153,0.0,0.0,0.0,0.0
25.572499910990373,55.38249996503187,428.0125,1.8216571905783174,0.0,0.0,9763.319999999978,0.0,9763.319999999978
25.5783332506815,48.14875001907345,428.0749999999997,1.8208146954576125,366.4749999999999,0.0,9763.319999999992,0.0,9763.319999999992
25.9599998474121,53.511666345596275,411.9625,1.858368154366805,420.1724999999993,0.0,9763.319999999978,0.0,9763.319999999978
25.73374996185295,51.249583419164,408.9791666666665,1.9424198622504825,351.6649999999927,0.0,9763.319999999978,0.0,9763.319999999978
25.1370832999547,58.10724983374232,448.52499999999975,2.0236838440100327,403.75499999999244,0.0,9763.319999999978,0.0,9763.319999999978
25.300000047683675,61.43958330154415,448.920833333333,2.0998079270124377,374.8199999999996,0.0,9763.319999999989,0.0,9763.319999999989
25.5974999268849,64.2624166027565,440.90833333333296,2.1500815411408727,380.6000000000003,0.0,9763.319999999989,0.0,9763.319999999989
25.676666597525198,61.52121216276602,397.4249999999995,2.2078766932090077,299.267499999999,0.0,9763.319999999989,0.0,9763.319999999989
23.480416683355948,61.78208362261452,408.091666666666,2.3104832778374327,408.9200000000001,0.0,3599.190000000001,0.0,3599.190000000001
25.851458263392303,64.26734058290015,383.81249999999955,2.148164509733515,391.8524999999925,0.0,9763.319999999989,0.0,9763.319999999989
25.5524998903274,68.39525532991408,371.9,2.196604802211125,402.4899999999999,0.0,9763.319999999989,0.0,9763.319999999989
25.699583247505675,70.32033277827622,380.66249999999945,2.259527420997615,314.0774999999999,0.0,9763.319999999989,0.0,9763.319999999989
25.458841605351324,70.60290150539424,371.3216666666475,2.2259711682796475,376.77,0.0,9763.319999999989,0.0,9763.319999999989
25.478750022252374,68.17173352880675,366.7916666666665,2.280966221292805,323.07249999999885,0.0,9763.319999999989,0.0,9763.319999999989
25.7970832506815,67.85661053723827,375.108764367924,2.3280294398466674,372.90500000002527,0.0,9763.319999999989,0.0,9763.319999999989
25.392916552225675,66.40382943806988,370.76491817611327,2.48232857386271,388.0225000000001,0.0,9763.319999999989,0.0,9763.319999999989
25.607499945146248,66.45811949022296,366.0280813949527,2.6276661912600123,358.4375000000001,0.0,8687.699999999983,0.0,9705.924999999981
25.57516663790055,75.99188276611305,372.09861111103277,2.7785749495029375,405.0549999999989,0.0,0.0,9242.349999999991,9242.349999999991
25.53333330949145,74.61612492570032,366.741984463368,0.9864115535943372,437.5125,0.0,0.0,9242.349999999991,9242.349999999991
25.76312498964295,74.28054673975478,376.002083333302,0.3725803737839057,341.4049999999998,0.0,0.0,9242.349999999977,9242.349999999977
25.557916633288052,75.69229330517707,388.80208333320127,2.4397020936012224,399.27500000000003,0.0,0.0,9242.349999999988,9242.349999999988
25.335416618982897,77.78625033696487,407.94216101681025,2.469750723242635,346.22749999999996,0.0,0.0,9242.349999999988,9242.349999999988
25.25083328882845,78.85916652679438,421.04583333333323,2.295113645990688,379.33499999999276,0.0,0.0,9242.349999999977,9242.349999999977
25.212916533152175,78.007916577657,382.8124999999995,2.39408705135186,370.3399999999997,0.0,0.0,9242.349999999988,9242.349999999988
25.364999882380125,78.05250029563902,376.35,2.3235801408688173,384.80749999999756,0.0,0.0,9242.349999999991,9242.349999999991
25.2662499586741,79.47624998092648,394.8666666666665,2.37181113362312,338.1900000000005,0.0,0.0,9242.349999999977,9242.349999999977
25.204583199818927,76.81125003496797,372.5499999999995,2.5520904372135726,357.48000000000036,0.0,0.0,9242.349999999988,9242.349999999988
28.26999995,58.192083485,522.1416667,0.0,0.0,0.0,0.0,0.0,0.0
29.20166639,58.4408334125,515.3625,0.0,0.0,0.0,0.0,0.0,0.0
29.1241670175,58.21666673,543.1958333,0.0,0.0,0.0,0.0,0.0,0.0
28.560416895,59.0979164575,545.0124999750001,0.0,0.0,0.0,0.0,0.0,0.0
27.32624993,58.7641667375,566.575,0.0,0.0,0.0,0.0,0.0,0.0
28.652648487500002,58.873750099999995,539.37395835,0.0,0.0,0.0,0.0,0.0,0.0
28.8274997875,58.5691669475,550.7083333,0.0,0.0,0.0,0.0,0.0,0.0
29.177499804999997,58.1804166275,529.0208333,0.0,0.0,0.0,0.0,0.0,0.0
29.4870833225,59.0620831675,527.5333333,0.0,0.0,0.0,0.0,0.0,0.0
29.5094077675,59.318333385,544.499999975,0.0,0.0,0.0,0.0,0.0,0.0
27.692499885,59.077916575,552.5541666500001,0.0,0.0,0.0,0.0,0.0,0.0
27.06999987,58.7116665075,548.04583335,0.0,0.0,0.0,0.0,0.0,0.0
22.895833175,57.5008332525,417.449999975,0.0,0.0,0.0,0.0,0.0,0.0
23.35750011,58.73458335,448.608333325,0.0,0.0,0.0,0.0,0.0,0.0
28.2829162475,60.3420833125,458.475,0.0,0.0,0.0,0.0,0.0,0.0
23.264999922500003,58.67374989,438.5791667,0.0,0.0,0.0,0.0,0.0,0.0
26.833333165,59.152499962499995,453.96666665,0.0,1333.4625000000005,0.0,0.0,0.0,0.0
26.1216666475,58.2883332075,460.69583335,0.0,1456.2474999999995,0.0,0.0,0.0,0.0
28.66208324,61.2897412825,465.4291667,0.0,1525.6775000000014,0.0,0.0,0.0,0.0
30.315833225,62.0683334675,466.2416667,0.0,1632.0449999999992,0.0,0.0,0.0,0.0
28.445416509999998,60.9141667525,465.474999975,0.0,1515.6900000000019,0.0,0.0,0.0,0.0
30.1057204775,60.7550847575,452.56666665,0.0,1555.8774999999996,0.0,0.0,0.0,0.0
23.185416635,60.6662500025,435.2291667,0.0,1494.1775000000002,0.0,0.0,0.0,0.0
25.0383334825,60.440000055,466.12083335,0.0,126.0,0.0,0.0,0.0,0.0
22.875360035,60.9987500175,462.2208333,0.0,0.0,0.0,0.0,0.0,0.0
22.930416625,61.658749977499994,438.8958333,0.0,0.0,0.0,0.0,0.0,0.0
23.202033862500002,61.0145835375,438.30833335,0.0,0.0,0.0,0.0,0.0,0.0
25.011666712500002,60.785416585,414.65833330000004,0.0,0.0,0.0,0.0,0.0,0.0
25.52999983,52.98999996,530.0041667,0.0,0.0,0.0,0.0,0.0,0.0
24.61918095,53.9712500275,491.045833325,0.0,0.0,0.0,0.0,0.0,0.0
30.6287498075,52.1133331625,501.454166675,0.0,0.0,0.0,0.0,0.0,0.0
25.2052154125,55.6887499925,504.5041667,0.0,0.0,0.0,0.0,0.0,0.0
24.61918095,56.6404166825,478.137500025,0.0,89.67749999999995,0.0,0.0,0.0,0.0
24.887499814999998,56.5866666625,524.64583335,0.0,0.0,0.0,0.0,0.0,0.0
24.2608334575,56.9041666825,462.087499975,0.0,0.0,0.0,0.0,0.0,0.0
24.367860042500002,56.27291654,482.587500025,0.0,0.0,0.0,0.0,0.0,0.0
24.5974363075,56.705416712499996,468.44166667499996,0.0,119.57000000000002,0.0,0.0,0.0,0.0
24.21176724,56.32375008,469.1083333,0.0,89.6774999999998,0.0,0.0,0.0,0.0
24.0379739125,56.2916665875,573.2583333,0.0,89.6775,0.0,0.0,0.0,0.0
24.8216661875,56.28749997,542.937500025,0.0,0.0,0.0,0.0,0.0,0.0
24.36334753,56.302083395000004,517.3874999750001,0.0,0.0,0.0,0.0,0.0,0.0
24.241594755,56.337916772499995,443.216666675,0.0,0.0,0.0,0.0,0.0,0.0
24.1863769225,55.80791682,477.212499975,0.0,0.0,0.0,0.0,0.0,0.0
27.7899998375,56.51749997,558.09583335,0.0,0.0,0.0,0.0,0.0,0.0
29.264582835,56.09833347,546.770833325,0.0,0.0,0.0,0.0,0.0,0.0
27.0245832525,56.345932160000004,515.733333325,0.0,0.0,0.0,0.0,0.0,0.0
23.761859797499998,56.5908334275,538.249999975,0.0,89.6775,0.0,0.0,0.0,0.0
28.319166565,56.6870835125,500.895833325,0.0,126.0,0.0,0.0,0.0,0.0
28.3104165075,57.2296962525,500.895833325,0.0,126.0,0.0,0.0,0.0,0.0
25.389583197500002,56.712499969999996,531.237499975,0.0,0.0,0.0,0.0,0.0,0.0
23.5758335775,57.192083405,495.7583333,0.0,0.0,0.0,0.0,0.0,0.0
23.376249592500002,57.075833270000004,517.34583335,0.0,0.0,0.0,0.0,0.0,0.0
22.96499984,57.4991666925,509.0666667,0.0,0.0,0.0,0.0,0.0,0.0
22.775833045,57.9379165025,506.391666675,0.0,119.56999999999992,0.0,0.0,0.0,0.0
23.05833318,57.844583317499996,478.10833335,0.0,0.0,0.0,0.0,0.0,0.0
22.7408333875,58.8095834125,453.312499975,0.0,0.0,0.0,0.0,0.0,0.0
27.7474999425,58.3383333525,443.6208333,0.58457830825,0.0,0.0,0.0,0.0,0.0
28.842082775,58.55125006,437.920833325,0.50984910275,0.0,0.0,0.0,0.0,0.0
28.8824996075,58.4420833875,466.70416665,0.46929824750000004,0.0,0.0,0.0,0.0,0.0
28.7033335725,59.5333331725,468.122033925,0.4490872955,0.0,0.0,0.0,0.0,0.0
26.8924999125,59.91500001,492.5541667,0.452866514,0.0,0.0,0.0,0.0,0.0
28.760409545,58.67999997,463.88749997499997,0.42895765750000003,0.0,0.0,0.0,0.0,0.0
28.94791647,58.7270834,473.75416667499996,0.41899095975,0.0,0.0,0.0,0.0,0.0
29.09625002,58.307916447500006,448.78333335,0.40327133725,0.0,0.0,0.0,0.0,0.0
29.704999892500002,58.819583335000004,447.170833325,0.39095524275,0.0,0.0,0.0,0.0,0.0
29.8779162475,59.2862501625,465.29583335,0.39012538575,0.0,0.0,0.0,0.0,0.0
28.0374999425,58.71125002,471.474999975,0.39299663125,0.0,0.0,0.0,0.0,0.0
25.963750085,58.6145833325,465.72499999999997,0.3943671915,0.0,0.0,0.0,0.0,0.0
23.040381215,55.3087502,350.5916667,0.45181237075,0.0,0.0,0.0,0.0,0.0
23.5116100275,59.5020832525,370.845833325,0.44619962125,0.0,0.0,0.0,0.0,0.0
28.3562496825,60.094166709999996,379.5541667,0.39161688549999996,0.0,0.0,0.0,0.0,0.0
23.228333255,59.764583457499995,369.74166664999996,0.45519628175,0.0,0.0,0.0,0.0,0.0
25.6570831775,60.044999929999996,376.4902778,0.42584008425,1384.2525000000005,0.0,0.0,0.0,0.0
25.253749995,60.059583294999996,380.791666675,0.42326360350000003,1493.185,0.0,0.0,0.0,0.0
29.019583345,60.474350335,384.4708333,0.3102936875,1700.8249999999996,0.0,0.0,0.0,0.0
30.862916425,60.6358332175,385.29166665,0.29346384275,1549.7900000000027,0.0,0.0,0.0,0.0
28.962083302499998,60.88642275,386.73333334999995,0.30195306325000004,1475.537500000003,0.0,0.0,0.0,0.0
30.38516924,60.7498276,374.3625,0.3179390295,1543.0175000000004,0.0,0.0,0.0,0.0
23.802169305,59.3912501675,350.41666665,0.38247724425,1598.2875,0.0,0.0,0.0,0.0
24.48374999,60.699583405,389.025000025,0.30556686725000004,220.5,0.0,0.0,0.0,0.0
23.217083262499997,60.1059320225,382.47916665,0.3194978145,0.0,0.0,0.0,0.0,0.0
23.473749985,60.702916637499996,360.2333333,0.32924863525,41.4525,0.0,0.0,0.0,0.0
23.662083195,60.729583267500004,357.4333333,0.32691325725,0.0,0.0,0.0,0.0,0.0
24.6624997875,60.6175001175,327.704166675,0.28177015525,0.0,0.0,0.0,0.0,0.0
22.599167082500003,51.7770834475,524.3166667,2.38660973425,126.0,0.0,0.0,0.0,0.0
22.988333765,57.063333385,590.67083335,2.38296143775,126.0,0.0,0.0,0.0,0.0
22.879166275,60.99520846,576.56666665,2.4022015365,126.0,0.0,0.0,0.0,0.0
23.524582955,60.2300002425,522.2124999749999,2.4049431539999997,126.0,0.0,0.0,0.0,0.0
24.039583515,60.7495833425,506.72916669999995,2.4097317030000003,126.0,0.0,0.0,0.0,0.0
24.07000027,60.230833239999995,539.3583333,2.4338417075,220.5,0.0,0.0,0.0,0.0
23.86208281,58.557916625000004,521.3000000000001,2.450078056,220.5,0.0,0.0,0.0,0.0
23.450833145,61.8116668725,524.454166675,2.482369368,126.0,0.0,0.0,0.0,0.0
22.585833665,66.5580414625,521.4541666499999,2.5055696660000004,126.0,0.0,0.0,0.0,0.0
22.3149995425,68.9488793125,568.1541666999999,2.52767953275,220.5,0.0,0.0,0.0,0.0
22.740416155,72.03874125,516.4250000249999,2.5194657905,220.5,0.0,0.0,0.0,0.0
23.1033334175,73.5033916725,502.00000002499996,2.5273410595000003,126.0,0.0,0.0,0.0,0.0
23.2088985525,73.752269875,523.10833335,2.526093778,220.5,0.0,0.0,0.0,0.0
23.07208361,73.12750003,523.5500000249999,2.52972103775,126.0,0.0,0.0,0.0,0.0
23.617916637500002,74.6850004825,501.993749975,2.54314015575,126.0,0.0,0.0,0.0,0.0
23.8479160875,77.2024998375,506.87083335,2.5153836375,126.0,0.0,0.0,0.0,0.0
23.566250250000003,79.032500015,404.208333325,2.4814479670000003,220.5,0.0,0.0,0.0,0.0
24.1716663675,79.83208329,391.97083335,2.428285877,220.5,0.0,0.0,0.0,0.0
24.932499982499998,80.585833105,370.87916667499996,2.3848120602500003,126.0,0.0,0.0,0.0,0.0
24.967083135,80.67902537750001,438.431144075,2.3728398685,126.0,0.0,0.0,0.0,0.0
25.1874998125,81.3925000525,375.94791664999997,2.3642811902500003,126.0,0.0,0.0,0.0,0.0
25.287500005,81.187499555,403.929166675,2.2721042635,220.5,0.0,0.0,0.0,0.0
24.5279166125,81.9008335725,398.041666675,2.28604341425,220.5,0.0,0.0,0.0,0.0
24.377083227500002,81.28587783,455.681250025,1.36739979225,220.5,0.0,0.0,0.0,0.0
25.196249885,82.1469447625,448.7500535,0.46474181125,126.0,0.0,0.0,0.0,0.0
26.27416667,82.6999994275,370.358333325,0.068455823,126.0,0.0,0.0,0.0,0.0
26.315416577500002,82.1129165,413.775000025,0.0,220.5,0.0,0.0,0.0,0.0
23.3457868375,81.46911843250001,490.193750025,0.0,220.5,0.0,0.0,0.0,0.0
22.834166646003673,36.36583334604897,579.7499999999998,0.0,0.0,0.0,0.0,0.0,0.0
23.56874990463255,39.228749895095746,615.3208333333328,1.2080487986405626,0.0,0.0,0.0,0.0,0.0
23.037500198682125,37.27958329518633,583.733333333333,1.2027229736248575,0.0,0.0,0.0,0.0,0.0
22.2066667715708,37.072499052683476,516.454166666666,1.20514747003714,0.0,0.0,0.0,0.0,0.0
22.041666515668176,44.1124997615814,500.46666666666624,1.21578700294097,0.0,0.0,0.0,0.0,0.0
21.9283331871032,41.581665531794144,485.20833333333303,1.220341023306045,0.0,0.0,0.0,0.0,0.0
22.006249833106924,45.730416313807154,599.9708333333333,1.220922895769275,0.0,0.0,0.0,0.0,0.0
22.1391666809717,56.90416661898287,549.7874999999995,1.2166355758905374,0.0,0.0,0.0,0.0,0.0
22.25977273131855,47.738749837875304,480.9291666666665,1.21406560490528,0.0,0.0,0.0,0.0,0.0
22.1887500365575,48.4641667524973,580.3666666666664,1.2184539551536226,0.0,0.0,0.0,0.0,0.0
22.314999914169277,56.67166687647492,543.133333333333,1.2131200596690126,0.0,0.0,0.0,0.0,0.0
22.327083039283725,56.6983335812886,481.21666666666647,1.2161587531367901,0.0,0.0,0.0,0.0,0.0
22.279583358764576,58.121250216166175,440.39999999999975,1.21355645805597,0.0,0.0,0.0,0.0,0.0
22.50250013669325,62.92833329836525,517.3541666666665,1.2068809847036925,0.0,0.0,0.0,0.0,0.0
22.7124996582667,63.10499957402543,490.77499999999975,1.2037008454402276,0.0,0.0,0.0,0.0,0.0
23.44023311461425,66.40666716893509,523.8083333333327,1.19483929028113,0.0,0.0,0.0,0.0,0.0
24.139999604225125,67.88708346684771,567.8791666666663,1.1811731810371024,0.0,0.0,0.0,0.0,0.0
24.374583276112848,71.92041664123528,625.679166666666,1.1643915598591077,0.0,0.0,0.0,0.0,0.0
24.677916391690502,75.5716666857401,460.45,1.1378392398357349,0.0,0.0,0.0,0.0,0.0
24.722500046094225,77.36249977747595,406.87916666666604,1.0954104339083026,0.0,0.0,0.0,0.0,0.0
24.490833274523375,78.35374968846632,467.26249999999976,1.0470012138287175,0.0,0.0,0.0,0.0,0.0
23.527584826744175,78.71968709627785,511.345833333333,0.9979858579734957,0.0,0.0,0.0,0.0,0.0
23.7170830170313,78.7224998792012,387.3541666666665,0.9721245065331452,0.0,0.0,0.0,0.0,0.0
23.638333622614475,80.03916702270506,401.70416666666625,0.9592504004637397,0.0,0.0,0.0,0.0,0.0
22.760933792179998,79.56999994913735,390.4416666666665,0.9376319058239453,0.0,0.0,0.0,0.0,0.0
22.509618441937274,80.05958388646435,386.9875,0.9074468630055582,0.0,0.0,0.0,0.0,0.0
23.314583373069702,79.72416658401485,391.49583333333277,0.878712469091018,0.0,0.0,0.0,0.0,0.0
23.5270833492279,80.7420830726623,421.7416666666662,0.88238560433189,0.0,0.0,0.0,0.0,0.0
30.16833310127255,43.9116664727528,436.3083333333332,1.2712657784422225,0.0,0.0,0.0,0.0,0.0
26.74583319028215,31.6858334064483,421.84999999999974,1.232091407974555,0.0,0.0,0.0,0.0,0.0
26.31791650454195,35.18958319028218,438.758333333333,1.27504081179698,0.0,0.0,0.0,0.0,0.0
30.63458304405205,38.33708367347715,426.69166666666626,1.2472932746012975,0.0,0.0,0.0,0.0,0.0
28.063750243186924,36.78666645685825,420.216666666666,1.2976402039329127,0.0,0.0,0.0,0.0,0.0
28.245416609446174,37.09041679700212,421.9374999999997,1.3137418354550974,0.0,0.0,0.0,0.0,0.0
28.300832955042477,44.603332916895525,434.120833333333,1.3388409783442752,0.0,0.0,0.0,0.0,0.0
25.507916363080277,51.189166371027575,435.8,1.3698589225610074,0.0,0.0,0.0,0.0,0.0
25.910833128293326,51.10666669209795,419.27499999999975,1.370762578149635,0.0,0.0,0.0,0.0,0.0
26.01583339373265,51.239583460489825,455.1749999999997,1.3392439261078826,0.0,0.0,0.0,0.0,0.0
26.998749995231574,55.79791622161862,424.33333333333275,1.30922352025906,0.0,0.0,0.0,0.0,0.0
31.286016399173324,57.499583307902,438.4249999999998,1.2793009315927775,0.0,0.0,0.0,0.0,0.0
32.451249885559,57.54208339055375,413.1208333333333,1.2728579347332274,0.0,0.0,0.0,0.0,0.0
28.474166520436526,56.60625003178912,429.65416666666647,1.3321124081810276,0.0,0.0,0.0,0.0,0.0
28.722563537904726,56.6375000476837,430.8624999999997,1.3499470223983099,0.0,0.0,0.0,0.0,0.0
31.101249734560575,55.95291674931835,404.666666666666,1.3229545007149326,571.9274999999261,0.0,0.0,0.0,0.0
33.04666666984552,55.80041672388705,427.09166666666624,1.3038602232932974,0.0,0.0,0.0,0.0,0.0
27.214583436648027,55.80208331743873,408.08333333333326,1.4012249837319024,0.0,0.0,0.0,0.0,0.0
28.340833266576073,55.90166667302447,408.6249999999998,1.40570417592922,0.0,0.0,0.0,0.0,0.0
29.095833365122402,55.59749997456863,402.65833333333325,1.40992910613616,0.0,0.0,0.0,0.0,0.0
27.090833123524973,55.814583381017,423.32499999999953,1.4138993963599125,0.0,0.0,0.0,0.0,0.0
27.313771093901874,54.09666687647498,406.729166666666,1.45870599796374,0.0,0.0,0.0,0.0,0.0
25.325559991803573,54.15666667620335,428.670833333333,1.48549497723579,0.0,0.0,0.0,0.0,0.0
27.19375005563095,55.47541680335993,403.5499999999997,1.48623921970526,0.0,0.0,0.0,0.0,0.0
24.3001478550797,55.3049999872843,407.03333333333296,1.5395412807663225,0.0,0.0,0.0,0.0,0.0
29.391666396458874,54.160416762034075,394.59583333333296,1.5531305924057874,0.0,0.0,0.0,0.0,0.0
23.930656462200574,54.93166666030877,405.41249999999974,1.6174083054065675,0.0,0.0,0.0,0.0,0.0
25.103333338101624,55.6270832856496,439.7875,1.35417584578196,0.0,0.0,0.0,0.0,0.0
29.534583473205476,57.512916723887045,493.40416666666647,0.0,0.0,0.0,0.0,0.0,0.0
30.52083350022625,57.137499999999974,490.82916666666625,0.0,0.0,0.0,0.0,0.0,0.0
30.251250139872226,53.8900008996327,515.3541666666665,0.0,0.0,0.0,0.0,0.0,0.0
29.551666482289573,58.345416593551604,521.5,0.004993609628096775,0.0,0.0,0.0,0.0,0.0
28.782499965031853,58.4287499904632,544.791666666666,1.2670306846499375,0.0,0.0,0.0,0.0,0.0
29.9020829995473,58.3479168415069,514.7458333333332,1.25221580614646,0.0,0.0,0.0,0.0,0.0
29.94166646798445,58.30791664123527,525.0874999999995,1.2497793187697674,0.0,0.0,0.0,0.0,0.0
29.701666911443,58.2566666920979,505.8583333333328,1.2399051800370176,0.0,0.0,0.0,0.0,0.0
29.178922363807324,59.15083336830133,503.69583333333327,1.2401277040441825,0.0,0.0,0.0,0.0,0.0
29.00499999523155,59.32041667302445,519.6999999999999,1.2446876257657975,0.0,0.0,0.0,0.0,0.0
27.547083274523352,58.335416650772075,529.25,1.24927014460166,0.0,0.0,0.0,0.0,0.0
26.842916544278424,58.14916699727375,521.4041666666662,1.252113969624035,538.1699999999996,0.0,0.0,0.0,0.0
22.714484477043126,56.71999980608615,396.4999999999995,1.2963437090317325,0.0,0.0,0.0,0.0,0.0
23.317499828338548,57.72291657129917,420.5791666666665,1.292862570285795,0.0,0.0,0.0,0.0,0.0
27.9790253437171,59.2945833524068,436.0374999999995,1.2575451284646926,0.0,0.0,0.0,0.0,0.0
23.209583195050477,57.79916669527685,416.429166666666,1.296064596374825,0.0,0.0,0.0,0.0,0.0
26.89166646003715,57.78583335876458,427.53749999999945,1.2860962887604974,0.0,0.0,0.0,0.0,0.0
26.9520832618077,57.44625007311495,434.38749999999976,1.28923428108294,0.0,0.0,0.0,0.0,0.0
28.38791669209795,60.425416739781674,439.1041666666665,0.061303922627121143,1450.7749999999987,0.0,0.0,0.0,0.0
30.202083102861998,60.62291677792862,435.6749999999995,1.29714707136154,1557.4849999998996,0.0,0.0,0.0,0.0
28.199583307902,60.25708343187967,442.72916666666623,1.3364926750461201,1638.1324999999995,0.0,0.0,0.0,0.0
29.65208337306975,60.2174999872843,431.14166666666625,1.3868777434031125,1592.8499999999995,0.0,0.0,0.0,0.0
23.294427938784523,59.06375012397763,405.7416666666665,0.7902677412040544,1544.6249999999998,0.0,0.0,0.0,0.0
26.581249864896122,58.69750013351435,435.46666666666624,1.2712087944770798,250.39249999999993,0.0,0.0,0.0,0.0
22.758749945958378,59.66125006675718,430.21249999999975,1.440594031910095,89.67750000000729,0.0,0.0,0.0,0.0
22.8656779487254,59.966249990463176,403.0791666666662,1.458005107442535,89.67750000000075,0.0,0.0,0.0,0.0
23.306101605043523,60.247916730244924,396.82916666666597,1.454588770866385,0.0,0.0,0.0,0.0,0.0
26.576250044504775,59.6975000540415,375.991666666666,1.4082570090889877,0.0,0.0,0.0,0.0,0.0
25.3684209522448,53.61874992052707,486.72083333333296,0.0210575374137414,0.0,0.0,0.0,0.0,0.0
23.9162498950958,54.72541656494137,454.69166666666626,1.212485566238555,0.0,0.0,0.0,0.0,0.0
28.5208332220713,54.3183333396911,422.995833333333,1.13378688593705,0.0,0.0,0.0,0.0,0.0
23.77156752853065,54.27250027656555,459.27916666666624,1.2089176153143226,0.0,0.0,0.0,0.0,0.0
23.467083430290174,54.99666674931843,437.675,1.204889522989585,0.0,0.0,0.0,0.0,0.0
23.54958326816555,55.64500004450477,484.354166666666,1.214635373651975,0.0,0.0,0.0,0.0,0.0
23.264166482289625,56.5616666475931,421.57083333333327,1.2163212443391451,0.0,0.0,0.0,0.0,0.0
23.340833210945124,56.272227079566804,440.9874999999995,1.2166342794895124,89.67750000000001,0.0,0.0,0.0,0.0
23.582500084241225,55.982083129882774,427.7749999999995,1.219859013458085,0.0,0.0,0.0,0.0,0.0
22.999583236376424,55.60708352724705,424.766666666666,1.2251166785756675,89.6774999999998,0.0,0.0,0.0,0.0
23.2033332268397,55.43874985376985,526.5958333333331,1.223053595920395,0.0,0.0,0.0,0.0,0.0
23.539583158492974,55.67416674296055,495.5166666666665,1.2226161147157302,0.0,0.0,0.0,0.0,0.0
23.415416439374276,55.98750012715657,468.84583333333325,1.2292994484305375,0.0,0.0,0.0,0.0,0.0
23.172266983177675,55.502500025431274,398.57916666666597,1.23206780056158,0.0,0.0,0.0,0.0,0.0
23.264999898274723,55.674745928230905,431.02916666666624,1.2290844450394252,0.0,0.0,0.0,0.0,0.0
27.400833217302925,56.95500011444085,510.1124999999995,1.16142530937989,55.91999999999996,0.0,0.0,0.0,0.0
28.47499990463255,56.82458354632055,481.2291666666665,1.24304695576429,89.67749999999262,0.0,0.0,0.0,0.0
26.944166596730476,56.595833317438725,463.4958333333332,1.2271684815486201,116.3549999999998,0.0,0.0,0.0,0.0
23.267083271344475,57.09166680971775,486.104166666666,1.397543927530445,0.0,0.0,0.0,0.0,0.0
27.899999841054274,57.205833276112855,470.34583333333325,1.3564859956502875,89.67749999999995,0.0,0.0,0.0,0.0
27.669809256300375,57.535000022252376,451.39166666666654,1.4076401899258226,60.742499999992674,0.0,0.0,0.0,0.0
24.814646802514225,57.175833415985025,474.6374999999995,1.2816759367783825,0.0,0.0,0.0,0.0,0.0
22.656250127156575,57.651249965031894,441.6875,1.2896830792228324,0.0,0.0,0.0,0.0,0.0
22.5679167191187,57.83583316802978,462.7541666666665,1.27042895108461,0.0,0.0,0.0,0.0,0.0
22.320129193108578,58.3374999523162,447.46666666666624,1.2450006663799225,0.0,0.0,0.0,0.0,0.0
23.345833086967424,57.94750005404148,454.5374999999995,1.2036675214767398,0.0,0.0,0.0,0.0,0.0
24.010833255449874,57.4062499841054,417.3583333333328,1.204522731950725,0.0,0.0,0.0,0.0,0.0
23.92699046223245,58.18083319663997,400.2333333333327,1.252317631244655,111.53249999999979,0.0,0.0,0.0,0.0
29.07708305517825,56.44500009218848,618.9958333333327,1.0538849463065425,0.0,0.0,0.0,0.0,0.0
30.218750262260425,57.911667029062876,615.4833333333332,1.04008333086967,0.0,0.0,0.0,0.0,0.0
29.757499806086198,57.729583470026625,644.1458333333333,1.0403879682222925,0.0,0.0,0.0,0.0,0.0
29.38958329359685,58.779999923706,642.729166666666,1.041651396950085,0.0,0.0,0.0,0.0,0.0
28.6841664552688,59.03833335240675,671.408333333333,1.0459643964966074,571.927499999993,0.0,0.0,0.0,0.0
29.6587502717971,58.56583328247067,640.758333333333,1.0348916664719525,0.0,0.0,0.0,0.0,0.0
29.79333305358885,58.0587500254313,652.1291666666665,1.0307005479931775,0.0,0.0,0.0,0.0,0.0
29.68999981880185,57.8879166126251,627.9416666666663,1.023719537258145,0.0,0.0,0.0,0.0,0.0
30.041249752044628,58.182916688919,625.866666666666,1.0199324414133975,571.927499999993,0.0,0.0,0.0,0.0
30.30333329836525,58.107500012715576,645.0666666666659,1.0259257559974975,0.0,0.0,0.0,0.0,0.0
29.268333443005822,57.9549999396006,651.3875,1.0316882009307526,0.0,0.0,0.0,0.0,0.0
27.250000063578277,57.868333212534495,643.5458333333332,1.0346383437514275,0.0,0.0,0.0,0.0,0.0
23.72666656970975,56.879999860127754,493.03333333333296,1.0637070948878875,0.0,0.0,0.0,0.0,0.0
24.001250084241224,58.09333330790195,522.3,1.0610134318470925,0.0,0.0,0.0,0.0,0.0
28.7979161659876,58.941666809717745,548.341666666666,1.0327944805224698,0.0,0.0,0.0,0.0,0.0
23.112916405995676,58.12999978065488,517.1291666666665,1.069366913040475,0.0,0.0,0.0,0.0,0.0
27.097499910990376,58.27125002543127,537.6375,1.05402606030305,0.0,0.0,0.0,0.0,0.0
26.604166547457325,57.10416652361545,546.4458333333332,1.05616812954346,0.0,0.0,0.0,0.0,0.0
29.412499944368975,60.101250028610174,558.4958333333332,1.05955118089914,0.0,0.0,0.0,0.0,0.0
31.11333326498665,60.0937500794728,559.3375,1.089832052588455,0.0,0.0,0.0,0.0,0.0
29.579583183924274,59.18208340009053,567.4000000000001,1.1544438531001324,1373.3424999999993,0.0,0.0,0.0,0.0
31.1303251861852,59.34041671752922,555.875,1.2391873007019325,1530.1575,0.0,0.0,0.0,0.0
23.914999922116575,58.634224045413625,518.3624999999995,1.3965756292144373,1495.442499999999,0.0,0.0,0.0,0.0
25.6358332077662,58.25749982198072,555.2124999999995,0.9926113548378143,215.67749999999978,0.0,0.0,0.0,0.0
23.346666407585097,59.34166676203407,536.4583333333333,1.0155905604362474,89.6775,0.0,0.0,0.0,0.0
23.762083331743824,59.84208324750258,516.8458333333333,1.000612071156498,89.67750000000012,0.0,0.0,0.0,0.0
23.971278460546426,59.635000117619796,523.55,0.9681602661808327,0.0,0.0,0.0,0.0,0.0
25.7095832427342,59.22000006039932,493.57083333333276,0.9257677028576525,60.742499999999986,0.0,0.0,0.0,0.0
21.56994052,54.380000085,442.2,1.0363058395,0.0,0.0,0.0,0.0,0.0
25.355451585,50.63791674,588.0708333,1.0351963205,0.0,0.0,0.0,0.0,0.0
30.72333303,46.769999825,583.675000025,0.9484486925,60.74250000000001,0.0,0.0,0.0,0.0
24.9812497975,50.118749997500004,584.10416665,1.026438841,94.5,0.0,0.0,0.0,0.0
24.6529167125,52.353333504999995,556.4208333,1.02392156,119.57000000000012,0.0,0.0,0.0,0.0
24.95844813,53.692083787499996,617.56666665,1.02525877,0.0,0.0,0.0,0.0,0.0
24.32999985,55.251667265,540.754166675,1.0275259027499999,0.0,0.0,0.0,0.0,0.0
24.4330294325,56.32666669,562.9666666999999,1.028035768,0.0,0.0,0.0,0.0,0.0
24.1095833575,57.0920832975,545.5374999999999,1.03060024725,89.6775,0.0,0.0,0.0,0.0
23.49749994,56.5949999675,537.0375,1.03355767675,124.3925,0.0,0.0,0.0,0.0
24.39790227,56.1966667625,652.875,1.02824420475,89.67750000000002,0.0,0.0,0.0,0.0
25.340833065,55.728333295,621.137499975,1.0275740034999998,0.0,0.0,0.0,0.0,0.0
24.714583065,55.930833225,598.5250000000001,1.0291901824999998,0.0,0.0,0.0,0.0,0.0
24.688177789999997,55.8941665025,517.51666665,1.03029970875,89.6774999999998,0.0,0.0,0.0,0.0
24.333749845,55.4933333425,551.379166675,1.032839372,60.74250000000001,0.0,0.0,0.0,0.0
28.1558330275,55.775416775,663.6958333,0.96137168325,0.0,0.0,0.0,0.0,0.0
29.846284845,55.88916672,616.3874999750001,1.04640051375,0.0,0.0,0.0,0.0,0.0
26.781666585,55.4029166375,604.3583333,1.0117713805,0.0,0.0,0.0,0.0,0.0
23.831249905,56.204999905,607.93333335,1.1036914202499999,0.0,0.0,0.0,0.0,0.0
29.217083215,55.898333212500006,603.3416666999999,1.05538567925,0.0,0.0,0.0,0.0,0.0
28.3420832525,56.3583332975,586.4916666500001,1.0622576707500002,94.5,0.0,0.0,0.0,0.0
25.1804165375,55.6779167675,609.070833325,1.1323047927499998,0.0,0.0,0.0,0.0,0.0
23.85333319,56.4562499525,564.6541667,1.144358898,0.0,0.0,0.0,0.0,0.0
23.6004164525,56.99083338,585.674999975,1.1368230225,0.0,0.0,0.0,0.0,0.0
23.2433331,57.41083342,582.9916667,1.1270361875,0.0,0.0,0.0,0.0,0.0
22.45958318,57.86499998,568.458333325,1.1048810977499999,124.39250000000004,0.0,0.0,0.0,0.0
22.36541648,57.8379168025,549.475,1.07449441725,0.0,0.0,0.0,0.0,0.0
22.387499995,57.990692002500005,531.2375000000001,1.0668240407499998,0.0,0.0,0.0,0.0,0.0
23.287222110000002,43.01978015,593.95,1.52463079225,0.0,0.0,0.0,0.0,0.0
18.842499565,45.0391806775,573.4625,1.51017790875,0.0,0.0,0.0,0.0,0.0
20.9620832275,46.2297936275,530.47916665,1.51336902075,0.0,0.0,0.0,0.0,0.0
21.252083142500002,48.140871905,528.8375,1.5148260425,0.0,0.0,0.0,0.0,0.0
21.78374956,56.8446042075,508.1041667,1.5024791405,0.0,0.0,0.0,0.0,0.0
22.3695828775,62.041666750000005,512.037499975,1.4998040635,0.0,0.0,0.0,0.0,0.0
22.39416626,64.5693333075,510.970833325,1.5276170310000001,0.0,0.0,0.0,0.0,0.0
21.0679168825,60.470375085,535.7874999750001,1.536583688,0.0,0.0,0.0,0.0,0.0
20.548644250000002,53.672499867499994,533.837938575,1.550975373,528.5250000000001,0.0,0.0,0.0,0.0
20.277916215,51.73999995,508.537499975,1.5561432885,0.0,0.0,0.0,0.0,0.0
19.69624987,50.6847960525,491.162500025,1.558474329,0.0,0.0,0.0,0.0,0.0
20.1091670825,55.936666615,497.06249997500004,1.5674886055000001,0.0,0.0,0.0,0.0,0.0
19.9166663725,57.1315475675,520.874999975,1.56546066775,0.0,0.0,0.0,0.0,0.0
19.69333314,61.107499775,511.90865385,1.5745317647500001,0.0,0.0,0.0,0.0,0.0
20.560416704999998,63.7129168375,478.9833333,1.5763636462500001,0.0,0.0,0.0,0.0,0.0
20.996249985000002,70.7059996725,442.95,1.5559118189999999,0.0,0.0,0.0,0.0,0.0
21.6537501825,75.3099259125,419.47499999999997,1.5609811492499999,0.0,0.0,0.0,0.0,0.0
21.742916415,76.5987502375,393.049999975,1.5392316742499998,0.0,0.0,0.0,0.0,0.0
22.869166175,77.9514771375,380.89166665,1.52016484125,0.0,0.0,0.0,0.0,0.0
22.627916565,79.733472475,384.71666665000004,1.5038109495,0.0,0.0,0.0,0.0,0.0
21.854999552499997,79.2571868875,402.844053025,1.481685763,0.0,0.0,0.0,0.0,0.0
21.1662499875,80.17666918,408.2815278,1.4482229640000002,0.0,0.0,0.0,0.0,0.0
21.868749502500002,80.008999735,413.0152299,1.406813287,0.0,0.0,0.0,0.0,0.0
20.8504163925,79.7675000225,404.3041667,1.35564967,0.0,0.0,0.0,0.0,0.0
19.955416495,77.27108305,396.445833325,1.2928244695,0.0,0.0,0.0,0.0,0.0
20.2012501675,78.3233332975,404.570833325,1.24301226525,0.0,0.0,0.0,0.0,0.0
20.5375001175,79.087916995,417.12916665,1.2396007385,0.0,0.0,0.0,0.0,0.0
19.8829163725,79.58541673,442.625000025,0.9907811559999999,0.0,0.0,0.0,0.0,0.0
29.5909960825,51.52708308,501.450000025,0.9920870005,0.0,0.0,0.0,0.0,0.0
30.368333215,52.358333095,495.5875,0.98934652125,0.0,0.0,0.0,0.0,0.0
30.5008331,51.210416665,523.4749999750001,0.9919141382500001,0.0,0.0,0.0,0.0,0.0
29.547500175,56.7183331025,522.0708333499999,0.99591277,0.0,0.0,0.0,0.0,0.0
28.890416637500003,56.966250117499996,545.6541666749999,1.013482431,0.0,0.0,0.0,0.0,0.0
29.743749949999998,55.7287502475,517.1958333499999,0.9890007755000001,0.0,0.0,0.0,0.0,0.0
30.077083285,56.072916855,526.833333325,0.98586974325,0.0,0.0,0.0,0.0,0.0
30.3533332075,55.32291651,506.82500000000005,0.9768352035000001,0.0,0.0,0.0,0.0,0.0
30.48666663,57.7920839775,504.13333335,0.971661644,571.9274999999998,0.0,0.0,0.0,0.0
30.6004163925,58.1987500325,524.612499975,0.97723219425,0.0,0.0,0.0,0.0,0.0
29.8024999275,58.711666505,529.1208333,0.9943256444999999,0.0,0.0,0.0,0.0,0.0
27.826666799999998,58.0208331425,525.72083335,0.9936613725,0.0,0.0,0.0,0.0,0.0
24.350833195,57.2941668175,398.00833332499997,1.03239345675,0.0,0.0,0.0,0.0,0.0
24.520416495,57.7449999475,428.4333333,1.02570243025,0.0,0.0,0.0,0.0,0.0
29.76291634,57.595416735,431.52083335,0.9801455245,571.9274999999998,0.0,0.0,0.0,0.0
24.6516666725,57.860416605000005,420.50416670000004,1.0363825422500001,0.0,0.0,0.0,0.0,0.0
27.207916755,57.59999998,433.158333325,1.0246715775,0.0,0.0,0.0,0.0,0.0
26.848749967499998,57.3091665725,435.42500002500003,1.0276585377499998,311.5124999999996,0.0,0.0,0.0,0.0
29.9695835125,59.0470834425,441.55833335,1.02464596325,0.0,0.0,0.0,0.0,0.0
31.5120834875,59.402083239999996,444.145833325,1.04744040875,542.9924999999998,0.0,0.0,0.0,0.0
29.965416580000003,58.9558331975,445.4,1.00717869675,1398.3775000000023,0.0,0.0,0.0,0.0
31.3388553675,59.16074157,433.97916665,1.02959539225,1509.6025000000004,0.0,0.0,0.0,0.0
24.068750195,58.0708333825,409.48333335,1.12119263125,1452.3824999999995,0.0,0.0,0.0,0.0
26.10041655,57.8224998475,444.1583333,1.1185706105,220.5,0.0,0.0,0.0,0.0
23.796249895000003,58.69833323,440.67083335,1.18571820075,0.0,0.0,0.0,0.0,0.0
24.011666675,59.30500015,408.37916665,1.1867938885,80.98999999999994,0.0,0.0,0.0,0.0
24.056250165,59.3799999075,404.52083330000005,1.16893292225,0.0,0.0,0.0,0.0,0.0
25.9824998625,58.730416739999995,381.524999975,1.1288249045,0.0,0.0,0.0,0.0,0.0
