DAT,obs_time,내부온도관측치,내부습도관측치,co2관측치,ec관측치,시간당분무량,일간누적분무량,시간당백색광량,일간누적백색광량,시간당적색광량,일간누적적색광량,시간당청색광량,일간누적청색광량,시간당총광량,일간누적총광량
0,00:00,25.30000013,81.83500023,536.0166667,1.407439293,0.0,0.0,0.0,0.0,0.0,0.0,0,0,0.0,0.0
0,01:00,25.68035718,81.26428591,528.6964286,1.409002968,126.0,126.0,0.0,0.0,0.0,0.0,0,0,0.0,0.0
0,02:00,25.27333349,81.47166646,532.8333333,1.406913459,0.0,126.0,0.0,0.0,0.0,0.0,0,0,0.0,0.0
0,03:00,25.35499996,81.39833361,545.5666667,1.406688704,126.0,252.0,0.0,0.0,0.0,0.0,0,0,0.0,0.0
0,04:00,25.3916666,81.48333346,558.5833333,1.411070349,0.0,252.0,0.0,0.0,0.0,0.0,0,0,0.0,0.0
0,05:00,25.37499994,81.50666644,571.4833333,1.409658122,119.57,371.57,0.0,0.0,0.0,0.0,0,0,0.0,0.0
0,06:00,26.43666655,76.56999957,575.0833333,1.404833519,252.00000000000009,623.57,17636.37,17636.37,959.784,959.784,0,0,18596.154,18596.154
0,07:00,26.95999985,75.78333359,574.55,1.40073124,239.14,862.71,18255.19,35891.56,976.332,1936.116,0,0,19231.522,37827.676
0,08:00,27.12833373,75.56833305,570.5,1.398819399,245.56999999999996,1108.28,18255.19,54146.75,976.332,2912.448,0,0,19231.522,57059.198
0,09:00,27.36666616,75.5416659,568.1,1.396299801,252.0,1360.28,18255.19,72401.94,976.3320000000004,3888.78,0,0,19231.522000000004,76290.72
0,10:00,27.61333364,75.59999987,563.35,1.395312216,252.0,1612.28,18255.19,90657.13,976.332,4865.112,0,0,19231.522,95522.242
0,11:00,27.74000006,75.61166534,552.7,1.392754634,245.56999999999996,1857.85,18255.19,108912.32,976.3320000000004,5841.444,0,0,19231.52200000001,114753.764
0,12:00,27.86666616,75.69166654,540.8333333,1.390184395,126.0,1983.85,18255.189999999988,127167.51,976.3319999999994,6817.776,0,0,19231.521999999983,133985.286
0,13:00,27.98833329,75.41500079,530.5166667,1.389234795,245.57000000000016,2229.42,18255.190000000017,145422.7,976.3320000000004,7794.108,0,0,19231.522000000023,153216.80800000002
0,14:00,28.25333316,75.53166644,520.6,1.386930434,245.5699999999997,2474.99,18255.19,163677.89,976.3320000000004,8770.44,0,0,19231.522,172448.33000000002
0,15:00,28.46333319,75.65666618,510.5666667,1.384613417,252.0,2726.99,18255.189999999973,181933.08,976.3320000000004,9746.772,0,0,19231.521999999968,191679.852
0,16:00,28.66500044,75.46166687,502.35,1.382372351,245.57000000000016,2972.56,18255.19,200188.27,976.3319999999984,10723.104,0,0,19231.522,210911.374
0,17:00,28.8199995,75.66833318,522.7833333,1.381918897,245.57000000000016,3218.13,18255.19,218443.46,976.3320000000004,11699.436,0,0,19231.522,230142.896
0,18:00,28.92499971,75.68666662,504.8666667,1.379308341,245.5699999999997,3463.7,18255.19,236698.65,976.3320000000004,12675.768,0,0,19231.522000000023,249374.418
0,19:00,28.8949996,75.6916659,492.8333333,1.378485372,252.0,3715.7,18255.19,254953.84,976.3320000000004,13652.1,0,0,19231.522,268605.94
0,20:00,27.11000001,80.05333341,498.0666667,1.37734583,119.57000000000016,3835.27,724.0193999999901,255677.8594,46.33439999999973,13698.4344,0,0,770.3537999999826,269376.2938
0,21:00,26.28333337,81.26833293,508.9333333,1.382448332,0.0,3835.27,0.0,255677.8594,0.0,13698.4344,0,0,0.0,269376.2938
0,22:00,25.97333323,81.811667,514.5166667,1.386094795,126.0,3961.27,0.0,255677.8594,0.0,13698.4344,0,0,0.0,269376.2938
0,23:00,25.87333285,81.90000076,517.9333333,1.388323184,0.0,3961.27,0.0,255677.8594,0.0,13698.4344,0,0,0.0,269376.2938
1,00:00,25.80666612,81.76499977,523.2166667,1.390209715,126.0,126.0,0.0,0.0,0.0,0.0,0,0,0.0,0.0
1,01:00,25.98103425,81.32931006,531.8448276,1.391944513,0.0,126.0,0.0,0.0,0.0,0.0,0,0,0.0,0.0
1,02:00,25.58333365,81.36833458,540.6333333,1.392577368,126.0,252.0,0.0,0.0,0.0,0.0,0,0,0.0,0.0
1,03:00,25.47666658,81.65166715,548.5166667,1.394362624,0.0,252.0,0.0,0.0,0.0,0.0,0,0,0.0,0.0
1,04:00,25.43166641,81.98666636,555.6333333,1.396147859,126.0,378.0,0.0,0.0,0.0,0.0,0,0,0.0,0.0
1,05:00,25.40666631,82.0016669,563.7,1.397097458,0.0,378.0,0.0,0.0,0.0,0.0,0,0,0.0,0.0
1,06:00,27.10499992,77.16833318,565.1666667,1.39759527,252.0,630.0,17945.78,17945.78,959.784,959.784,0,0,18905.564,18905.564
1,07:00,27.76499987,75.95166664,564.2333333,1.391412536,252.0,882.0,18255.19,36200.97,976.332,1936.116,0,0,19231.522000000004,38137.086
1,08:00,28.0250001,75.91166712,557.3666667,1.388867611,245.56999999999996,1127.57,18255.19,54456.16,976.332,2912.448,0,0,19231.522,57368.608
1,09:00,28.19666681,75.90333379,546.05,1.387234312,252.0,1379.57,18255.19,72711.35,976.3320000000004,3888.78,0,0,19231.522000000004,76600.13
1,10:00,28.34666608,75.86333313,533.8666667,1.384853977,252.0,1631.57,18255.189999999988,90966.54,976.332,4865.112,0,0,19231.521999999983,95831.652
1,11:00,28.57333358,75.69999936,523.2,1.382916794,245.57000000000016,1877.14,18255.19,109221.73,976.3320000000004,5841.444,0,0,19231.52200000001,115063.174
1,12:00,28.70166693,75.66666629,513.2333333,1.380954307,245.56999999999996,2122.71,18255.19,127476.92,976.3319999999994,6817.776,0,0,19231.522,134294.696
1,13:00,28.80666615,75.54166679,504.4666667,1.379675525,245.57000000000016,2368.28,18255.189999999988,145732.11,976.3320000000004,7794.108,0,0,19231.522,153526.218
1,14:00,28.90499964,75.3899999,497.6833333,1.378270121,245.5699999999997,2613.85,18255.19,163987.3,976.3320000000004,8770.44,0,0,19231.522,172757.74
1,15:00,28.98666662,75.49499944,513.0166667,1.376978683,245.57000000000016,2859.42,18255.19,182242.49,976.3320000000004,9746.772,0,0,19231.522,191989.262
1,16:00,29.21833347,75.6966671,496.7833333,1.376092394,245.5699999999997,3104.99,18255.19,200497.68,976.3319999999984,10723.104,0,0,19231.522,211220.784
1,17:00,29.40333296,75.38833338,491.0666667,1.374878901,126.0,3230.99,18255.19,218752.87,976.3320000000004,11699.436,0,0,19231.522,230452.306
1,18:00,29.40166629,75.27999992,489.5333333,1.373724711,252.0,3482.99,18255.19,237008.06,976.3320000000004,12675.768,0,0,19231.522000000023,249683.828
1,19:00,29.29666634,75.30666656,490.95,1.37335753,252.0,3734.99,18255.19,255263.25,976.3320000000004,13652.1,0,0,19231.521999999968,268915.35
1,20:00,27.44999997,79.64666621,496.0,1.373560113,126.0,3860.99,1061.2762999999975,256324.5263,56.263199999999415,13708.3632,0,0,1117.5395000000135,270032.8895
1,21:00,26.60500005,81.03500036,505.45,1.378371423,0.0,3860.99,0.0,256324.5263,0.0,13708.3632,0,0,0.0,270032.8895
1,22:00,26.35666612,81.46833344,510.7,1.381017603,119.57000000000016,3980.56,0.0,256324.5263,0.0,13708.3632,0,0,0.0,270032.8895
1,23:00,26.19666688,81.28500036,513.3666667,1.38423358,0.0,3980.56,0.0,256324.5263,0.0,13708.3632,0,0,0.0,270032.8895
2,00:00,26.09833368,81.77833366,516.4166667,1.385904872,119.57,119.57,0.0,0.0,0.0,0.0,0,0,0.0,0.0
2,01:00,26.31355926,81.2694909,518.0847458,1.39034232,0.0,119.57,0.0,0.0,0.0,0.0,0,0,0.0,0.0
2,02:00,25.87833287,81.24499919,527.7333333,1.389247459,126.0,245.57,0.0,0.0,0.0,0.0,0,0,0.0,0.0
2,03:00,25.7949995,81.25166601,537.6,1.391349228,0.0,245.57,0.0,0.0,0.0,0.0,0,0,0.0,0.0
2,04:00,25.66000061,81.45499992,543.9833333,1.392374808,126.0,371.57,0.0,0.0,0.0,0.0,0,0,0.0,0.0
2,05:00,25.60166705,81.51833305,551.0666667,1.393944802,0.0,371.57,0.0,0.0,0.0,0.0,0,0,0.0,0.0
2,06:00,27.38833316,76.81333377,544.1166667,1.393590287,239.14000000000004,610.71,17787.9809,17787.9809,949.8552,949.8552,0,0,18737.8361,18737.8361
2,07:00,28.06833359,75.55333303,536.3,1.387854713,245.56999999999996,856.28,18255.19,36043.1709,976.332,1926.1872,0,0,19231.522,37969.3581
2,08:00,28.22833347,75.30999997,539.6666667,1.386436677,252.0,1108.28,18255.19,54298.3609,976.332,2902.5192,0,0,19231.522000000004,57200.8801
2,09:00,27.82333304,74.86333364,535.9333333,1.386423983,245.56999999999996,1353.85,18255.19,72553.5509,976.332,3878.8512,0,0,19231.522000000004,76432.4021
2,10:00,27.0316666,74.72166608,544.85,1.393049637,252.0,1605.85,17945.78,90499.3309,959.7839999999997,4838.6352,0,0,18905.564,95337.9661
2,11:00,26.62666705,74.5216671,563.9166667,1.395514808,245.57000000000016,1851.42,18255.19,108754.5209,976.3320000000004,5814.9672,0,0,19231.522,114569.4881
2,12:00,26.48999996,74.42000046,569.2333333,1.396299801,252.0,2103.42,18255.19,127009.7109,976.3320000000004,6791.2992,0,0,19231.52200000001,133801.0101
2,13:00,26.58333365,74.96333389,567.3833333,1.397186091,252.0,2355.42,18255.19,145264.9009,976.3319999999994,7767.6312,0,0,19231.522,153032.5321
2,14:00,26.6533337,74.89833399,558.2666667,1.397945768,252.0,2607.42,18255.19,163520.0909,976.3320000000004,8743.9632,0,0,19231.522,172264.0541
2,15:00,26.70500034,74.59333318,560.5833333,1.398110358,245.5699999999997,2852.99,18255.19,181775.2809,976.3320000000004,9720.2952,0,0,19231.522,191495.5761
2,16:00,26.78999977,74.59666672,540.2666667,1.398021726,252.0,3104.99,18255.189999999973,200030.4709,976.3320000000004,10696.6272,0,0,19231.521999999968,210727.0981
2,17:00,26.913333,74.62333361,535.5333333,1.397629229,252.0,3356.99,18255.19,218285.6609,976.3319999999984,11672.9592,0,0,19231.522000000023,229958.6201
2,18:00,27.69333328,75.76333288,536.9666667,1.393881486,245.57000000000016,3602.56,18255.19,236540.8509,976.3320000000004,12649.2912,0,0,19231.522,249190.1421
2,19:00,28.21499999,75.59833374,522.3,1.391023842,245.57000000000016,3848.13,18255.19,254796.0409,976.3320000000004,13625.6232,0,0,19231.522,268421.6641
2,20:00,26.66833331,79.57166748,520.9333333,1.387804069,119.56999999999972,3967.7,928.2300000000104,255724.2709,49.64400000000023,13675.2672,0,0,977.8740000000108,269399.5381
2,21:00,25.93666643,80.74166654,523.3333333,1.391843025,0.0,3967.7,0.0,255724.2709,0.0,13675.2672,0,0,0.0,269399.5381
2,22:00,25.63000027,80.90333354,522.3333333,1.394463921,0.0,3967.7,0.0,255724.2709,0.0,13675.2672,0,0,0.0,269399.5381
2,23:00,25.49166663,81.18666674,524.8666667,1.395641418,126.0,4093.7,0.0,255724.2709,0.0,13675.2672,0,0,0.0,269399.5381
3,00:00,25.4383331,81.05833295,531.45,1.396742938,126.0,126.0,0.0,0.0,0.0,0.0,0,0,0.0,0.0
3,01:00,25.7830508,80.57118626,536.4745763,1.400575652,0.0,126.0,0.0,0.0,0.0,0.0,0,0,0.0,0.0
3,02:00,25.3216663,80.90333303,547.8333333,1.39783181,126.0,252.0,0.0,0.0,0.0,0.0,0,0,0.0,0.0
3,03:00,25.21166677,80.9516674,557.85,1.399427136,0.0,252.0,0.0,0.0,0.0,0.0,0,0,0.0,0.0
3,04:00,25.27500013,81.08833364,559.95,1.402194216,126.0,378.0,0.0,0.0,0.0,0.0,0,0,0.0,0.0
3,05:00,25.24500036,80.87666601,562.9166667,1.403922288,0.0,378.0,0.0,0.0,0.0,0.0,0,0,0.0,0.0
3,06:00,26.89333324,76.40000038,553.4,1.400811913,252.0,630.0,17945.78,17945.78,959.784,959.784,0,0,18905.564,18905.564
3,07:00,27.46999989,75.54500033,546.6666667,1.396671673,252.0,882.0,18255.19,36200.97,976.332,1936.116,0,0,19231.522000000004,38137.086
3,08:00,26.64166651,74.21166725,547.2,1.398274966,245.56999999999996,1127.57,18255.19,54456.16,976.332,2912.448,0,0,19231.522,57368.608
3,09:00,26.37966056,74.61166636,566.4833333,1.402212614,252.0,1379.57,18255.19,72711.35,976.3320000000004,3888.78,0,0,19231.522000000004,76600.13
3,10:00,26.41499968,74.6366656,682.4333333,1.402035344,252.0,1631.57,18255.189999999988,90966.54,976.332,4865.112,0,0,19231.521999999983,95831.652
3,11:00,26.42999973,74.80166651,817.9333333,1.403225507,245.57000000000016,1877.14,18255.19,109221.73,976.3320000000004,5841.444,0,0,19231.52200000001,115063.174
3,12:00,26.56499993,74.80833333,952.55,1.402567132,245.56999999999996,2122.71,18255.19,127476.92,976.3319999999994,6817.776,0,0,19231.522,134294.696
3,13:00,26.62666709,74.60166702,976.5666667,1.401883413,245.57000000000016,2368.28,18255.189999999988,145732.11,976.3320000000004,7794.108,0,0,19231.522,153526.218
3,14:00,26.45999985,74.30666695,884.7,1.403542056,245.5699999999997,2613.85,18255.19,163987.3,976.3320000000004,8770.44,0,0,19231.522,172757.74
3,15:00,26.37833287,74.23499959,1005.233333,1.403858592,245.57000000000016,2859.42,18255.19,182242.49,976.3320000000004,9746.772,0,0,19231.522,191989.262
3,16:00,26.29333299,74.34999962,1173.266667,1.404352379,245.5699999999997,3104.99,18255.19,200497.68,976.3319999999984,10723.104,0,0,19231.522,211220.784
3,17:00,26.19000003,75.02833316,1015.65,1.407323291,126.0,3230.99,18255.19,218752.87,976.3320000000004,11699.436,0,0,19231.522,230452.306
3,18:00,27.45833324,75.74499969,924.0,1.402603201,252.0,3482.99,18255.19,237008.06,976.3320000000004,12675.768,0,0,19231.522000000023,249683.828
3,19:00,27.59500036,74.79499969,913.3833333,1.398161006,252.0,3734.99,18255.19,255263.25,976.3320000000004,13652.1,0,0,19231.521999999968,268915.35
3,20:00,25.95666666,79.51166636,897.6,1.396958188,126.0,3860.99,1061.2762999999975,256324.5263,56.263199999999415,13708.3632,0,0,1117.5395000000135,270032.8895
3,21:00,25.34333274,81.00666631,868.5833333,1.400655272,0.0,3860.99,0.0,256324.5263,0.0,13708.3632,0,0,0.0,270032.8895
3,22:00,25.25999994,81.3183342,829.9833333,1.401959372,119.57000000000016,3980.56,0.0,256324.5263,0.0,13708.3632,0,0,0.0,270032.8895
3,23:00,25.14500052,81.42333399,791.5,1.403352127,0.0,3980.56,0.0,256324.5263,0.0,13708.3632,0,0,0.0,270032.8895
4,00:00,25.47000001,81.30000051,543.6,1.4097742,0.0,0.0,0.0,0.0,0.0,0.0,0,0,0.0,0.0
4,01:00,25.46271185,81.47627155,548.4915254,1.408863363,0.0,0.0,0.0,0.0,0.0,0.0,0,0,0.0,0.0
4,02:00,25.40166661,81.36500015,553.4166667,1.408448388,0.0,0.0,0.0,0.0,0.0,0.0,0,0,0.0,0.0
4,03:00,25.33166663,81.37500038,558.7666667,1.412574607,126.0,126.0,0.0,0.0,0.0,0.0,0,0,0.0,0.0
4,04:00,25.46166658,81.67499987,564.0833333,1.412039022,0.0,126.0,0.0,0.0,0.0,0.0,0,0,0.0,0.0
4,05:00,25.40999997,81.86500003,568.4666667,1.413748519,119.57,245.57,0.0,0.0,0.0,0.0,0,0,0.0,0.0
4,06:00,26.39166648,76.59333382,565.8833333,1.409720749,252.0,497.57,17583.7703,17583.7703,939.9264,939.9264,0,0,18523.6967,18523.6967
4,07:00,26.6983338,75.52666791,565.3166667,1.407467057,245.57,743.14,18255.19,35838.9603,976.332,1916.2584,0,0,19231.522,37755.2187
4,08:00,26.80666609,75.92833354,564.4333333,1.405618521,245.57000000000005,988.71,18255.19,54094.1503,976.332,2892.5904,0,0,19231.522000000004,56986.7407
4,09:00,26.9383331,75.77500013,559.7,1.404656259,252.0,1240.71,18255.189999999995,72349.3403,976.332,3868.9224,0,0,19231.52199999999,76218.26269999999
4,10:00,27.11166697,75.90999997,553.2833333,1.403010269,245.56999999999996,1486.28,18255.19,90604.5303,976.332,4845.2544,0,0,19231.52200000001,95449.7847
4,11:00,27.35666612,75.911667,544.1333333,1.400921162,245.56999999999996,1731.85,18255.19,108859.7203,976.3320000000004,5821.5864,0,0,19231.522,114681.3067
4,12:00,27.40333296,75.861667,533.4166667,1.40123769,245.57000000000016,1977.42,18255.19,127114.9103,976.3319999999994,6797.9184,0,0,19231.52200000001,133912.8287
4,13:00,27.57666696,76.32999942,524.9,1.400632632,252.0,2229.42,18255.189999999988,145370.1003,976.3320000000004,7774.2504,0,0,19231.521999999968,153144.35069999998
4,14:00,27.70166677,76.1483331,517.6666667,1.397325365,245.5699999999997,2474.99,18255.19,163625.2903,976.3319999999994,8750.5824,0,0,19231.522000000023,172375.8727
4,15:00,27.2566665,75.5233331,519.0333333,1.399161247,245.57000000000016,2720.56,18255.19,181880.4803,976.3320000000004,9726.9144,0,0,19231.522,191607.3947
4,16:00,27.51166671,75.73666712,516.9666667,1.398794065,239.13999999999987,2959.7,18255.19,200135.6703,976.3320000000004,10703.2464,0,0,19231.522,210838.9167
4,17:00,27.66500028,75.49333331,515.3833333,1.397654551,252.0,3211.7,18255.19,218390.8603,976.3320000000004,11679.5784,0,0,19231.522,230070.4387
4,18:00,27.90999966,75.3433328,512.6666667,1.395274244,239.14000000000036,3450.84,18255.19,236646.0503,976.3320000000004,12655.9104,0,0,19231.522,249301.9607
4,19:00,27.77999954,75.53333371,510.15,1.396274473,245.5699999999997,3696.41,18255.19,254901.2403,976.3319999999984,13632.2424,0,0,19231.522,268533.4827
4,20:00,26.08500004,79.93333308,515.15,1.395578118,0.0,3696.41,928.2299999999814,255829.4703,49.64400000000023,13681.8864,0,0,977.8740000000108,269511.3567
4,21:00,25.34166632,81.2716671,524.9,1.401313661,119.57000000000016,3815.98,0.0,255829.4703,0.0,13681.8864,0,0,0.0,269511.3567
4,22:00,25.19833384,81.25666618,530.6166667,1.403478748,0.0,3815.98,0.0,255829.4703,0.0,13681.8864,0,0,0.0,269511.3567
4,23:00,25.27833363,82.02666575,538.4333333,1.407541102,119.57000000000016,3935.55,0.0,255829.4703,0.0,13681.8864,0,0,0.0,269511.3567
5,00:00,26.09833368,81.77833366,516.4166667,1.385904872,0.0,0.0,0.0,0.0,0.0,0.0,0,0,0.0,0.0
5,01:00,26.31355926,81.2694909,518.0847458,1.39034232,0.0,0.0,0.0,0.0,0.0,0.0,0,0,0.0,0.0
5,02:00,25.87833287,81.24499919,527.7333333,1.389247459,0.0,0.0,0.0,0.0,0.0,0.0,0,0,0.0,0.0
5,03:00,25.7949995,81.25166601,537.6,1.391349228,126.0,126.0,0.0,0.0,0.0,0.0,0,0,0.0,0.0
5,04:00,25.66000061,81.45499992,543.9833333,1.392374808,0.0,126.0,0.0,0.0,0.0,0.0,0,0,0.0,0.0
5,05:00,25.60166705,81.51833305,551.0666667,1.393944802,119.57,245.57,0.0,0.0,0.0,0.0,0,0,0.0,0.0
5,06:00,27.38833316,76.81333377,544.1166667,1.393590287,252.0,497.57,17583.7703,17583.7703,939.9264,939.9264,0,0,18523.6967,18523.6967
5,07:00,28.06833359,75.55333303,536.3,1.387854713,245.57,743.14,18255.19,35838.9603,976.332,1916.2584,0,0,19231.522,37755.2187
5,08:00,28.22833347,75.30999997,539.6666667,1.386436677,245.57000000000005,988.71,18255.19,54094.1503,976.332,2892.5904,0,0,19231.522000000004,56986.7407
5,09:00,27.82333304,74.86333364,535.9333333,1.386423983,252.0,1240.71,18255.189999999995,72349.3403,976.332,3868.9224,0,0,19231.52199999999,76218.26269999999
5,10:00,27.0316666,74.72166608,544.85,1.393049637,245.56999999999996,1486.28,18255.19,90604.5303,976.332,4845.2544,0,0,19231.52200000001,95449.7847
5,11:00,26.62666705,74.5216671,563.9166667,1.395514808,245.56999999999996,1731.85,18255.19,108859.7203,976.3320000000004,5821.5864,0,0,19231.522,114681.3067
5,12:00,26.48999996,74.42000046,569.2333333,1.396299801,245.57000000000016,1977.42,18255.19,127114.9103,976.3319999999994,6797.9184,0,0,19231.52200000001,133912.8287
5,13:00,26.58333365,74.96333389,567.3833333,1.397186091,252.0,2229.42,18255.189999999988,145370.1003,976.3320000000004,7774.2504,0,0,19231.521999999968,153144.35069999998
5,14:00,26.6533337,74.89833399,558.2666667,1.397945768,245.5699999999997,2474.99,18255.19,163625.2903,976.3319999999994,8750.5824,0,0,19231.522000000023,172375.8727
5,15:00,26.70500034,74.59333318,560.5833333,1.398110358,245.57000000000016,2720.56,18255.19,181880.4803,976.3320000000004,9726.9144,0,0,19231.522,191607.3947
5,16:00,26.78999977,74.59666672,540.2666667,1.398021726,239.13999999999987,2959.7,18255.19,200135.6703,976.3320000000004,10703.2464,0,0,19231.522,210838.9167
5,17:00,26.913333,74.62333361,535.5333333,1.397629229,252.0,3211.7,18255.19,218390.8603,976.3320000000004,11679.5784,0,0,19231.522,230070.4387
5,18:00,27.69333328,75.76333288,536.9666667,1.393881486,239.14000000000036,3450.84,18255.19,236646.0503,976.3320000000004,12655.9104,0,0,19231.522,249301.9607
5,19:00,28.21499999,75.59833374,522.3,1.391023842,245.5699999999997,3696.41,18255.19,254901.2403,976.3319999999984,13632.2424,0,0,19231.522,268533.4827
5,20:00,26.66833331,79.57166748,520.9333333,1.387804069,0.0,3696.41,928.2299999999814,255829.4703,49.64400000000023,13681.8864,0,0,977.8740000000108,269511.3567
5,21:00,25.93666643,80.74166654,523.3333333,1.391843025,119.57000000000016,3815.98,0.0,255829.4703,0.0,13681.8864,0,0,0.0,269511.3567
5,22:00,25.63000027,80.90333354,522.3333333,1.394463921,0.0,3815.98,0.0,255829.4703,0.0,13681.8864,0,0,0.0,269511.3567
5,23:00,25.49166663,81.18666674,524.8666667,1.395641418,119.57000000000016,3935.55,0.0,255829.4703,0.0,13681.8864,0,0,0.0,269511.3567
6,00:00,25.34000018,81.67499987,543.5333333,1.407851005,126.0,126.0,0.0,0.0,0.0,0.0,0,0,0.0,0.0
6,01:00,25.47499997,81.4566672,548.5333333,1.40755374,0.0,126.0,0.0,0.0,0.0,0.0,0,0,0.0,0.0
6,02:00,25.37333336,81.99999987,556.2333333,1.410712439,0.0,126.0,0.0,0.0,0.0,0.0,0,0,0.0,0.0
6,03:00,25.3983333,81.37333336,561.3833333,1.410527575,126.0,252.0,0.0,0.0,0.0,0.0,0,0,0.0,0.0
6,04:00,25.37000011,82.06166687,564.9333333,1.41359761,0.0,252.0,0.0,0.0,0.0,0.0,0,0,0.0,0.0
6,05:00,25.31666673,81.45666669,569.9166667,1.413420808,126.0,378.0,0.0,0.0,0.0,0.0,0,0,0.0,0.0
6,06:00,26.80499973,77.56166687,562.35,1.413755387,245.57000000000005,623.57,17636.37,17636.37,943.236,943.236,0,0,18579.606,18579.606
6,07:00,27.10166705,75.9799998,559.4166667,1.407417979,245.56999999999996,869.14,18255.19,35891.56,976.332,1919.568,0,0,19231.522,37811.128
6,08:00,27.20833352,76.10666733,563.1333333,1.40673272,252.0000000000001,1121.14,18255.19,54146.75,976.332,2895.9,0,0,19231.522000000004,57042.65
6,09:00,27.79999924,85.36666616,552.0,1.446172039,252.0,1373.14,18255.19,72401.94,976.332,3872.232,0,0,19231.522000000004,76274.172
6,10:00,27.07647021,75.3411762,530.7058824,1.39967856,252.0,1625.14,18255.19,90657.13,976.3320000000004,4848.564,0,0,19231.522,95505.694
6,11:00,27.19333312,74.76333338,529.6666667,1.397325353,245.56999999999996,1870.71,18255.19,108912.32,976.3319999999994,5824.896,0,0,19231.522,114737.216
6,12:00,27.57500029,74.28666751,523.6666667,1.395565446,252.0,2122.71,18255.189999999988,127167.51,976.3320000000004,6801.228,0,0,19231.521999999983,133968.73799999998
6,13:00,27.70000038,74.20166461,521.65,1.393337051,252.0,2374.71,18255.190000000017,145422.7,976.3320000000004,7777.56,0,0,19231.522000000023,153200.26
6,14:00,27.81999935,74.22333234,519.5,1.390703495,245.57000000000016,2620.28,18255.19,163677.89,976.3319999999994,8753.892,0,0,19231.522,172431.782
6,15:00,27.82833268,74.26833216,534.35,1.390859244,252.0,2872.28,18255.189999999973,181933.08,976.3320000000004,9730.224,0,0,19231.521999999968,191663.304
6,16:00,27.88999958,74.20666491,539.35,1.389969152,252.0,3124.28,18255.19,200188.27,976.3320000000004,10706.556,0,0,19231.522000000023,210894.826
6,17:00,27.85762658,74.34237257,536.4576271,1.393572906,252.0,3376.28,18255.19,218443.46,976.3320000000004,11682.888,0,0,19231.522,230126.348
6,18:00,27.84333337,74.21333377,535.0,1.390093826,252.0,3628.28,18255.19,236698.65,976.3319999999984,12659.22,0,0,19231.522,249357.87
6,19:00,27.38499956,74.33499997,531.1833333,1.393197789,206.98999999999975,3835.27,18255.19,254953.84,976.3320000000004,13635.552,0,0,19231.522,268589.392
6,20:00,25.63666665,78.69166667,532.35,1.393197775,0.0,3835.27,513.6205999999947,255467.4606,26.476800000000367,13662.0288,0,0,540.0973999999696,269129.4894
6,21:00,25.32333342,80.53333384,536.95,1.403331778,119.57000000000016,3954.84,0.0,255467.4606,0.0,13662.0288,0,0,0.0,269129.4894
6,22:00,25.34999994,80.48500036,536.4166667,1.404215725,0.0,3954.84,0.0,255467.4606,0.0,13662.0288,0,0,0.0,269129.4894
6,23:00,25.38166672,80.59499957,540.1666667,1.406786176,119.56999999999972,4074.41,0.0,255467.4606,0.0,13662.0288,0,0,0.0,269129.4894
7,00:00,25.47000001,81.30000051,543.6,1.4097742,126.0,126.0,0.0,0.0,0.0,0.0,0,0,0.0,0.0
7,01:00,25.46271185,81.47627155,548.4915254,1.408863363,0.0,126.0,0.0,0.0,0.0,0.0,0,0,0.0,0.0
7,02:00,25.40166661,81.36500015,553.4166667,1.408448388,126.0,252.0,0.0,0.0,0.0,0.0,0,0,0.0,0.0
7,03:00,25.33166663,81.37500038,558.7666667,1.412574607,0.0,252.0,0.0,0.0,0.0,0.0,0,0,0.0,0.0
7,04:00,25.46166658,81.67499987,564.0833333,1.412039022,119.57,371.57,0.0,0.0,0.0,0.0,0,0,0.0,0.0
7,05:00,25.40999997,81.86500003,568.4666667,1.413748519,0.0,371.57,0.0,0.0,0.0,0.0,0,0,0.0,0.0
7,06:00,26.39166648,76.59333382,565.8833333,1.409720749,245.57,617.14,17917.9331,17917.9331,954.8196,954.8196,0,0,18872.7527,18872.7527
7,07:00,26.6983338,75.52666791,565.3166667,1.407467057,252.0,869.14,18255.19,36173.1231,976.332,1931.1516,0,0,19231.522,38104.2747
7,08:00,26.80666609,75.92833354,564.4333333,1.405618521,245.57000000000005,1114.71,18255.19,54428.3131,976.332,2907.4836,0,0,19231.522000000004,57335.7967
7,09:00,26.9383331,75.77500013,559.7,1.404656259,245.56999999999996,1360.28,17945.78,72374.0931,959.784,3867.2676,0,0,18905.56400000001,76241.3607
7,10:00,27.11166697,75.90999997,553.2833333,1.403010269,245.56999999999996,1605.85,18255.19,90629.2831,976.3319999999994,4843.5996,0,0,19231.522,95472.8827
7,11:00,27.35666612,75.911667,544.1333333,1.400921162,252.0,1857.85,18255.19,108884.4731,976.3320000000004,5819.9316,0,0,19231.522,114704.4047
7,12:00,27.40333296,75.861667,533.4166667,1.40123769,252.0,2109.85,18255.19,127139.6631,976.3320000000004,6796.2636,0,0,19231.52200000001,133935.9267
7,13:00,27.57666696,76.32999942,524.9,1.400632632,252.0,2361.85,18255.19,145394.8531,976.3319999999994,7772.5956,0,0,19231.522,153167.4487
7,14:00,27.70166677,76.1483331,517.6666667,1.397325365,252.0,2613.85,18255.19,163650.0431,976.3320000000012,8748.9276,0,0,19231.522,172398.9707
7,15:00,27.2566665,75.5233331,519.0333333,1.399161247,252.0,2865.85,18255.19,181905.2331,976.3319999999984,9725.2596,0,0,19231.522,191630.4927
7,16:00,27.51166671,75.73666712,516.9666667,1.398794065,200.55999999999997,3066.41,18564.599999999977,200469.8331,992.880000000001,10718.1396,0,0,19557.47999999998,211187.9727
7,17:00,27.66500028,75.49333331,515.3833333,1.397654551,252.0,3318.41,17945.78,218415.6131,959.7839999999997,11677.9236,0,0,18905.564000000013,230093.5367
7,18:00,27.90999966,75.3433328,512.6666667,1.395274244,239.14000000000036,3557.55,18564.60000000001,236980.2131,992.8799999999992,12670.8036,0,0,19557.47999999998,249651.0167
7,19:00,27.77999954,75.53333371,510.15,1.396274473,245.5699999999997,3803.12,18255.19,255235.4031,976.3320000000004,13647.1356,0,0,19231.522,268882.5387
7,20:00,26.08500004,79.93333308,515.15,1.395578118,126.0,3929.12,928.2300000000104,256163.6331,49.64400000000023,13696.7796,0,0,977.8740000000108,269860.4127
7,21:00,25.34166632,81.2716671,524.9,1.401313661,0.0,3929.12,0.0,256163.6331,0.0,13696.7796,0,0,0.0,269860.4127
7,22:00,25.19833384,81.25666618,530.6166667,1.403478748,119.57000000000016,4048.69,0.0,256163.6331,0.0,13696.7796,0,0,0.0,269860.4127
7,23:00,25.27833363,82.02666575,538.4333333,1.407541102,0.0,4048.69,0.0,256163.6331,0.0,13696.7796,0,0,0.0,269860.4127
8,00:00,25.34000018,81.67499987,543.5333333,1.407851005,126.0,126.0,0.0,0.0,0.0,0.0,0,0,0.0,0.0
8,01:00,25.47499997,81.4566672,548.5333333,1.40755374,0.0,126.0,0.0,0.0,0.0,0.0,0,0,0.0,0.0
8,02:00,25.37333336,81.99999987,556.2333333,1.410712439,126.0,252.0,0.0,0.0,0.0,0.0,0,0,0.0,0.0
8,03:00,25.3983333,81.37333336,561.3833333,1.410527575,0.0,252.0,0.0,0.0,0.0,0.0,0,0,0.0,0.0
8,04:00,25.37000011,82.06166687,564.9333333,1.41359761,126.0,378.0,0.0,0.0,0.0,0.0,0,0,0.0,0.0
8,05:00,25.31666673,81.45666669,569.9166667,1.413420808,0.0,378.0,0.0,0.0,0.0,0.0,0,0,0.0,0.0
8,06:00,26.80499973,77.56166687,562.35,1.413755387,245.57000000000005,623.57,17376.4656,17376.4656,944.8908,944.8908,0,0,18321.3564,18321.3564
8,07:00,27.10166705,75.9799998,559.4166667,1.407417979,245.56999999999996,869.14,18255.19,35631.6556,976.332,1921.2228,0,0,19231.522,37552.8784
8,08:00,27.20833352,76.10666733,563.1333333,1.40673272,245.57000000000005,1114.71,18255.19,53886.8456,976.332,2897.5548,0,0,19231.522,56784.4004
8,09:00,26.71166623,75.65500043,564.6666667,1.40827692,252.0,1366.71,18255.19,72142.0356,976.3320000000004,3873.8868,0,0,19231.52200000001,76015.92240000001
8,10:00,25.86499974,75.03500036,581.1333333,1.411385727,252.0,1618.71,18255.19,90397.2256,976.3319999999994,4850.2188,0,0,19231.522,95247.4444
8,11:00,25.62500048,75.04666659,608.3666667,1.414836053,252.0,1870.71,18255.189999999988,108652.4156,976.3320000000004,5826.5508,0,0,19231.521999999983,114478.9664
8,12:00,25.54166683,75.14833336,597.55,1.418430676,252.0,2122.71,18255.19,126907.6056,976.3320000000004,6802.8828,0,0,19231.52200000001,133710.4884
8,13:00,25.37499952,74.92000033,584.3,1.422320342,245.57000000000016,2368.28,18255.190000000017,145162.7956,976.3319999999994,7779.2148,0,0,19231.522,152942.0104
8,14:00,25.28333298,74.80666695,574.1833333,1.424786236,245.5699999999997,2613.85,18255.19,163417.9856,976.3320000000004,8755.5468,0,0,19231.522000000023,172173.53240000003
8,15:00,25.24333337,74.58833237,572.0,1.426650329,252.0,2865.85,18255.189999999973,181673.1756,976.3320000000004,9731.8788,0,0,19231.521999999968,191405.0544
8,16:00,25.31333354,74.5350001,590.8833333,1.43008497,252.0,3117.85,18255.19,199928.3656,976.3320000000004,10708.2108,0,0,19231.522,210636.5764
8,17:00,25.33166679,74.72666677,605.3166667,1.432462802,252.0,3369.85,18255.19,218183.5556,976.3319999999984,11684.5428,0,0,19231.522,229868.0984
8,18:00,25.77999964,75.28333308,606.4666667,1.4284557,252.0,3621.85,18255.19,236438.7456,976.3320000000004,12660.8748,0,0,19231.522,249099.6204
8,19:00,26.09666704,75.28166593,588.0833333,1.424037659,252.0,3873.85,17945.78,254384.5256,959.7839999999997,13620.6588,0,0,18905.563999999984,268005.1844
8,20:00,25.35166664,80.63333384,576.7333333,1.429219013,126.0,3999.85,928.2300000000104,255312.7556,49.64400000000023,13670.3028,0,0,977.8740000000108,268983.0584
8,21:00,25.28666655,81.6483331,565.9333333,1.429189656,0.0,3999.85,0.0,255312.7556,0.0,13670.3028,0,0,0.0,268983.0584
8,22:00,25.25999997,81.50833333,557.75,1.429718065,126.00000000000044,4125.85,0.0,255312.7556,0.0,13670.3028,0,0,0.0,268983.0584
8,23:00,25.30833317,81.20500069,548.8666667,1.42808881,0.0,4125.85,0.0,255312.7556,0.0,13670.3028,0,0,0.0,268983.0584
9,00:00,25.27666651,80.97666677,544.5166667,1.429600632,126.0,126.0,0.0,0.0,0.0,0.0,0,0,0.0,0.0
9,01:00,25.50169489,81.17457619,539.9152542,1.429704393,0.0,126.0,0.0,0.0,0.0,0.0,0,0,0.0,0.0
9,02:00,25.31833328,81.34166679,541.1666667,1.430510674,0.0,126.0,0.0,0.0,0.0,0.0,0,0,0.0,0.0
9,03:00,25.2833333,81.12500051,543.0666667,1.42808881,126.0,252.0,0.0,0.0,0.0,0.0,0,0,0.0,0.0
9,04:00,25.32333336,81.08666649,544.6,1.434180172,0.0,252.0,0.0,0.0,0.0,0.0,0,0,0.0,0.0
9,05:00,25.3733333,81.761667,543.0333333,1.431332636,126.0,378.0,0.0,0.0,0.0,0.0,0,0,0.0,0.0
9,06:00,26.0866669,76.10666644,532.8,1.424257815,245.57000000000005,623.57,17636.37,17636.37,943.236,943.236,0,0,18579.606,18579.606
9,07:00,26.3083327,75.15166639,528.0333333,1.423978959,245.56999999999996,869.14,18255.19,35891.56,976.332,1919.568,0,0,19231.522,37811.128
9,08:00,26.27833281,75.30999934,537.1166667,1.420925933,252.0000000000001,1121.14,18255.19,54146.75,976.332,2895.9,0,0,19231.522000000004,57042.65
9,09:00,25.58499978,74.94500033,560.3333333,1.424947691,252.0,1373.14,18255.19,72401.94,976.332,3872.232,0,0,19231.522000000004,76274.172
9,10:00,25.39666627,75.00666682,575.6166667,1.428059407,252.0,1625.14,18255.19,90657.13,976.3320000000004,4848.564,0,0,19231.522,95505.694
9,11:00,25.32333266,75.10666644,577.05,1.428910738,245.56999999999996,1870.71,18255.19,108912.32,976.3319999999994,5824.896,0,0,19231.522,114737.216
9,12:00,25.75499957,75.08500061,615.2,1.430114319,252.0,2122.71,18255.189999999988,127167.51,976.3320000000004,6801.228,0,0,19231.521999999983,133968.73799999998
9,13:00,25.56000004,75.28000031,627.25,1.430481267,252.0,2374.71,18255.190000000017,145422.7,976.3320000000004,7777.56,0,0,19231.522000000023,153200.26
9,14:00,25.7033337,75.7649999,571.3333333,1.428852032,245.57000000000016,2620.28,18255.19,163677.89,976.3319999999994,8753.892,0,0,19231.522,172431.782
9,15:00,25.85999982,75.55666644,552.6333333,1.42698792,252.0,2872.28,18255.189999999973,181933.08,976.3320000000004,9730.224,0,0,19231.521999999968,191663.304
9,16:00,25.99499998,75.47833341,537.35,1.429013485,252.0,3124.28,18255.19,200188.27,976.3320000000004,10706.556,0,0,19231.522000000023,210894.826
9,17:00,25.88333289,75.98666712,517.6666667,1.427369543,252.0,3376.28,18255.19,218443.46,976.3320000000004,11682.888,0,0,19231.522,230126.348
9,18:00,26.46333342,76.31666768,509.9833333,1.422540508,252.0,3628.28,18255.19,236698.65,976.3319999999984,12659.22,0,0,19231.522,249357.87
9,19:00,26.59500036,75.86166751,506.1333333,1.420001225,206.98999999999975,3835.27,18255.19,254953.84,976.3320000000004,13635.552,0,0,19231.522,268589.392
9,20:00,25.39499995,81.27166748,514.6333333,1.424844958,0.0,3835.27,513.6205999999947,255467.4606,26.476800000000367,13662.0288,0,0,540.0973999999696,269129.4894
9,21:00,25.43666655,82.66500003,518.0833333,1.425945826,119.57000000000016,3954.84,0.0,255467.4606,0.0,13662.0288,0,0,0.0,269129.4894
9,22:00,25.33166666,82.29666659,518.4833333,1.426371481,0.0,3954.84,0.0,255467.4606,0.0,13662.0288,0,0,0.0,269129.4894
9,23:00,25.40999988,82.78333308,523.1333333,1.429057539,119.56999999999972,4074.41,0.0,255467.4606,0.0,13662.0288,0,0,0.0,269129.4894
10,00:00,25.36166655,82.8549998,531.3333333,1.430716145,0.0,0.0,0.0,0.0,0.0,0.0,0,0,0.0,0.0
10,01:00,25.57758614,82.83684245,534.0350877,1.428514267,126.0,126.0,0.0,0.0,0.0,0.0,0,0,0.0,0.0
10,02:00,25.30833321,82.55833346,540.25,1.43033451,0.0,126.0,0.0,0.0,0.0,0.0,0,0,0.0,0.0
10,03:00,25.43666652,83.336667,544.4833333,1.428176848,126.0,252.0,0.0,0.0,0.0,0.0,0,0,0.0,0.0
10,04:00,25.3483333,83.4299998,549.3166667,1.431890366,0.0,252.0,0.0,0.0,0.0,0.0,0,0,0.0,0.0
10,05:00,25.28666662,82.7766669,557.5,1.430892261,126.0,378.0,0.0,0.0,0.0,0.0,0,0,0.0,0.0
10,06:00,26.35999969,77.49833323,551.4166667,1.425696256,252.0,630.0,17636.37,17636.37,943.236,943.236,0,0,18579.606,18579.606
10,07:00,26.40166629,76.20666644,546.05,1.423905561,252.0,882.0,18255.19,35891.56,976.332,1919.568,0,0,19231.522,37811.128
10,08:00,26.19833342,76.36000036,552.75,1.424287182,252.0,1134.0,18255.19,54146.75,976.332,2895.9,0,0,19231.522000000004,57042.65
10,09:00,25.92166637,75.82333399,577.4,1.424756873,245.56999999999996,1379.57,18255.19,72401.94,976.332,3872.232,0,0,19231.522000000004,76274.172
10,10:00,25.68833342,75.98333232,666.3833333,1.428308932,252.0,1631.57,18255.19,90657.13,976.3320000000004,4848.564,0,0,19231.522,95505.694
10,11:00,25.55500021,75.72500013,798.4166667,1.432345351,245.57000000000016,1877.14,18255.19,108912.32,976.3319999999994,5824.896,0,0,19231.522,114737.216
10,12:00,25.38499956,75.75999947,879.8833333,1.43481127,251.99999999999977,2129.14,18255.189999999988,127167.51,976.3320000000004,6801.228,0,0,19231.521999999983,133968.73799999998
10,13:00,25.61500044,75.49500033,879.2333333,1.434987396,245.57000000000016,2374.71,17945.780000000013,145113.29,959.7839999999997,7761.012,0,0,18905.564000000013,152874.302
10,14:00,25.53000011,75.4966671,980.8833333,1.433842512,252.0,2626.71,18564.60000000001,163677.89,992.88,8753.892,0,0,19557.48000000001,172431.782
10,15:00,25.42999973,75.54666621,1068.566667,1.434180111,252.0,2878.71,18255.189999999973,181933.08,976.3320000000004,9730.224,0,0,19231.521999999968,191663.304
10,16:00,25.28166618,75.71166725,1013.566667,1.435413059,245.57000000000016,3124.28,17945.78,199878.86,959.7839999999997,10690.008,0,0,18905.564000000013,210568.868
10,17:00,25.2649998,75.57333349,918.4,1.436836821,245.5699999999997,3369.85,18255.19,218134.05,976.3320000000004,11666.34,0,0,19231.522,229800.39
10,18:00,26.00833321,75.65333341,848.3,1.431039041,252.0,3621.85,18255.19,236389.24,976.3320000000004,12642.672,0,0,19231.522,249031.912
10,19:00,26.30666622,75.81666667,813.6333333,1.426767749,252.0,3873.85,18255.19,254644.43,976.3320000000004,13619.004,0,0,19231.522000000023,268263.434
10,20:00,25.38166666,80.58666662,796.2,1.431259233,0.0,3873.85,928.2300000000104,255572.66,49.643999999998414,13668.648,0,0,977.8740000000108,269241.308
10,21:00,25.34166667,81.66500041,773.9333333,1.432550905,119.57000000000016,3993.42,0.0,255572.66,0.0,13668.648,0,0,0.0,269241.308
10,22:00,25.37499987,81.2066658,746.4166667,1.430745496,0.0,3993.42,0.0,255572.66,0.0,13668.648,0,0,0.0,269241.308
10,23:00,25.38166653,81.76333288,724.2833333,1.432183937,126.0,4119.42,0.0,255572.66,0.0,13668.648,0,0,0.0,269241.308
11,00:00,25.33333321,81.24000015,705.0833333,1.430173053,0.0,0.0,0.0,0.0,0.0,0.0,0,0,0.0,0.0
11,01:00,25.3915253,82.22758602,689.637931,1.433543933,126.0,126.0,0.0,0.0,0.0,0.0,0,0,0.0,0.0
11,02:00,25.34499995,81.91166687,679.0833333,1.433842556,0.0,126.0,0.0,0.0,0.0,0.0,0,0,0.0,0.0
11,03:00,25.34499985,82.06166687,670.1333333,1.431861045,126.0,252.0,0.0,0.0,0.0,0.0,0,0,0.0,0.0
11,04:00,25.40666641,82.43000043,666.65,1.432301368,0.0,252.0,0.0,0.0,0.0,0.0,0,0,0.0,0.0
11,05:00,25.35666656,82.33333308,666.7,1.433226073,0.0,252.0,0.0,0.0,0.0,0.0,0,0,0.0,0.0
11,06:00,26.12833309,76.93833326,652.9666667,1.426547587,252.0,504.0,17555.9234,17555.9234,934.962,934.962,0,0,18490.8854,18490.8854
11,07:00,26.35499957,76.58999977,636.1166667,1.424228474,252.0,756.0,18255.19,35811.1134,976.332,1911.294,0,0,19231.522000000004,37722.4074
11,08:00,25.72833319,75.70166613,629.1833333,1.42940977,252.0,1008.0,18255.189999999995,54066.3034,976.332,2887.626,0,0,19231.52199999999,56953.92939999999
11,09:00,25.40499964,76.25166664,616.0833333,1.432682957,245.56999999999996,1253.57,18255.19000000001,72321.4934,976.332,3863.958,0,0,19231.52200000001,76185.4514
11,10:00,25.56500025,76.57499911,580.95,1.432697618,252.0,1505.57,18255.189999999988,90576.6834,976.332,4840.29,0,0,19231.521999999983,95416.9734
11,11:00,25.63166714,76.40666644,595.8333333,1.432448097,252.0,1757.57,18255.19,108831.8734,976.3320000000004,5816.622,0,0,19231.52200000001,114648.4954
11,12:00,25.60666704,76.23499908,646.15,1.43365171,239.1400000000001,1996.71,18255.19,127087.0634,976.3319999999994,6792.954,0,0,19231.52200000001,133880.0174
11,13:00,25.65000045,76.14499944,611.7166667,1.435016765,252.0,2248.71,18255.189999999988,145342.2534,976.3320000000004,7769.286,0,0,19231.521999999968,153111.53939999998
11,14:00,25.84166644,76.13666623,575.8166667,1.43557452,200.55999999999997,2449.27,18255.19,163597.4434,976.3320000000004,8745.618,0,0,19231.522,172343.06139999998
11,15:00,25.89999962,76.0416673,561.6,1.43416544,245.57000000000016,2694.84,18255.19,181852.6334,976.3320000000004,9721.95,0,0,19231.522000000023,191574.5834
11,16:00,25.76000017,76.113333,569.65,1.433871875,252.0,2946.84,18255.19,200107.8234,976.3319999999984,10698.282,0,0,19231.522,210806.1054
11,17:00,25.61666698,76.14833349,574.1333333,1.433622336,245.5699999999997,3192.41,18255.19,218363.0134,976.3320000000004,11674.614,0,0,19231.522,230037.6274
11,18:00,26.31499987,76.92166697,553.6166667,1.428763948,252.0,3444.41,18255.19,236618.2034,976.3320000000004,12650.946,0,0,19231.522,249269.1494
11,19:00,26.58333365,76.6200002,536.9833333,1.426107244,252.0,3696.41,18255.19,254873.3934,976.3320000000004,13627.278,0,0,19231.522,268500.6714
11,20:00,25.44333324,81.30999959,546.85,1.429042858,126.0,3822.41,618.820000000007,255492.2134,33.09599999999955,13660.374,0,0,651.9160000000265,269152.5874
11,21:00,25.34666656,82.5516669,555.5,1.434004035,0.0,3822.41,0.0,255492.2134,0.0,13660.374,0,0,0.0,269152.5874
11,22:00,25.30166655,82.31666667,559.9833333,1.430642764,126.0,3948.41,0.0,255492.2134,0.0,13660.374,0,0,0.0,269152.5874
11,23:00,25.31833331,82.67833328,561.9666667,1.434150791,0.0,3948.41,0.0,255492.2134,0.0,13660.374,0,0,0.0,269152.5874
12,00:00,25.28999993,82.60833346,565.1666667,1.434180146,119.57,119.57,0.0,0.0,0.0,0.0,0,0,0.0,0.0
12,01:00,25.36440684,82.41016957,571.9322034,1.433822646,0.0,119.57,0.0,0.0,0.0,0.0,0,0,0.0,0.0
12,02:00,25.30666666,82.4716671,578.1333333,1.437086387,126.0,245.57,0.0,0.0,0.0,0.0,0,0,0.0,0.0
12,03:00,25.28833323,82.39666621,576.7,1.439038557,0.0,245.57,0.0,0.0,0.0,0.0,0,0,0.0,0.0
12,04:00,25.29833326,82.50499992,575.7333333,1.434649839,126.0,371.57,0.0,0.0,0.0,0.0,0,0,0.0,0.0
12,05:00,25.2833333,82.58166644,575.6833333,1.440476982,0.0,371.57,0.0,0.0,0.0,0.0,0,0,0.0,0.0
12,06:00,25.88666639,77.29333293,563.4,1.431582109,245.57,617.14,17661.1228,17661.1228,941.5812,941.5812,0,0,18602.704,18602.704
12,07:00,26.08333365,76.67333247,554.85,1.428837347,252.0,869.14,18255.19,35916.3128,976.332,1917.9132,0,0,19231.522,37834.226
12,08:00,25.77166669,76.30333354,564.1166667,1.42971802,252.0000000000001,1121.14,18255.19,54171.5028,976.332,2894.2452,0,0,19231.522,57065.748
12,09:00,25.28833323,75.93499985,574.2833333,1.434781899,245.56999999999996,1366.71,17636.369999999995,71807.8728,943.2360000000004,3837.4812,0,0,18579.605999999992,75645.35399999999
12,10:00,25.21666683,76.5483331,589.0666667,1.439170619,119.56999999999994,1486.28,18255.19,90063.0628,976.3319999999994,4813.8132,0,0,19231.52200000001,94876.876
12,11:00,25.17666728,76.4149999,596.45,1.440300822,245.56999999999996,1731.85,18255.19,108318.2528,976.3320000000004,5790.1452,0,0,19231.522,114108.398
12,12:00,25.40833333,76.73999939,581.2166667,1.44518858,252.0,1983.85,18255.19,126573.4428,976.3320000000004,6766.4772,0,0,19231.52200000001,133339.92
12,13:00,25.3333334,76.62333272,561.7,1.443060277,252.0,2235.85,18255.189999999988,144828.6328,976.3319999999994,7742.8092,0,0,19231.521999999968,152571.44199999998
12,14:00,25.16833369,76.10333354,551.6833333,1.444131805,245.57000000000016,2481.42,18564.60000000001,163393.2328,992.880000000001,8735.6892,0,0,19557.48000000001,172128.922
12,15:00,25.29833358,76.87166595,556.9333333,1.445995889,252.0,2733.42,17945.78,181339.0128,959.7839999999997,9695.4732,0,0,18905.564000000013,191034.486
12,16:00,25.31166684,76.93666623,573.6333333,1.445261993,252.0,2985.42,18255.19,199594.2028,976.3320000000004,10671.8052,0,0,19231.522,210266.008
12,17:00,25.58166666,77.28999964,571.3333333,1.44446937,252.0,3237.42,18255.19,217849.3928,976.3319999999984,11648.1372,0,0,19231.522,229497.53
12,18:00,25.62000039,77.02000097,557.4833333,1.441328287,245.5699999999997,3482.99,18255.19,236104.5828,976.3320000000004,12624.4692,0,0,19231.522,248729.052
12,19:00,25.59666704,76.76999995,547.55,1.440388896,245.57000000000016,3728.56,18255.19,254359.7728,976.3320000000004,13600.8012,0,0,19231.522000000023,267960.574
12,20:00,25.17166646,82.02166608,562.8,1.451191872,119.57000000000016,3848.13,1237.6399999999849,255597.4128,66.19200000000092,13666.9932,0,0,1303.8319999999949,269264.406
12,21:00,25.1666666,83.05166651,567.2,1.450457972,0.0,3848.13,0.0,255597.4128,0.0,13666.9932,0,0,0.0,269264.406
12,22:00,25.20166642,82.40333303,563.0,1.450135058,126.0,3974.13,0.0,255597.4128,0.0,13666.9932,0,0,0.0,269264.406
12,23:00,25.2299998,82.44333318,563.35,1.452336762,0.0,3974.13,0.0,255597.4128,0.0,13666.9932,0,0,0.0,269264.406
13,00:00,25.18166656,82.51166674,563.2833333,1.453643099,119.57,119.57,0.0,0.0,0.0,0.0,0,0,0.0,0.0
13,01:00,25.21999989,82.30833371,564.65,1.451485437,0.0,119.57,0.0,0.0,0.0,0.0,0,0,0.0,0.0
13,02:00,25.19999981,82.44333331,564.8,1.4519111,126.0,245.57,0.0,0.0,0.0,0.0,0,0,0.0,0.0
13,03:00,25.22666655,81.85666656,566.15,1.45305598,0.0,245.57,0.0,0.0,0.0,0.0,0,0,0.0,0.0
13,04:00,25.20833327,81.81833293,568.0333333,1.452145954,126.0,371.57,0.0,0.0,0.0,0.0,0,0,0.0,0.0
13,05:00,25.16166655,81.64833349,569.85,1.453276161,0.0,371.57,0.0,0.0,0.0,0.0,0,0,0.0,0.0
13,06:00,25.52166653,76.81999969,553.1166667,1.441900726,252.00000000000009,623.57,17240.3252,17240.3252,920.0688,920.0688,0,0,18160.394,18160.394
13,07:00,25.45499983,76.47000033,540.8833333,1.441064082,245.56999999999996,869.14,18255.19,35495.5152,976.332,1896.4008,0,0,19231.522000000004,37391.916000000005
13,08:00,25.61500044,76.713333,539.7166667,1.437702809,252.0000000000001,1121.14,18255.189999999995,53750.7052,976.3320000000004,2872.7328,0,0,19231.52199999999,56623.438
13,09:00,25.69333359,77.10666542,538.15,1.436411146,245.56999999999996,1366.71,18255.19,72005.8952,976.332,3849.0648,0,0,19231.522,75854.95999999999
13,10:00,25.83999939,77.30500069,535.85,1.435897424,245.56999999999996,1612.28,18255.19,90261.0852,976.3320000000004,4825.3968,0,0,19231.52200000001,95086.482
13,11:00,26.07833363,77.5950002,530.2333333,1.435647915,252.0,1864.28,18255.19,108516.2752,976.3319999999994,5801.7288,0,0,19231.522,114318.004
13,12:00,26.24499989,77.42666791,520.35,1.433871869,245.56999999999996,2109.85,18255.19,126771.4652,976.3320000000004,6778.0608,0,0,19231.52200000001,133549.526
13,13:00,26.34833275,77.77999967,508.95,1.430305137,245.57000000000016,2355.42,18255.19,145026.6552,976.3319999999994,7754.3928,0,0,19231.522,152781.048
13,14:00,26.42499971,77.68666725,497.15,1.428984137,206.98999999999975,2562.41,18255.19,163281.8452,976.3320000000004,8730.7248,0,0,19231.522,172012.57
13,15:00,26.54666684,77.54333254,494.5833333,1.429483183,252.0,2814.41,18255.19,181537.0352,976.3320000000004,9707.0568,0,0,19231.522,191244.092
13,16:00,26.47666658,77.34166705,484.05,1.427868601,126.0,2940.41,18255.189999999973,199792.2252,976.3320000000004,10683.3888,0,0,19231.522,210475.614
13,17:00,26.42833306,77.48333359,478.0666667,1.427193405,245.57000000000016,3185.98,18255.19,218047.4152,976.3319999999984,11659.7208,0,0,19231.522,229707.136
13,18:00,26.51499971,77.83833364,477.25,1.429042838,206.98999999999975,3392.97,18255.19,236302.6052,976.3320000000004,12636.0528,0,0,19231.522,248938.658
13,19:00,26.40166629,77.61500028,480.7666667,1.428220878,200.5600000000004,3593.53,18255.19,254557.7952,976.3320000000004,13612.3848,0,0,19231.522,268170.18
13,20:00,25.36833324,82.40666669,520.65,1.435134204,0.0,3593.53,1237.640000000014,255795.4352,49.64400000000023,13662.0288,0,0,1287.2840000000433,269457.46400000004
13,21:00,25.25833333,82.91666679,549.0333333,1.438363341,126.0,3719.53,0.0,255795.4352,0.0,13662.0288,0,0,0.0,269457.46400000004
13,22:00,25.3149999,82.82333336,548.2,1.440917297,0.0,3719.53,0.0,255795.4352,0.0,13662.0288,0,0,0.0,269457.46400000004
13,23:00,25.26999989,82.66333364,548.9166667,1.443280462,126.0,3845.53,0.0,255795.4352,0.0,13662.0288,0,0,0.0,269457.46400000004
14,00:00,25.28833319,82.40999997,552.3,1.448036122,0.0,0.0,0.0,0.0,0.0,0.0,0,0,0.0,0.0
14,01:00,25.20499986,82.11500003,553.05,1.445893157,126.0,126.0,0.0,0.0,0.0,0.0,0,0,0.0,0.0
14,02:00,25.24833317,82.54666697,556.0166667,1.448461803,0.0,126.0,0.0,0.0,0.0,0.0,0,0,0.0,0.0
14,03:00,25.19999994,82.15166664,550.45,1.446994007,126.0,252.0,0.0,0.0,0.0,0.0,0,0,0.0,0.0
14,04:00,25.18666655,82.22000008,545.9166667,1.447904038,0.0,252.0,0.0,0.0,0.0,0.0,0,0,0.0,0.0
14,05:00,25.2399998,82.12666651,544.9666667,1.448902146,119.57,371.57,0.0,0.0,0.0,0.0,0,0,0.0,0.0
14,06:00,25.6350002,77.50000038,520.2333333,1.439332074,252.00000000000009,623.57,17314.5836,17314.5836,925.0332,925.0332,0,0,18239.616800000003,18239.616800000003
14,07:00,25.53666681,76.79333356,501.3666667,1.441225549,252.0,875.57,18255.19,35569.7736,976.332,1901.3652,0,0,19231.522,37471.1388
14,08:00,25.51500006,77.12166621,498.4833333,1.439845806,251.9999999999999,1127.57,18255.19,53824.9636,976.332,2877.6972,0,0,19231.522000000004,56702.660800000005
14,09:00,25.44833314,77.4000014,496.7166667,1.438788984,245.57000000000016,1373.14,18255.19,72080.1536,976.332,3854.0292,0,0,19231.522000000004,75934.18280000001
14,10:00,25.45833317,77.63999952,495.6166667,1.439684355,252.0,1625.14,18255.189999999988,90335.3436,976.3320000000004,4830.3612,0,0,19231.521999999983,95165.7048
14,11:00,25.49333331,77.88166669,494.0666667,1.440535673,252.0,1877.14,18255.19,108590.5336,976.3319999999994,5806.6932,0,0,19231.522,114397.2268
14,12:00,25.54166683,78.04999873,493.7666667,1.441225547,239.1400000000001,2116.28,18255.19,126845.7236,976.3320000000004,6783.0252,0,0,19231.52200000001,133628.7488
14,13:00,25.61333377,77.91833394,490.9,1.438965116,213.4199999999996,2329.7,18255.19,145100.9136,976.3320000000004,7759.3572,0,0,19231.522,152860.2708
14,14:00,25.82833303,78.06999995,490.75,1.437614747,252.0,2581.7,18255.19,163356.1036,976.3320000000004,8735.6892,0,0,19231.522,172091.7928
14,15:00,26.09000034,77.95666733,491.7,1.435075466,245.57000000000016,2827.27,18255.19,181611.2936,976.3319999999984,9712.0212,0,0,19231.522,191323.3148
14,16:00,26.21500028,78.40333239,484.9833333,1.434092039,252.0,3079.27,18255.19,199866.4836,976.3320000000004,10688.3532,0,0,19231.522000000023,210554.8368
14,17:00,26.32999935,78.57666715,476.6666667,1.431816949,245.57000000000016,3324.84,18255.19,218121.6736,976.3320000000004,11664.6852,0,0,19231.522,229786.3588
14,18:00,26.30833263,78.90166702,474.2166667,1.432506808,200.55999999999997,3525.4,18255.19,236376.8636,976.3320000000004,12641.0172,0,0,19231.522,249017.8808
14,19:00,26.17166713,78.82500038,474.5166667,1.432389386,252.0,3777.4,18255.19,254632.0536,976.3320000000004,13617.3492,0,0,19231.522000000023,268249.40280000004
14,20:00,25.35166674,83.53666687,523.1166667,1.438245922,0.0,3777.4,928.2299999999814,255560.2836,66.1919999999991,13683.5412,0,0,994.4219999999624,269243.8248
14,21:00,25.30999997,83.73166656,546.8833333,1.444895047,126.0,3903.4,0.0,255560.2836,0.0,13683.5412,0,0,0.0,269243.8248
14,22:00,25.30833327,84.03666649,553.6666667,1.442663999,0.0,3903.4,0.0,255560.2836,0.0,13683.5412,0,0,0.0,269243.8248
14,23:00,25.30499999,84.22833316,566.3833333,1.446025246,126.0,4029.4,0.0,255560.2836,0.0,13683.5412,0,0,0.0,269243.8248
15,00:00,25.28833326,83.68833351,577.7,1.443662087,0.0,0.0,0.0,0.0,0.0,0.0,0,0,0.0,0.0
15,01:00,25.26666667,83.99000003,589.1,1.444190492,126.0,126.0,0.0,0.0,0.0,0.0,0,0,0.0,0.0
15,02:00,25.27999996,83.89166641,596.0,1.451558834,0.0,126.0,0.0,0.0,0.0,0.0,0,0,0.0,0.0
15,03:00,25.25593208,83.88999964,602.7166667,1.448681943,119.57,245.57,0.0,0.0,0.0,0.0,0,0,0.0,0.0
15,04:00,25.18833323,83.50333328,609.1833333,1.449650691,0.0,245.57,0.0,0.0,0.0,0.0,0,0,0.0,0.0
15,05:00,25.25999994,84.10166677,615.6833333,1.45078089,126.0,371.57,0.0,0.0,0.0,0.0,0,0,0.0,0.0
15,06:00,25.5250001,78.64500033,586.2833333,1.440506333,252.00000000000009,623.57,17422.8771,17422.8771,939.9264,939.9264,0,0,18362.8035,18362.8035
15,07:00,25.55333354,78.41333313,561.5,1.440315503,245.56999999999996,869.14,18255.19,35678.0671,976.332,1916.2584,0,0,19231.522,37594.3255
15,08:00,25.45999985,78.49333344,566.7,1.448535166,252.0000000000001,1121.14,17945.78,53623.8471,959.784,2876.0424,0,0,18905.564,56499.8895
15,09:00,25.44333328,78.50000025,589.0,1.449459887,245.56999999999996,1366.71,18255.19,71879.0371,976.3320000000004,3852.3744,0,0,19231.522000000004,75731.4115
15,10:00,25.45166667,78.45333341,619.7666667,1.452909209,252.0,1618.71,18255.19,90134.2271,976.332,4828.7064,0,0,19231.522,94962.9335
15,11:00,25.48499994,78.86000036,641.8833333,1.45765023,245.56999999999996,1864.28,18255.19,108389.4171,976.3320000000004,5805.0384,0,0,19231.52200000001,114194.4555
15,12:00,25.51999985,78.86500003,617.7833333,1.457987823,252.00000000000023,2116.28,18255.189999999988,126644.6071,976.3319999999994,6781.3704,0,0,19231.521999999968,133425.97749999998
15,13:00,25.49333328,78.94500008,611.25,1.458839142,252.0,2368.28,18255.19,144899.7971,976.3320000000004,7757.7024,0,0,19231.522000000023,152657.4995
15,14:00,25.43999999,78.57000033,675.4833333,1.450810295,206.98999999999975,2575.27,18255.19,163154.9871,976.3320000000004,8734.0344,0,0,19231.522,171889.0215
15,15:00,25.51666663,79.01999995,691.4166667,1.457033741,252.0,2827.27,18255.19,181410.1771,976.3320000000004,9710.3664,0,0,19231.522,191120.5435
15,16:00,25.45666666,78.4,676.6666667,1.455184321,245.57000000000016,3072.84,18255.19,199665.3671,976.3319999999984,10686.6984,0,0,19231.522,210352.0655
15,17:00,25.49666659,78.6233331,620.4333333,1.454597219,245.5699999999997,3318.41,18255.19,217920.5571,976.3320000000004,11663.0304,0,0,19231.522,229583.5875
15,18:00,25.54999997,78.83499997,579.8666667,1.44844712,252.0,3570.41,18255.19,236175.7471,976.3320000000004,12639.3624,0,0,19231.522000000023,248815.1095
15,19:00,25.763333,78.83833427,549.9833333,1.440697141,206.99000000000024,3777.4,18255.19,254430.9371,976.3320000000004,13615.6944,0,0,19231.522,268046.6315
15,20:00,25.22999989,83.10499954,585.6833333,1.453202748,0.0,3777.4,894.1949000000022,255325.132,46.33439999999973,13662.0288,0,0,940.5292999999948,268987.1608
15,21:00,25.18666655,82.84333305,593.9166667,1.450927687,126.0,3903.4,0.0,255325.132,0.0,13662.0288,0,0,0.0,268987.1608
15,22:00,25.18833319,83.33499947,591.2333333,1.453760521,0.0,3903.4,0.0,255325.132,0.0,13662.0288,0,0,0.0,268987.1608
15,23:00,25.19999984,82.75833333,586.75,1.451074455,126.0,4029.4,0.0,255325.132,0.0,13662.0288,0,0,0.0,268987.1608
16,00:00,25.1583333,83.11333338,587.9833333,1.45273308,0.0,0.0,0.0,0.0,0.0,0.0,0,0,0.0,0.0
16,01:00,25.18305071,83.29830571,586.3389831,1.451854152,126.0,126.0,0.0,0.0,0.0,0.0,0,0,0.0,0.0
16,02:00,25.13333321,83.22333349,588.1833333,1.453408267,0.0,126.0,0.0,0.0,0.0,0.0,0,0,0.0,0.0
16,03:00,25.12000008,83.06666654,590.4166667,1.452527597,126.0,252.0,0.0,0.0,0.0,0.0,0,0,0.0,0.0
16,04:00,25.12833325,83.08166631,593.4666667,1.45113318,0.0,252.0,0.0,0.0,0.0,0.0,0,0,0.0,0.0
16,05:00,25.0816666,83.68000018,596.1833333,1.450267186,0.0,252.0,0.0,0.0,0.0,0.0,0,0,0.0,0.0
16,06:00,25.76166687,79.4183328,558.95,1.437878946,252.0,504.0,17945.78,17945.78,959.784,959.784,0,0,18905.564,18905.564
16,07:00,25.50500027,78.70333417,532.0666667,1.437012968,252.0,756.0,17945.78,35891.56,959.784,1919.568,0,0,18905.564,37811.128
16,08:00,25.51166662,78.62666677,622.0333333,1.448080152,252.0,1008.0,18255.19,54146.75,976.332,2895.9,0,0,19231.522000000004,57042.65
16,09:00,25.50499989,79.15333354,639.5833333,1.44765448,245.56999999999996,1253.57,18255.19,72401.94,976.332,3872.232,0,0,19231.522000000004,76274.172
16,10:00,25.36333313,79.06666667,683.2333333,1.44226767,245.57000000000016,1499.14,18255.19,90657.13,976.3320000000004,4848.564,0,0,19231.522,95505.694
16,11:00,25.34666608,79.15500031,721.4,1.439566934,252.0,1751.14,18255.19,108912.32,976.3319999999994,5824.896,0,0,19231.522,114737.216
16,12:00,25.3766662,79.15333316,719.85,1.439273363,252.0,2003.14,18255.189999999988,127167.51,976.3320000000004,6801.228,0,0,19231.521999999983,133968.73799999998
16,13:00,25.40666631,79.10333303,706.3666667,1.439038511,245.56999999999996,2248.71,18255.190000000017,145422.7,976.3320000000004,7777.56,0,0,19231.522000000023,153200.26
16,14:00,25.41666635,78.9350001,744.25,1.438407365,245.57000000000016,2494.28,18255.19,163677.89,976.3319999999994,8753.892,0,0,19231.522,172431.782
16,15:00,25.42999973,79.11333199,680.4833333,1.439537565,252.0,2746.28,18255.189999999973,181933.08,976.3320000000004,9730.224,0,0,19231.521999999968,191663.304
16,16:00,25.413333,79.00333341,594.85,1.4381872,252.0,2998.28,18255.19,200188.27,976.3320000000004,10706.556,0,0,19231.522000000023,210894.826
16,17:00,25.42333304,79.05333366,572.8666667,1.438539469,245.5699999999997,3243.85,18255.19,218443.46,976.3320000000004,11682.888,0,0,19231.522,230126.348
16,18:00,25.81166649,79.71333313,566.1666667,1.43663133,245.57000000000016,3489.42,18255.19,236698.65,976.3319999999984,12659.22,0,0,19231.522,249357.87
16,19:00,25.90999966,79.47500064,547.6,1.433563632,252.0,3741.42,18255.19,254953.84,976.3320000000004,13635.552,0,0,19231.522,268589.392
16,20:00,25.3166667,83.59499982,604.5166667,1.439581603,126.0,3867.42,485.7736999999906,255439.6137,21.512399999999616,13657.0644,0,0,507.2860999999684,269096.6781
16,21:00,25.27833335,83.60833308,616.0,1.441959437,0.0,3867.42,0.0,255439.6137,0.0,13657.0644,0,0,0.0,269096.6781
16,22:00,25.2166666,83.58833338,609.8333333,1.440609068,119.56999999999972,3986.99,0.0,255439.6137,0.0,13657.0644,0,0,0.0,269096.6781
16,23:00,25.20833327,83.77500025,601.95,1.43919998,0.0,3986.99,0.0,255439.6137,0.0,13657.0644,0,0,0.0,269096.6781
17,00:00,25.20166658,83.57000071,594.7833333,1.43914126,126.0,126.0,0.0,0.0,0.0,0.0,0,0,0.0,0.0
17,01:00,25.22666661,83.79666634,587.7,1.439787098,0.0,126.0,0.0,0.0,0.0,0.0,0,0,0.0,0.0
17,02:00,25.26833334,83.84500058,581.3166667,1.43934677,126.0,252.0,0.0,0.0,0.0,0.0,0,0,0.0,0.0
17,03:00,25.24000012,83.55666644,575.7333333,1.437746869,0.0,252.0,0.0,0.0,0.0,0.0,0,0,0.0,0.0
17,04:00,25.27166665,84.08499972,572.85,1.440330195,126.0,378.0,0.0,0.0,0.0,0.0,0,0,0.0,0.0
17,05:00,25.23500001,83.95000038,567.0833333,1.439361453,0.0,378.0,0.0,0.0,0.0,0.0,0,0,0.0,0.0
17,06:00,25.81333284,79.75833321,514.3666667,1.432991197,245.57000000000005,623.57,17945.78,17945.78,959.784,959.784,0,0,18905.564,18905.564
17,07:00,25.92666639,79.76833356,476.8666667,1.43042255,252.0,875.57,18255.19,36200.97,976.332,1936.116,0,0,19231.522000000004,38137.086
17,08:00,25.70833352,79.84666608,488.2666667,1.431347249,251.9999999999999,1127.57,18255.19,54456.16,976.332,2912.448,0,0,19231.522,57368.608
17,09:00,25.69000044,80.29499982,512.25,1.430246421,126.0,1253.57,18255.19,72711.35,976.3320000000004,3888.78,0,0,19231.522000000004,76600.13
17,10:00,25.63500051,80.0649999,555.0166667,1.429468507,252.0,1505.57,17945.78,90657.13,959.784,4848.564,0,0,18905.564,95505.694
17,11:00,25.61500044,80.02499936,588.1333333,1.4299969,252.0,1757.57,18255.19,108912.32,976.3319999999994,5824.896,0,0,19231.522,114737.216
17,12:00,25.586667,80.19999975,588.9333333,1.430158351,245.57000000000016,2003.14,18255.189999999988,127167.51,976.3320000000004,6801.228,0,0,19231.521999999983,133968.73799999998
17,13:00,25.58000031,80.01500003,535.4666667,1.430173041,251.99999999999977,2255.14,18255.190000000017,145422.7,976.3320000000004,7777.56,0,0,19231.522000000023,153200.26
17,14:00,25.57166694,79.93500048,515.05,1.4301877,252.0,2507.14,18255.19,163677.89,976.3319999999994,8753.892,0,0,19231.522,172431.782
17,15:00,25.55000019,80.00500018,500.1166667,1.430129006,252.0,2759.14,18255.189999999973,181933.08,976.3320000000004,9730.224,0,0,19231.521999999968,191663.304
17,16:00,25.57833363,79.87000046,513.4833333,1.429277688,252.0,3011.14,18255.19,200188.27,976.3320000000004,10706.556,0,0,19231.522000000023,210894.826
17,17:00,25.45833317,79.88833389,545.7,1.429380431,252.0,3263.14,18255.19,218443.46,976.3320000000004,11682.888,0,0,19231.522,230126.348
17,18:00,25.67333336,80.20666542,549.95,1.427956663,252.0,3515.14,18255.19,236698.65,976.3319999999984,12659.22,0,0,19231.522,249357.87
17,19:00,25.7333334,79.92166672,539.3666667,1.426532906,245.57000000000016,3760.71,18255.19,254953.84,976.3320000000004,13635.552,0,0,19231.522,268589.392
17,20:00,25.21999985,83.97166684,600.5,1.438348673,126.0,3886.71,550.7497999999905,255504.5898,43.02480000000105,13678.5768,0,0,593.7746000000043,269183.1666
17,21:00,25.22833316,83.9399999,614.45,1.438099172,0.0,3886.71,0.0,255504.5898,0.0,13678.5768,0,0,0.0,269183.1666
17,22:00,25.26666654,83.84999962,609.3,1.437570777,126.0,4012.71,0.0,255504.5898,0.0,13678.5768,0,0,0.0,269183.1666
17,23:00,25.25833317,84.29000003,601.7666667,1.434620498,0.0,4012.71,0.0,255504.5898,0.0,13678.5768,0,0,0.0,269183.1666
18,00:00,25.18666652,83.97333349,597.6333333,1.43658734,126.0,126.0,0.0,0.0,0.0,0.0,0,0,0.0,0.0
18,01:00,25.29660994,84.06440644,595.7627119,1.438181277,0.0,126.0,0.0,0.0,0.0,0.0,0,0,0.0,0.0
18,02:00,25.21499983,84.42833341,593.3833333,1.436924924,126.0,252.0,0.0,0.0,0.0,0.0,0,0,0.0,0.0
18,03:00,25.25666647,84.46500028,592.95,1.439434862,0.0,252.0,0.0,0.0,0.0,0.0,0,0,0.0,0.0
18,04:00,25.16833315,84.05833321,590.4833333,1.438334028,126.0,378.0,0.0,0.0,0.0,0.0,0,0,0.0,0.0
18,05:00,25.2233331,84.36333377,589.3666667,1.435427791,0.0,378.0,0.0,0.0,0.0,0.0,0,0,0.0,0.0
18,06:00,25.65500015,80.2799998,528.9666667,1.427442936,252.0,630.0,17636.37,17636.37,926.688,926.688,0,0,18563.058,18563.058
18,07:00,25.4749999,80.28333359,486.35,1.426195302,245.57000000000005,875.57,18255.19,35891.56,976.332,1903.02,0,0,19231.522,37794.58
18,08:00,25.45333316,80.33333371,492.8333333,1.424022983,245.57000000000005,1121.14,18255.19,54146.75,976.332,2879.352,0,0,19231.522000000004,57026.102
18,09:00,25.44833314,80.42833265,561.9833333,1.424742194,245.56999999999996,1366.71,18255.19,72401.94,976.3320000000004,3855.684,0,0,19231.522,76257.624
18,10:00,25.46999989,80.50666669,667.65,1.423876206,252.0,1618.71,18255.19,90657.13,976.3319999999994,4832.016,0,0,19231.52200000001,95489.146
18,11:00,25.58833367,80.60499942,694.0166667,1.422555186,232.71000000000004,1851.42,18255.19,108912.32,976.3320000000004,5808.348,0,0,19231.522,114720.668
18,12:00,25.70499999,80.56666667,755.7,1.421160777,252.0,2103.42,18255.189999999988,127167.51,976.3320000000004,6784.68,0,0,19231.522,133952.19
18,13:00,25.64500036,80.58666687,841.3833333,1.420162674,252.0,2355.42,18255.190000000017,145422.7,976.3319999999994,7761.012,0,0,19231.522,153183.712
18,14:00,25.72833319,80.59666608,844.2,1.418371985,126.0,2481.42,18255.19,163677.89,976.3319999999994,8737.344,0,0,19231.522000000023,172415.23400000003
18,15:00,25.86333307,80.49500008,841.0833333,1.41691886,239.13999999999987,2720.56,18255.189999999973,181933.08,976.3320000000004,9713.676,0,0,19231.521999999968,191646.756
18,16:00,25.89666627,80.36666768,666.9333333,1.416071574,245.57000000000016,2966.13,17945.78,199878.86,959.7839999999997,10673.46,0,0,18905.563999999984,210552.32
18,17:00,25.74666662,80.34500173,507.9333333,1.414577915,245.5699999999997,3211.7,18255.19,218134.05,976.3320000000004,11649.792,0,0,19231.522,229783.842
18,18:00,25.54000015,80.36333313,541.1833333,1.416040208,252.0,3463.7,18255.19,236389.24,976.3320000000004,12626.124,0,0,19231.522000000023,249015.364
18,19:00,25.40833298,80.29166629,591.1666667,1.417212423,252.0,3715.7,18255.19,254644.43,976.3320000000004,13602.456,0,0,19231.522,268246.886
18,20:00,25.17666651,84.3766669,739.65,1.430769217,0.0,3715.7,928.2300000000104,255572.66,33.09599999999955,13635.552,0,0,961.3260000000008,269208.212
18,21:00,25.17999996,84.05166626,715.0666667,1.430863897,126.0,3841.7,0.0,255572.66,0.0,13635.552,0,0,0.0,269208.212
18,22:00,25.13000002,84.55333303,685.5,1.43340653,0.0,3841.7,0.0,255572.66,0.0,13635.552,0,0,0.0,269208.212
18,23:00,25.16166655,84.4766669,660.0333333,1.432114085,126.0,3967.7,0.0,255572.66,0.0,13635.552,0,0,0.0,269208.212
19,00:00,25.09833333,83.68499997,642.4833333,1.434123172,0.0,0.0,0.0,0.0,0.0,0.0,0,0,0.0,0.0
19,01:00,25.12241377,84.19482724,630.9482759,1.430947762,126.0,126.0,0.0,0.0,0.0,0.0,0,0,0.0,0.0
19,02:00,25.1733332,84.036667,614.15,1.433475333,0.0,126.0,0.0,0.0,0.0,0.0,0,0,0.0,0.0
19,03:00,25.13666652,84.2233331,607.2166667,1.43198143,126.0,252.0,0.0,0.0,0.0,0.0,0,0,0.0,0.0
19,04:00,25.1016667,84.17166684,601.3,1.432847997,0.0,252.0,0.0,0.0,0.0,0.0,0,0,0.0,0.0
19,05:00,25.17999992,83.94499969,596.3,1.433679142,126.0,378.0,0.0,0.0,0.0,0.0,0,0,0.0,0.0
19,06:00,25.51999992,80.03166656,528.05,1.423506131,245.57000000000005,623.57,17326.96,17326.96,926.688,926.688,0,0,18253.648,18253.648
19,07:00,25.61499987,81.71333377,489.9833333,1.431670203,252.0,875.57,18255.19,35582.15,976.332,1903.02,0,0,19231.522,37485.17
19,08:00,27.92333317,84.8549998,545.1666667,1.454787999,251.9999999999999,1127.57,18255.189999999995,53837.34,976.332,2879.352,0,0,19231.522,56716.692
19,09:00,28.85166639,82.88333333,550.3333333,1.446494953,252.0,1379.57,18255.19,72092.53,976.3320000000004,3855.684,0,0,19231.522,75948.21399999999
19,10:00,29.16333342,82.35833359,566.8833333,1.440491639,252.0,1631.57,18255.19,90347.72,976.3319999999994,4832.016,0,0,19231.52200000001,95179.736
19,11:00,29.35166616,82.57666677,653.55,1.437012943,245.57000000000016,1877.14,18255.19,108602.91,976.3320000000004,5808.348,0,0,19231.522,114411.258
19,12:00,29.30999934,82.04500033,605.0833333,1.43353429,245.56999999999996,2122.71,18255.19,126858.1,976.3320000000004,6784.68,0,0,19231.522,133642.78
19,13:00,29.51500006,81.96833356,616.5666667,1.430128996,245.57000000000016,2368.28,18255.19,145113.29,976.3319999999994,7761.012,0,0,19231.522,152874.302
19,14:00,29.47166656,81.52999992,571.7833333,1.428191519,252.0,2620.28,18255.19,163368.48,976.3319999999994,8737.344,0,0,19231.522000000023,172105.82400000002
19,15:00,29.82833281,82.02833366,537.3166667,1.42333312,252.0,2872.28,18255.19,181623.67,976.3320000000004,9713.676,0,0,19231.522,191337.346
19,16:00,29.79333286,82.05833346,622.8166667,1.422261639,252.0,3124.28,18255.189999999973,199878.86,976.3320000000004,10690.008,0,0,19231.521999999968,210568.868
19,17:00,29.76999992,82.03499985,632.2,1.421982741,252.0,3376.28,18255.19,218134.05,976.3320000000004,11666.34,0,0,19231.522,229800.39
19,18:00,30.21999985,82.20333303,618.9333333,1.417505982,245.5699999999997,3621.85,18255.19,236389.24,976.3320000000004,12642.672,0,0,19231.522,249031.912
19,19:00,30.29999943,81.50833282,591.25,1.41459919,126.0,3747.85,18255.19,254644.43,976.3320000000004,13619.004,0,0,19231.522000000023,268263.434
19,20:00,28.34999987,81.92333323,623.9,1.416149133,0.0,3747.85,618.820000000007,255263.25,33.09599999999955,13652.1,0,0,651.9159999999683,268915.35
19,21:00,27.46999989,82.76999944,619.65,1.423098284,126.0,3873.85,0.0,255263.25,0.0,13652.1,0,0,0.0,268915.35
19,22:00,27.27333291,81.96499939,604.9833333,1.426415467,0.0,3873.85,0.0,255263.25,0.0,13652.1,0,0,0.0,268915.35
19,23:00,27.15500053,82.62833328,595.1166667,1.427692463,126.0,3999.85,0.0,255263.25,0.0,13652.1,0,0,0.0,268915.35
20,00:00,27.086667,83.13499985,589.5,1.429248339,0.0,0.0,0.0,0.0,0.0,0.0,0,0,0.0,0.0
20,01:00,26.95166648,82.77166646,584.7,1.431024339,119.57,119.57,0.0,0.0,0.0,0.0,0,0,0.0,0.0
20,02:00,26.87833287,83.05,580.2833333,1.432227919,0.0,119.57,0.0,0.0,0.0,0.0,0,0,0.0,0.0
20,03:00,26.79333274,82.18666662,575.1666667,1.433226033,126.0,245.57,0.0,0.0,0.0,0.0,0,0,0.0,0.0
20,04:00,26.69833361,82.79499944,573.8166667,1.435780025,0.0,245.57,0.0,0.0,0.0,0.0,0,0,0.0,0.0
20,05:00,26.59500036,82.91833369,571.1,1.436572607,126.0,371.57,0.0,0.0,0.0,0.0,0,0,0.0,0.0
20,06:00,28.46999992,81.94333305,515.85,1.438906413,252.00000000000009,623.57,17326.96,17326.96,926.688,926.688,0,0,18253.648,18253.648
20,07:00,29.1750001,81.22333323,504.5666667,1.432007762,245.56999999999996,869.14,18255.19,35582.15,976.332,1903.02,0,0,19231.522,37485.17
20,08:00,29.35999956,81.66000036,500.05,1.429453816,252.0000000000001,1121.14,18255.189999999995,53837.34,976.332,2879.352,0,0,19231.522,56716.692
20,09:00,29.23000005,81.59666672,505.0666667,1.428925417,252.0,1373.14,18255.19,72092.53,976.3320000000004,3855.684,0,0,19231.522,75948.21399999999
20,10:00,29.21833347,81.68500074,504.3333333,1.428617175,245.56999999999996,1618.71,18255.19,90347.72,976.3319999999994,4832.016,0,0,19231.52200000001,95179.736
20,11:00,29.12500032,81.87000058,531.2333333,1.429820768,245.56999999999996,1864.28,18255.19,108602.91,976.3320000000004,5808.348,0,0,19231.522,114411.258
20,12:00,29.15500034,81.79000003,511.25,1.43086289,252.00000000000023,2116.28,18255.19,126858.1,976.3320000000004,6784.68,0,0,19231.522,133642.78
20,13:00,29.14333375,81.79999975,489.0333333,1.431215167,245.5699999999997,2361.85,18255.19,145113.29,976.3319999999994,7761.012,0,0,19231.522,152874.302
20,14:00,29.11666695,81.65166613,512.55,1.431655502,252.0,2613.85,18255.19,163368.48,976.3319999999994,8737.344,0,0,19231.522000000023,172105.82400000002
20,15:00,29.13333368,81.71166674,552.8333333,1.431185806,252.0,2865.85,18255.19,181623.67,976.3320000000004,9713.676,0,0,19231.522,191337.346
20,16:00,29.12833363,81.52333349,537.3166667,1.431890341,252.0,3117.85,18255.189999999973,199878.86,976.3320000000004,10690.008,0,0,19231.521999999968,210568.868
20,17:00,29.07166691,81.44166667,512.3833333,1.43256552,245.57000000000016,3363.42,18255.19,218134.05,976.3320000000004,11666.34,0,0,19231.522,229800.39
20,18:00,29.09500033,81.77666651,485.5833333,1.432726983,252.0,3615.42,18255.19,236389.24,976.3320000000004,12642.672,0,0,19231.522,249031.912
20,19:00,29.09666697,82.18333346,478.6166667,1.433226049,245.5699999999997,3860.99,18255.19,254644.43,976.3320000000004,13619.004,0,0,19231.522000000023,268263.434
20,20:00,27.19999978,82.6983331,528.2,1.432580213,0.0,3860.99,309.4100000000035,254953.84,33.09599999999955,13652.1,0,0,342.50599999999395,268605.94
20,21:00,26.45499983,83.20500018,535.2,1.439009172,126.0,3986.99,0.0,254953.84,0.0,13652.1,0,0,0.0,268605.94
20,22:00,26.37833287,82.97166697,535.5,1.441313607,0.0,3986.99,0.0,254953.84,0.0,13652.1,0,0,0.0,268605.94
20,23:00,26.36833283,82.69833336,538.2666667,1.442443804,119.57000000000062,4106.56,0.0,254953.84,0.0,13652.1,0,0,0.0,268605.94
21,00:00,26.58166698,82.92666677,544.8333333,1.442502515,0.0,0.0,0.0,0.0,0.0,0.0,0,0,0.0,0.0
21,01:00,26.63793156,82.94310366,549.4827586,1.444415734,0.0,0.0,0.0,0.0,0.0,0.0,0,0,0.0,0.0
21,02:00,26.61333377,82.75833308,557.1833333,1.445628971,126.0,126.0,0.0,0.0,0.0,0.0,0,0,0.0,0.0
21,03:00,26.59833371,82.59333356,566.65,1.447830665,0.0,126.0,0.0,0.0,0.0,0.0,0,0,0.0,0.0
21,04:00,26.55166686,83.32666702,577.5166667,1.448564541,126.0,252.0,0.0,0.0,0.0,0.0,0,0,0.0,0.0
21,05:00,26.42333304,82.37166697,581.4833333,1.44944521,0.0,252.0,0.0,0.0,0.0,0.0,0,0,0.0,0.0
21,06:00,28.23999999,81.46333313,530.6666667,1.452028531,245.57,497.57,17326.96,17326.96,926.688,926.688,0,0,18253.648,18253.648
21,07:00,28.95166648,81.95333354,508.8333333,1.444322602,245.57,743.14,18255.19,35582.15,976.332,1903.02,0,0,19231.522,37485.17
21,08:00,29.00500002,81.16833318,503.1666667,1.444029051,252.0,995.14,18255.189999999995,53837.34,976.332,2879.352,0,0,19231.522,56716.692
21,09:00,29.05500021,80.886667,498.7333333,1.44449874,245.57000000000005,1240.71,18255.19,72092.53,976.3320000000004,3855.684,0,0,19231.522,75948.21399999999
21,10:00,29.01333338,81.76000061,505.8333333,1.445350075,252.0,1492.71,18255.19,90347.72,976.3319999999994,4832.016,0,0,19231.52200000001,95179.736
21,11:00,28.95833317,81.91833369,509.1,1.446538999,252.0,1744.71,18255.19,108602.91,976.3320000000004,5808.348,0,0,19231.522,114411.258
21,12:00,28.93666658,81.90166651,494.7666667,1.448006791,245.56999999999996,1990.28,18255.19,126858.1,976.3320000000004,6784.68,0,0,19231.522,133642.78
21,13:00,28.91166633,82.28666636,485.6333333,1.44957732,245.56999999999996,2235.85,18255.19,145113.29,976.3319999999994,7761.012,0,0,19231.522,152874.302
21,14:00,28.85999972,81.63333359,489.5833333,1.451955161,252.0,2487.85,18255.19,163368.48,976.3319999999994,8737.344,0,0,19231.522000000023,172105.82400000002
21,15:00,28.86999954,82.26666679,487.7,1.452938579,252.0,2739.85,18255.19,181623.67,976.3320000000004,9713.676,0,0,19231.522,191337.346
21,16:00,28.86833296,81.86333338,478.5,1.454685247,252.0,2991.85,18255.189999999973,199878.86,976.3320000000004,10690.008,0,0,19231.521999999968,210568.868
21,17:00,28.88499962,81.65833321,473.6333333,1.456622732,252.0,3243.85,18255.19,218134.05,976.3320000000004,11666.34,0,0,19231.522,229800.39
21,18:00,29.07666696,81.58499997,475.5833333,1.456123678,245.57000000000016,3489.42,18255.19,236389.24,976.3320000000004,12642.672,0,0,19231.522,249031.912
21,19:00,29.0616669,81.74833323,475.9666667,1.457591476,252.0,3741.42,18255.19,254644.43,976.3320000000004,13619.004,0,0,19231.522000000023,268263.434
21,20:00,27.20999991,82.48000018,526.6833333,1.458046498,126.0,3867.42,928.2300000000104,255572.66,49.643999999998414,13668.648,0,0,977.8740000000108,269241.308
21,21:00,26.46666654,83.33333308,544.1,1.465224016,0.0,3867.42,0.0,255572.66,0.0,13668.648,0,0,0.0,269241.308
21,22:00,26.33666604,83.16666654,550.3333333,1.468012816,119.56999999999972,3986.99,0.0,255572.66,0.0,13668.648,0,0,0.0,269241.308
21,23:00,26.29999927,82.92833354,552.8,1.469744891,0.0,3986.99,0.0,255572.66,0.0,13668.648,0,0,0.0,269241.308
22,00:00,26.25499992,82.81000036,555.7833333,1.470728326,126.0,126.0,0.0,0.0,0.0,0.0,0,0,0.0,0.0
22,01:00,26.23448286,83.51724151,563.3448276,1.471397926,0.0,126.0,0.0,0.0,0.0,0.0,0,0,0.0,0.0
22,02:00,26.12500045,82.99666697,559.7833333,1.472386895,126.0,252.0,0.0,0.0,0.0,0.0,0,0,0.0,0.0
22,03:00,26.07666696,82.95666656,555.7833333,1.473766605,0.0,252.0,0.0,0.0,0.0,0.0,0,0,0.0,0.0
22,04:00,25.95166648,82.89333369,554.8333333,1.475836233,74.56,326.56,0.0,0.0,0.0,0.0,0,0,0.0,0.0
22,05:00,25.89166625,83.23000005,559.9666667,1.479124053,0.0,326.56,0.0,0.0,0.0,0.0,0,0,0.0,0.0
22,06:00,27.63833338,82.16333351,509.9666667,1.483263242,251.99999999999997,578.56,17097.9966,17097.9966,913.4496,913.4496,0,0,18011.4462,18011.4462
22,07:00,28.28666633,82.39499995,500.3166667,1.476672874,252.0,830.56,18255.19,35353.1866,976.332,1889.7816,0,0,19231.522000000004,37242.9682
22,08:00,28.25333322,82.04333331,520.8333333,1.477641612,252.0,1082.56,18255.19,53608.3766,976.332,2866.1136,0,0,19231.522,56474.4902
22,09:00,28.15833378,83.04999975,525.2833333,1.483762304,206.99,1289.55,18255.19,71863.5666,976.332,3842.4456,0,0,19231.52200000001,75706.01220000001
22,10:00,28.36499952,82.75666707,576.8833333,1.486800651,252.0,1541.55,18255.189999999988,90118.7566,976.3320000000004,4818.7776,0,0,19231.521999999983,94937.5342
22,11:00,28.76833312,82.39833349,610.15,1.486639182,245.56999999999996,1787.12,18255.19,108373.9466,976.3319999999994,5795.1096,0,0,19231.522,114169.0562
22,12:00,28.84499976,82.5816672,562.9166667,1.487270347,252.0,2039.12,18255.19,126629.1366,976.3320000000004,6771.4416,0,0,19231.522,133400.5782
22,13:00,28.89833295,83.7233331,588.1666667,1.489207826,252.0,2291.12,17945.78,144574.9166,959.7839999999997,7731.2256,0,0,18905.564000000013,152306.1422
22,14:00,28.87666623,82.79166667,640.75,1.491013205,252.0,2543.12,18255.19,162830.1066,976.3320000000004,8707.5576,0,0,19231.522,171537.6642
22,15:00,28.87166665,82.82333374,620.2,1.492980067,252.0,2795.12,18255.19,181085.2966,976.3320000000004,9683.8896,0,0,19231.522,190769.1862
22,16:00,28.4749999,83.54500008,557.85,1.499511792,252.0,3047.12,18255.19,199340.4866,976.3320000000004,10660.2216,0,0,19231.522,210000.7082
22,17:00,28.36333291,83.63499972,525.4166667,1.504267436,245.57000000000016,3292.69,18255.19,217595.6766,976.3319999999984,11636.5536,0,0,19231.522,229232.2302
22,18:00,28.51333338,82.53666649,546.5333333,1.507217717,239.13999999999987,3531.83,18255.19,235850.8666,976.3320000000004,12612.8856,0,0,19231.522000000023,248463.7522
22,19:00,28.61166709,82.66166649,534.65,1.508259841,252.0,3783.83,18255.19,254106.0566,976.3320000000004,13589.2176,0,0,19231.521999999968,267695.2742
22,20:00,26.88333317,83.65000013,570.4,1.508259849,126.0,3909.83,928.2299999999814,255034.2866,66.19200000000092,13655.4096,0,0,994.4220000000204,268689.6962
22,21:00,26.13666697,83.90666695,573.7666667,1.515099756,0.0,3909.83,0.0,255034.2866,0.0,13655.4096,0,0,0.0,268689.6962
22,22:00,26.03666681,84.14166654,570.0666667,1.517272121,126.0,4035.83,0.0,255034.2866,0.0,13655.4096,0,0,0.0,268689.6962
22,23:00,25.93666643,83.66333326,563.8333333,1.519327039,0.0,4035.83,0.0,255034.2866,0.0,13655.4096,0,0,0.0,268689.6962
23,00:00,25.90333296,83.461667,559.6,1.519767374,119.57,119.57,0.0,0.0,0.0,0.0,0,0,0.0,0.0
23,01:00,25.89649083,83.79824588,557.6666667,1.522312093,0.0,119.57,0.0,0.0,0.0,0.0,0,0,0.0,0.0
23,02:00,25.82166599,83.02166634,552.0166667,1.525036796,119.57,239.14,0.0,0.0,0.0,0.0,0,0,0.0,0.0
23,03:00,25.78166615,83.10833308,551.1666667,1.530364881,0.0,239.14,0.0,0.0,0.0,0.0,0,0,0.0,0.0
23,04:00,25.65666714,82.99500008,548.7,1.532654617,126.0,365.14,0.0,0.0,0.0,0.0,0,0,0.0,0.0
23,05:00,25.57000027,83.05333316,545.1333333,1.534753597,0.0,365.14,0.0,0.0,0.0,0.0,0,0,0.0,0.0
23,06:00,27.31833318,82.59166667,486.5333333,1.539465201,126.0,491.14,17413.5948,17413.5948,928.3428,928.3428,0,0,18341.9376,18341.9376
23,07:00,27.96499987,82.56499952,472.1666667,1.5373369,252.0,743.14,18255.19,35668.7848,976.332,1904.6748,0,0,19231.522000000004,37573.4596
23,08:00,27.95333316,82.9950002,486.15,1.540316526,245.57000000000005,988.71,18255.19,53923.9748,976.332,2881.0068,0,0,19231.522000000004,56804.98160000001
23,09:00,28.16499983,82.97499962,539.2,1.543457611,126.0,1114.71,18255.189999999995,72179.1648,976.332,3857.3388,0,0,19231.52199999999,76036.5036
23,10:00,28.12833366,83.71666692,526.0,1.546290491,252.0,1366.71,18255.19,90434.3548,976.332,4833.6708,0,0,19231.522,95268.0256
23,11:00,28.33833281,83.63166644,516.8,1.548183956,252.0,1618.71,18255.19,108689.5448,976.3320000000004,5810.0028,0,0,19231.52200000001,114499.5476
23,12:00,28.58833364,83.3533329,529.7833333,1.548286708,239.13999999999987,1857.85,18255.19,126944.7348,976.3319999999994,6786.3348,0,0,19231.52200000001,133731.06960000002
23,13:00,28.67000024,83.68333308,529.3666667,1.549930632,206.99000000000024,2064.84,18255.19,145199.9248,976.3320000000004,7762.6668,0,0,19231.522,152962.5916
23,14:00,28.636667,83.70499967,574.15,1.552191043,252.0,2316.84,18255.19,163455.1148,976.3319999999994,8738.9988,0,0,19231.522,172194.1136
23,15:00,28.72500006,84.02000046,575.7,1.554935823,252.0,2568.84,18255.19,181710.3048,976.3320000000004,9715.3308,0,0,19231.522,191425.6356
23,16:00,28.72999996,83.74499957,536.3666667,1.558722723,252.0,2820.84,18255.189999999973,199965.4948,976.3320000000004,10691.6628,0,0,19231.521999999968,210657.1576
23,17:00,28.80499964,84.20999972,559.25,1.560175846,245.5699999999997,3066.41,18255.19,218220.6848,976.3320000000004,11667.9948,0,0,19231.522,229888.6796
23,18:00,28.7616663,83.18166669,532.2833333,1.563654508,252.0,3318.41,18255.19,236475.8748,976.3320000000004,12644.3268,0,0,19231.522000000023,249120.2016
23,19:00,28.64166718,83.40166664,512.3166667,1.566193797,252.0,3570.41,18255.19,254731.0648,976.3319999999984,13620.6588,0,0,19231.521999999968,268351.7236
23,20:00,26.84333315,84.238333,542.1833333,1.569173437,0.0,3570.41,1036.5235000000102,255767.5883,43.02480000000105,13663.6836,0,0,1079.548300000024,269431.2719
23,21:00,26.11833375,84.07499975,547.7333333,1.575587744,126.0,3696.41,0.0,255767.5883,0.0,13663.6836,0,0,0.0,269431.2719
23,22:00,26.00500002,84.29666659,545.6,1.578875589,0.0,3696.41,0.0,255767.5883,0.0,13663.6836,0,0,0.0,269431.2719
23,23:00,25.91999969,84.01666679,543.6833333,1.581884549,126.0,3822.41,0.0,255767.5883,0.0,13663.6836,0,0,0.0,269431.2719
24,00:00,25.90499964,84.29666723,542.9166667,1.586420029,0.0,0.0,0.0,0.0,0.0,0.0,0,0,0.0,0.0
24,01:00,25.87499952,83.73166682,540.4333333,1.589972105,126.0,126.0,0.0,0.0,0.0,0.0,0,0,0.0,0.0
24,02:00,25.83050783,83.92372843,539.3898305,1.595419637,0.0,126.0,0.0,0.0,0.0,0.0,0,0,0.0,0.0
24,03:00,25.78833275,84.08000005,538.6333333,1.596679958,126.0,252.0,0.0,0.0,0.0,0.0,0,0,0.0,0.0
24,04:00,25.68333371,83.9833327,537.5166667,1.600099965,0.0,252.0,0.0,0.0,0.0,0.0,0,0,0.0,0.0
24,05:00,25.59833371,84.563333,537.7,1.600995324,126.0,378.0,0.0,0.0,0.0,0.0,0,0,0.0,0.0
24,06:00,27.275,83.78499997,491.1,1.605281252,252.0,630.0,17017.55,17017.55,910.14,910.14,0,0,17927.69,17927.69
24,07:00,27.88499959,83.83666674,484.1666667,1.602507148,252.0,882.0,18255.19,35272.74,976.332,1886.472,0,0,19231.522,37159.212
24,08:00,27.97833325,84.01333326,487.7333333,1.605002367,206.99,1088.99,18255.19,53527.93,976.332,2862.804,0,0,19231.522,56390.734
24,09:00,28.15166648,84.03000018,533.75,1.60605919,245.56999999999996,1334.56,18255.189999999995,71783.12,976.332,3839.136,0,0,19231.522,75622.256
24,10:00,28.37166618,83.92000033,554.0833333,1.603886851,252.0,1586.56,18255.19,90038.31,976.332,4815.468,0,0,19231.522,94853.778
24,11:00,28.43333308,83.70999972,592.9666667,1.606616956,245.57000000000016,1832.13,18255.19,108293.5,976.3320000000004,5791.8,0,0,19231.52200000001,114085.3
24,12:00,28.44833314,83.44666583,580.2,1.610183684,252.0,2084.13,18255.19,126548.69,976.3319999999994,6768.132,0,0,19231.52200000001,133316.822
24,13:00,28.41499968,83.36666629,538.7833333,1.612943143,252.0,2336.13,18255.19,144803.88,976.3320000000004,7744.464,0,0,19231.522,152548.344
24,14:00,28.51500006,83.46166674,544.3833333,1.614381574,126.0,2462.13,18255.19,163059.07,976.3320000000004,8720.796,0,0,19231.522,171779.866
24,15:00,28.61500044,82.74499995,553.05,1.616465839,252.0,2714.13,18255.19,181314.26,976.3320000000004,9697.128,0,0,19231.522,191011.388
24,16:00,28.74833314,83.02833316,572.6166667,1.619900503,252.0,2966.13,18255.19,199569.45,976.3319999999984,10673.46,0,0,19231.522,210242.91
24,17:00,28.7716663,82.75000025,571.7333333,1.624362618,252.0,3218.13,18255.19,217824.64,976.3320000000004,11649.792,0,0,19231.522,229474.432
24,18:00,28.82166624,82.12666677,548.0166667,1.629896218,245.5699999999997,3463.7,18255.189999999973,236079.83,976.3320000000004,12626.124,0,0,19231.522,248705.954
24,19:00,28.85499948,83.05000013,517.4333333,1.63457848,252.0,3715.7,18255.19,254335.02,976.3320000000004,13602.456,0,0,19231.521999999968,267937.476
24,20:00,27.03666665,83.82333298,572.9166667,1.644045778,0.0,3715.7,618.820000000007,254953.84,33.09599999999955,13635.552,0,0,651.9160000000265,268589.392
24,21:00,26.31333313,83.50166677,586.2833333,1.652720469,126.0,3841.7,0.0,254953.84,0.0,13635.552,0,0,0.0,268589.392
24,22:00,26.1233338,83.06166636,587.05,1.658400851,0.0,3841.7,0.0,254953.84,0.0,13635.552,0,0,0.0,268589.392
24,23:00,26.04000015,83.22166659,584.45,1.662334512,126.0,3967.7,0.0,254953.84,0.0,13635.552,0,0,0.0,268589.392
25,00:00,25.94666646,82.87500013,585.2666667,1.666253523,0.0,0.0,0.0,0.0,0.0,0.0,0,0,0.0,0.0
25,01:00,25.91724106,83.66206847,589.4137931,1.67412093,0.0,0.0,0.0,0.0,0.0,0.0,0,0,0.0,0.0
25,02:00,25.83666604,82.49499995,586.2,1.678039996,0.0,0.0,0.0,0.0,0.0,0.0,0,0,0.0,0.0
25,03:00,25.77333295,82.58500023,588.3166667,1.677085904,119.57,119.57,0.0,0.0,0.0,0.0,0,0,0.0,0.0
25,04:00,25.65333385,83.488333,590.9,1.682487402,0.0,119.57,0.0,0.0,0.0,0.0,0,0,0.0,0.0
25,05:00,25.53666681,82.68666712,592.1,1.683191933,126.0,245.57,0.0,0.0,0.0,0.0,0,0,0.0,0.0
25,06:00,27.12833328,83.09000015,530.0,1.68637706,245.57,491.14,17463.1004,17463.1004,929.9976,929.9976,0,0,18393.098,18393.098
25,07:00,27.67333355,82.59666697,527.9666667,1.68320662,252.0,743.14,18255.19,35718.2904,976.332,1906.3296,0,0,19231.522,37624.62
25,08:00,27.89333293,83.10833295,530.0,1.683984536,252.0,995.14,18255.19,53973.4804,976.332,2882.6616,0,0,19231.522000000004,56856.142
25,09:00,27.98499994,82.33333359,541.8166667,1.685202825,245.57000000000005,1240.71,18255.19,72228.6704,976.332,3858.9936,0,0,19231.522000000004,76087.664
25,10:00,28.3233333,83.24666684,567.8666667,1.684601037,200.55999999999997,1441.27,18255.19,90483.8604,976.3320000000004,4835.3256,0,0,19231.522,95319.186
25,11:00,28.63333356,83.08833338,588.7833333,1.68223786,252.0,1693.27,18255.189999999988,108739.0504,976.3319999999994,5811.6576,0,0,19231.522,114550.708
25,12:00,28.99333324,83.25333328,614.3666667,1.676880415,252.0,1945.27,18255.19,126994.2404,976.3320000000004,6787.9896,0,0,19231.521999999983,133782.22999999998
25,13:00,29.07833344,83.32166684,580.2,1.669688215,252.0,2197.27,18255.190000000017,145249.4304,976.3320000000004,7764.3216,0,0,19231.522000000023,153013.752
25,14:00,28.88166622,82.96666692,567.8166667,1.563404983,245.57000000000016,2442.84,18255.19,163504.6204,976.3319999999994,8740.6536,0,0,19231.522,172245.274
25,15:00,28.90666631,82.87333336,529.2,1.464490587,252.0,2694.84,18255.189999999973,181759.8104,976.3320000000004,9716.9856,0,0,19231.521999999968,191476.796
25,16:00,28.92499971,83.25999985,575.9666667,1.426706463,245.5699999999997,2940.41,18255.19,200015.0004,976.3320000000004,10693.3176,0,0,19231.522000000023,210708.318
25,17:00,28.85999947,82.59000003,563.0333333,1.399109117,245.57000000000016,3185.98,18255.19,218270.1904,976.3320000000004,11669.6496,0,0,19231.522,229939.84
25,18:00,28.8349994,82.53666649,569.5833333,1.357963588,252.0,3437.98,18255.19,236525.3804,976.3319999999984,12645.9816,0,0,19231.522,249171.362
25,19:00,29.06000017,81.82833341,680.0833333,1.308295711,245.57000000000016,3683.55,18255.19,254780.5704,976.3320000000004,13622.3136,0,0,19231.522000000023,268402.884
25,20:00,27.52000004,82.32333349,825.2833333,1.276308745,0.0,3683.55,928.2300000000104,255708.8004,49.64400000000023,13671.9576,0,0,977.8740000000108,269380.75800000003
25,21:00,26.77166662,82.61333351,824.1,1.271459476,126.0,3809.55,0.0,255708.8004,0.0,13671.9576,0,0,0.0,269380.75800000003
25,22:00,26.5433335,82.19666646,781.0166667,1.266116405,0.0,3809.55,0.0,255708.8004,0.0,13671.9576,0,0,0.0,269380.75800000003
25,23:00,26.39999962,81.88833326,745.8333333,1.235931891,126.0,3935.55,0.0,255708.8004,0.0,13671.9576,0,0,0.0,269380.75800000003
26,00:00,26.31666597,82.586667,724.8833333,1.209533093,0.0,0.0,0.0,0.0,0.0,0.0,0,0,0.0,0.0
26,01:00,26.22372899,81.63389872,700.9491525,1.184994352,126.0,126.0,0.0,0.0,0.0,0.0,0,0,0.0,0.0
26,02:00,26.12166713,81.97666677,684.5,1.151595042,0.0,126.0,0.0,0.0,0.0,0.0,0,0,0.0,0.0
26,03:00,26.10000038,82.0899999,667.9166667,1.130931815,126.0,252.0,0.0,0.0,0.0,0.0,0,0,0.0,0.0
26,04:00,26.10000038,82.39499995,652.4,1.091656494,0.0,252.0,0.0,0.0,0.0,0.0,0,0,0.0,0.0
26,05:00,26.10000038,82.56499952,641.5166667,1.067612698,126.0,378.0,0.0,0.0,0.0,0.0,0,0,0.0,0.0
26,06:00,27.75666672,83.01833369,562.1666667,0.942633106,252.0,630.0,17484.7591,17484.7591,931.6524,931.6524,0,0,18416.4115,18416.4115
26,07:00,28.39333293,83.58499997,544.1,0.860220763,245.57000000000005,875.57,18255.19,35739.9491,976.332,1907.9844,0,0,19231.522,37647.9335
26,08:00,28.45833317,82.54666659,574.0333333,0.787266422,251.9999999999999,1127.57,18255.19,53995.1391,976.332,2884.3164,0,0,19231.522000000004,56879.4555
26,09:00,28.58833361,83.09666697,667.3166667,0.708652465,245.57000000000016,1373.14,18255.19,72250.3291,976.332,3860.6484,0,0,19231.522000000004,76110.97750000001
26,10:00,28.74166663,83.55,811.45,0.637356739,252.0,1625.14,18255.19,90505.5191,976.3320000000004,4836.9804,0,0,19231.522,95342.4995
26,11:00,28.75499986,82.81333338,979.1833333,0.568998432,252.0,1877.14,18255.189999999988,108760.7091,976.3319999999994,5813.3124,0,0,19231.521999999983,114574.0215
26,12:00,28.81833299,83.02333374,755.35,0.490587066,251.99999999999977,2129.14,18255.19,127015.8991,976.3320000000004,6789.6444,0,0,19231.52200000001,133805.5435
26,13:00,28.96166652,82.97000008,682.6,0.41193513,252.0,2381.14,18255.190000000017,145271.0891,976.3319999999994,7765.9764,0,0,19231.522000000023,153037.06550000003
26,14:00,29.0,83.01833293,997.9166667,0.34174094,252.0,2633.14,18255.19,163526.2791,976.3320000000004,8742.3084,0,0,19231.522,172268.58750000002
26,15:00,29.33333324,82.00000038,1225.066667,0.283790213,239.14000000000036,2872.28,17945.78,181472.0591,959.7839999999997,9702.0924,0,0,18905.563999999984,191174.1515
26,16:00,29.55000019,81.19666621,1220.583333,0.214836823,245.5699999999997,3117.85,18255.189999999973,199727.2491,976.3320000000004,10678.4244,0,0,19231.521999999968,210405.6735
26,17:00,29.62166688,80.76499952,1217.5,0.151125212,239.13999999999987,3356.99,18255.19,217982.4391,976.3320000000004,11654.7564,0,0,19231.522000000023,229637.1955
26,18:00,29.96666654,82.02666626,1264.366667,0.088223923,252.0,3608.99,18255.19,236237.6291,976.3320000000004,12631.0884,0,0,19231.522,248868.7175
26,19:00,30.08333365,81.45666656,1077.85,0.039426017,245.57000000000016,3854.56,18255.19,254492.8191,976.3320000000004,13607.4204,0,0,19231.521999999968,268100.2395
26,20:00,28.27166659,81.96000036,1043.066667,0.012939885,0.0,3854.56,928.2300000000104,255421.0491,49.643999999998414,13657.0644,0,0,977.8740000000108,269078.1135
26,21:00,27.35333303,82.0100001,912.0666667,0.01885271,126.0,3980.56,0.0,255421.0491,0.0,13657.0644,0,0,0.0,269078.1135
26,22:00,27.12833382,82.65999959,847.65,0.0,0.0,3980.56,0.0,255421.0491,0.0,13657.0644,0,0,0.0,269078.1135
26,23:00,27.09000034,81.96666679,810.5333333,0.0,126.00000000000044,4106.56,0.0,255421.0491,0.0,13657.0644,0,0,0.0,269078.1135
27,00:00,27.0183334,82.78000031,778.1,0.0,0.0,0.0,0.0,0.0,0.0,0.0,0,0,0.0,0.0
27,01:00,26.96499987,82.44333318,746.3666667,0.0,119.57,119.57,0.0,0.0,0.0,0.0,0,0,0.0,0.0
27,02:00,26.92833306,82.84500033,718.5333333,0.0,0.0,119.57,0.0,0.0,0.0,0.0,0,0,0.0,0.0
27,03:00,26.89166625,82.34499969,695.5,0.0,126.0,245.57,0.0,0.0,0.0,0.0,0,0,0.0,0.0
27,04:00,26.82333266,82.57999967,679.75,0.0,0.0,245.57,0.0,0.0,0.0,0.0,0,0,0.0,0.0
27,05:00,26.79333267,83.07499975,669.1,0.0,0.0,245.57,0.0,0.0,0.0,0.0,0,0,0.0,0.0
27,06:00,28.49999984,82.37166697,580.2333333,0.000810324,245.57,491.14,17326.96,17326.96,926.688,926.688,0,0,18253.648,18253.648
27,07:00,29.15166699,82.16166636,558.4333333,0.0,252.0,743.14,18255.19,35582.15,976.332,1903.02,0,0,19231.522,37485.17
27,08:00,29.17666702,82.36166662,556.7333333,0.0,155.55000000000007,898.69,18255.189999999995,53837.34,976.332,2879.352,0,0,19231.522,56716.692
27,09:00,29.35166613,83.03499985,549.6166667,0.0,245.56999999999996,1144.26,18255.19,72092.53,976.3320000000004,3855.684,0,0,19231.522,75948.21399999999
27,10:00,29.54666684,83.36166687,545.1666667,0.0,252.0,1396.26,18255.19,90347.72,976.3319999999994,4832.016,0,0,19231.52200000001,95179.736
27,11:00,29.73833332,82.76333288,534.5666667,0.0,245.56999999999996,1641.83,18255.19,108602.91,976.3320000000004,5808.348,0,0,19231.522,114411.258
27,12:00,29.87833287,83.0716671,521.6833333,0.0,245.57000000000016,1887.4,18255.19,126858.1,976.3320000000004,6784.68,0,0,19231.522,133642.78
27,13:00,30.07500029,82.45000025,509.25,0.0,252.0,2139.4,18255.19,145113.29,976.3319999999994,7761.012,0,0,19231.522,152874.302
27,14:00,30.28166641,83.19000041,495.5,0.0,252.0,2391.4,18255.19,163368.48,976.3319999999994,8737.344,0,0,19231.522000000023,172105.82400000002
27,15:00,30.46999989,82.85666656,485.6333333,0.0,252.0,2643.4,18255.19,181623.67,976.3320000000004,9713.676,0,0,19231.522,191337.346
27,16:00,30.69000018,83.15999997,477.5666667,0.0,245.5699999999997,2888.97,18255.189999999973,199878.86,976.3320000000004,10690.008,0,0,19231.521999999968,210568.868
27,17:00,30.85999947,82.63499985,468.8166667,0.0,245.57000000000016,3134.54,18255.19,218134.05,976.3320000000004,11666.34,0,0,19231.522,229800.39
27,18:00,30.91833302,82.62833366,465.3166667,0.0,252.0,3386.54,18255.19,236389.24,976.3320000000004,12642.672,0,0,19231.522,249031.912
27,19:00,30.87999954,82.25499954,464.4333333,0.0,252.0,3638.54,18255.19,254644.43,976.3320000000004,13619.004,0,0,19231.522000000023,268263.434
27,20:00,29.06833334,82.50666669,534.6333333,0.0,126.0,3764.54,618.820000000007,255263.25,33.09599999999955,13652.1,0,0,651.9159999999683,268915.35
27,21:00,28.24666665,82.83499997,563.4333333,0.0,0.0,3764.54,0.0,255263.25,0.0,13652.1,0,0,0.0,268915.35
27,22:00,28.00500002,82.85000013,577.15,0.0,126.0,3890.54,0.0,255263.25,0.0,13652.1,0,0,0.0,268915.35
27,23:00,27.86833283,82.45333328,588.6166667,0.0,0.0,3890.54,0.0,255263.25,0.0,13652.1,0,0,0.0,268915.35
