,DAT,predicted_weight_g
0,0,1.0030793884135463
1,0,1.4261500423914413
2,0,0.9709925936190018
3,0,1.0016098938561768
4,0,1.0906580801454808
5,0,1.3964335731121906
6,0,2.4265747696860984
7,0,0.9195498481189901
8,0,0.7302731467171739
9,0,0.38399182965409295
10,0,0.6481904435844115
11,0,0.7492204638491131
12,0,0.6008493574290554
13,0,0.5908935376116204
14,0,0.8091340053801872
15,0,0.6879703754262891
16,0,0.9870212924145747
17,0,0.7751872317942698
18,0,1.2919735838387538
19,0,0.34826443107453287
20,0,0.7432508429783411
21,0,-0.1470227452975621
22,0,1.050543584875264
23,0,0.8581379414241539
24,1,-2.1504791952784075
25,1,1.6251153771958116
26,1,0.6107140799488846
27,1,1.3844842464114322
28,1,0.831834788149358
29,1,-0.9423454007066638
30,1,1.6957312114518146
31,1,0.9518162697205312
32,1,1.6725134969058502
33,1,1.6902085185967053
34,1,1.4717468452136657
35,1,1.6575003297219126
36,1,1.2004178658089089
37,1,1.028400557389027
38,1,0.9536511664372966
39,1,1.1579694544431547
40,1,0.9216165031739649
41,1,0.9593706151482806
42,1,0.5571963603511634
43,1,1.165467776441254
44,1,1.118424150743678
45,1,0.9279684256137415
46,1,0.5399050271206391
47,1,1.2221440971092008
48,2,1.8004107411177515
49,2,2.2226498947027196
50,2,1.5772517527113834
51,2,1.8419352973970078
52,2,1.7871360735919453
53,2,1.781523707667418
54,2,1.8153389617899265
55,2,2.2017351958726366
56,2,1.7464852437879514
57,2,1.9935626367917152
58,2,1.8979827192931822
59,2,1.8090920812176563
60,2,1.9462940813410654
61,2,1.726102261137818
62,2,1.7875282311786265
63,2,1.8856700872647991
64,2,1.4291346598061594
65,2,1.5689651836991771
66,2,1.0499817968121548
67,2,1.9707242606457243
68,2,1.8416279180798654
69,2,1.8997067396124052
70,2,2.2555568757535696
71,2,1.8745363917797704
72,3,1.8958775028805945
73,3,2.4192762813739606
74,3,2.0122189880128616
75,3,1.8829448256705987
76,3,2.0060907821377114
77,3,1.875746154680236
78,3,1.8314886835887947
79,3,2.283002057505662
80,3,2.5517386652787337
81,3,2.6600287395382196
82,3,2.89625782582916
83,3,3.0034796650674203
84,3,2.8161178361780443
85,3,2.3861686977364016
86,3,2.3757713342592766
87,3,2.6170148846425363
88,3,2.5648062718643274
89,3,2.446728087126793
90,3,2.4897474552890557
91,3,1.315203812659533
92,3,1.9645325861213863
93,3,2.5374019800940673
94,3,1.2034742249830757
95,3,2.299864342490949
96,4,-0.04341111224589156
97,4,2.7144866516825417
98,4,0.5704022618219824
99,4,3.8012285384773996
100,4,1.0660506218502093
101,4,4.343154092973691
102,4,1.00699222550994
103,4,2.907211307123589
104,4,2.9868902411901566
105,4,2.618234555488897
106,4,2.05020584341338
107,4,2.4710184090189244
108,4,2.5621567724732017
109,4,1.9614013918164233
110,4,2.1994367910339747
111,4,2.2307535594024515
112,4,3.193566681307196
113,4,2.9909766294535807
114,4,2.9886326564976216
115,4,6.750801513948961
116,4,4.835446609843068
117,4,6.185523586683125
118,4,2.330499477185228
119,4,1.4366733779668053
120,5,0.8831082475339755
121,5,1.0338311922340253
122,5,-0.0420153760442048
123,5,2.5809391331858293
124,5,2.6929200483378963
125,5,2.745103795404667
126,5,4.350646055526614
127,5,4.219941445893074
128,5,3.394957201074316
129,5,3.5091658953410523
130,5,3.8946893879909545
131,5,3.631611624499417
132,5,3.1809460990393106
133,5,2.917507874901368
134,5,2.775380058915111
135,5,3.6808244174746747
136,5,3.3588134129477254
137,5,3.407986275692295
138,5,3.8307515019415277
139,5,3.7063190160517046
140,5,3.668597131603203
141,5,3.641943376505111
142,5,3.607396698057986
143,5,3.4831450093847423
144,6,3.7087155922893125
145,6,4.026083932734224
146,6,3.921220090544761
147,6,3.444931459789892
148,6,2.6207436520401473
149,6,4.2074732663693055
150,6,5.276375403727293
151,6,4.269889073191528
152,6,4.852474001266142
153,6,5.390016189153421
154,6,4.9876546577581
155,6,4.983916699345748
156,6,4.594203193366319
157,6,4.521982650130052
158,6,4.365778447766051
159,6,4.587631115423626
160,6,4.448092306493628
161,6,4.452336739554717
162,6,4.768421429042412
163,6,4.491281931119186
164,6,4.6966116715918425
165,6,4.39724988011622
166,6,4.348453265046668
167,6,4.086761957490417
168,7,4.168363929877799
169,7,4.807304090780654
170,7,4.485095050943798
171,7,4.330681433494874
172,7,4.197094508145
173,7,4.414988413398373
174,7,5.305813098173932
175,7,4.838984317478793
176,7,4.917758197760676
177,7,5.170793080422506
178,7,5.683901805230526
179,7,4.9130767553826615
180,7,4.706996868477731
181,7,4.544874489647629
182,7,4.768931519824665
183,7,4.479480558845609
184,7,4.456587111867062
185,7,4.594677240217635
186,7,4.671204082045119
187,7,4.938256984253336
188,7,4.245643773070242
189,7,4.848285676466396
190,7,4.11571523290791
191,7,5.041816147695741
192,8,6.05501549730052
193,8,5.762971943934655
194,8,5.775054768001372
195,8,5.203303898059268
196,8,5.42593863595398
197,8,5.443574555628157
198,8,5.835768172349567
199,8,6.609724096368126
200,8,6.6334813290957975
201,8,6.6285142168385
202,8,6.877549108332921
203,8,6.884962646052649
204,8,6.690294492027675
205,8,6.391741409224235
206,8,6.206546356686534
207,8,6.515820604574678
208,8,6.679291456412493
209,8,6.586432897892646
210,8,6.158075304002811
211,8,6.3801973602547974
212,8,5.693783229677209
213,8,5.869126292542745
214,8,5.505962869270874
215,8,5.994905956183217
216,9,6.68378570643182
217,9,6.565372136035702
218,9,6.805138298545991
219,9,6.385663934592724
220,9,6.905399166572899
221,9,5.675112269826396
222,9,7.626126502482382
223,9,8.311077382633446
224,9,8.454092014755911
225,9,8.885136454717514
226,9,8.959207290027113
227,9,8.681724427169367
228,9,8.291702976384538
229,9,7.983508564328616
230,9,8.299723503568707
231,9,8.13484913346063
232,9,7.681615631526572
233,9,8.095954425495108
234,9,8.29726388022307
235,9,7.8708003270343525
236,9,7.458016074658904
237,9,7.7236988524877965
238,9,7.731530850091822
239,9,7.753870831072138
240,10,6.6595924672259095
241,10,9.258125638552123
242,10,8.55192601585184
243,10,8.392593549412421
244,10,7.400570193951182
245,10,8.411532672386127
246,10,10.681698579759185
247,10,10.099468525852124
248,10,10.150362653930049
249,10,9.290266654513257
250,10,9.071231463724398
251,10,9.570658367903235
252,10,9.290837458337016
253,10,9.077092758720216
254,10,9.790902616002573
255,10,9.04093870922302
256,10,9.228395448366769
257,10,9.302450180145104
258,10,10.256586039413335
259,10,9.765799022519385
260,10,9.496460380209449
261,10,9.22213724208698
262,10,9.647316090817888
263,10,8.724714721212433
264,11,9.895939417343204
265,11,9.151884369036207
266,11,8.807503981931042
267,11,9.090119111601023
268,11,9.148534206325156
269,11,8.937778100681331
270,11,11.073550427632778
271,11,11.163041500793241
272,11,11.325289658254736
273,11,11.351275935120384
274,11,11.196819001458554
275,11,11.377375213817661
276,11,11.20058131599373
277,11,11.87257967996359
278,11,12.342849738522489
279,11,11.263047031584907
280,11,10.83999942391679
281,11,11.022709683981642
282,11,11.273085485261422
283,11,11.151066362321085
284,11,11.089030937950195
285,11,9.84917653011291
286,11,10.547376104230946
287,11,10.234123143822622
288,12,14.706514324403742
289,12,14.939192641285572
290,12,13.816221603000113
291,12,15.874463788207311
292,12,15.83389719748704
293,12,16.086324039191183
294,12,13.861232825545166
295,12,14.190940864207434
296,12,14.751177582084434
297,12,14.844384276921481
298,12,14.867700085875075
299,12,14.91136883953796
300,12,15.1607075041894
301,12,14.737356886243482
302,12,15.810669796074365
303,12,15.588535325281658
304,12,14.156782240819425
305,12,14.393901516629022
306,12,14.740715194568672
307,12,15.657813892223043
308,12,14.935928333772214
309,12,14.843762447642888
310,12,14.760687492741337
311,12,15.12102910946916
312,13,20.55012927288346
313,13,19.417491517385052
314,13,19.456649877781324
315,13,20.206593473886546
316,13,19.896451983701272
317,13,20.161476866247362
318,13,18.90893303729723
319,13,19.464104220656807
320,13,16.696168132499402
321,13,16.88534494669266
322,13,16.269481833943058
323,13,16.814672422534947
324,13,14.71278271883613
325,13,15.722560594509666
326,13,15.776116383965817
327,13,15.649898851254342
328,13,15.55368894423918
329,13,15.950350864613032
330,13,16.842898869634904
331,13,15.589649916577578
332,13,17.34427264774879
333,13,16.747271891693337
334,13,16.14097205838812
335,13,16.09307043482687
336,14,14.689768506694087
337,14,15.11682507345919
338,14,15.604933164573385
339,14,16.103568240530844
340,14,16.43242363340044
341,14,16.245500372725107
342,14,19.242035175143272
343,14,18.7475140813594
344,14,20.22590822999853
345,14,19.58738899864159
346,14,19.613362852445555
347,14,19.444140181362762
348,14,19.350613352369997
349,14,18.226229834364936
350,14,18.10470418872462
351,14,18.12646724726742
352,14,18.029812081648764
353,14,18.018046727775584
354,14,18.188132465829902
355,14,17.148985061739943
356,14,18.490227839521996
357,14,18.5283771208334
358,14,18.933469088748538
359,14,17.127507341308867
360,15,18.857729511919203
361,15,19.054381539018763
362,15,20.025621859904764
363,15,21.588690123229618
364,15,23.481781046515877
365,15,24.113060603809167
366,15,23.979516868372404
367,15,24.34474893941983
368,15,23.099688820098322
369,15,24.007955663692023
370,15,23.1407055962105
371,15,24.840845303556954
372,15,24.636922865443193
373,15,23.301739914219645
374,15,23.953400241462028
375,15,24.34088243680238
376,15,23.993698179912414
377,15,23.30952148328046
378,15,23.70087491925631
379,15,24.18407530039191
380,15,24.724661302212223
381,15,24.038186020679014
382,15,24.459371804061522
383,15,25.469123936335404
384,16,28.49670144570102
385,16,24.087202693631138
386,16,24.202154054310594
387,16,24.90194390275291
388,16,28.462641092549
389,16,26.029830097260376
390,16,26.054306141873376
391,16,30.072028229179747
392,16,27.34157805346623
393,16,25.04741686722685
394,16,26.814455439490885
395,16,26.70496547567506
396,16,26.028128834733216
397,16,28.038539305932375
398,16,26.82686744076198
399,16,26.878563793083167
400,16,28.008970675607507
401,16,27.641204097691563
402,16,25.580244111601814
403,16,27.369507157747968
404,16,25.32508396164304
405,16,25.536409402776385
406,16,24.95611740035617
407,16,26.88070031973242
408,17,26.17497470454783
409,17,23.745748484323155
410,17,24.230093671861272
411,17,24.902135732985524
412,17,23.784705758186206
413,17,25.228347260631672
414,17,25.086650813486237
415,17,21.99320350237664
416,17,22.458602128066545
417,17,23.989233908696768
418,17,21.45585734644701
419,17,23.395300921083354
420,17,21.25429264406256
421,17,23.015095687005854
422,17,25.77894136008914
423,17,25.475354630486756
424,17,27.244114589437473
425,17,23.41844039229974
426,17,22.202944097803528
427,17,22.962650944036625
428,17,20.77146948274953
429,17,20.611308528097474
430,17,20.744982598201236
431,17,20.74385807834477
432,18,29.017002455951
433,18,29.603952017534013
434,18,25.97869818655471
435,18,27.421007461895794
436,18,27.821294134344836
437,18,27.442799337518537
438,18,26.939428161300214
439,18,25.12163121847452
440,18,25.0754599781153
441,18,24.58224063965895
442,18,24.373720550408898
443,18,23.83176885367201
444,18,23.602033311030127
445,18,23.743302747192022
446,18,24.767223108999495
447,18,24.288836220263395
448,18,24.92261946015461
449,18,24.87576511410356
450,18,24.946211985058582
451,18,23.250758562722705
452,18,23.898192163414866
453,18,22.755012396706036
454,18,23.75350414980688
455,18,22.84389423226697
456,19,39.573496304330696
457,19,34.09482596049737
458,19,31.074337413227788
459,19,34.02224522499528
460,19,35.52792882774962
461,19,40.710644865412455
462,19,47.68510004039072
463,19,34.42249688444571
464,19,33.848382807943
465,19,33.32639133543778
466,19,31.850063033544714
467,19,32.212580892128145
468,19,31.756310671749503
469,19,34.211365568398115
470,19,34.74197176506856
471,19,34.759483480557535
472,19,35.46133672243638
473,19,34.32707650089346
474,19,33.36817818830879
475,19,34.87765647996494
476,19,32.48493086488605
477,19,32.59256058336441
478,19,30.73538670559021
479,19,32.33054619176754
480,20,40.0005786530577
481,20,42.24182383718851
482,20,39.66654867596364
483,20,39.201046954638755
484,20,40.432198808928455
485,20,43.75086203056108
486,20,50.391089855772904
487,20,43.80575980669703
488,20,46.69322950825514
489,20,48.37879046997925
490,20,48.66792522692385
491,20,48.606439271645854
492,20,48.12534751823614
493,20,47.950985057996306
494,20,43.32450265561902
495,20,44.68224455476772
496,20,47.108851096642226
497,20,47.48182258398309
498,20,48.218268410387054
499,20,47.49644725512512
500,20,42.60217924083847
501,20,45.1395045087599
502,20,41.889785090037385
503,20,41.47955869678394
504,21,46.92648508482289
505,21,44.79180973297014
506,21,46.65602596214309
507,21,45.87625850381366
508,21,46.30836580408279
509,21,47.18975489476135
510,21,54.04721339094305
511,21,52.68283081919827
512,21,57.765597149476065
513,21,57.73662575332827
514,21,58.65819150909206
515,21,58.51745383226731
516,21,58.98179021275024
517,21,60.749200235616094
518,21,60.85571712000649
519,21,63.97595321266127
520,21,60.83449028052217
521,21,62.49679870851259
522,21,55.18408101833202
523,21,57.009534365008406
524,21,59.15715533233238
525,21,59.47031491573667
526,21,59.969383377585785
527,21,62.07839678083959
528,22,74.41802884408543
529,22,81.92275474215862
530,22,83.99782455601031
531,22,87.0554570619282
532,22,85.42853909378042
533,22,84.94854535145528
534,22,87.28900307575785
535,22,68.8616504589528
536,22,60.94060094970672
537,22,75.26461234780842
538,22,71.35641629747754
539,22,67.04188526627217
540,22,66.75646167944137
541,22,72.03211075016065
542,22,69.53941344589606
543,22,69.5326392714409
544,22,72.93101800843067
545,22,69.6666546421196
546,22,70.48077311308123
547,22,75.03957177748731
548,22,70.59433045524068
549,22,62.76592001267475
550,22,58.210506629102085
551,22,54.28069842327575
552,23,61.62936245545421
553,23,61.98131348615267
554,23,61.68355892848055
555,23,63.034186333839784
556,23,64.49185828009307
557,23,64.43009915380442
558,23,72.32117603885185
559,23,69.38237557695915
560,23,76.89364719198127
561,23,65.41132581038295
562,23,69.96860134651624
563,23,68.00825800618594
564,23,71.90469294540023
565,23,74.69897065076472
566,23,76.43796557255504
567,23,70.28749018445771
568,23,70.43250288801504
569,23,71.29529945494977
570,23,71.2631049621818
571,23,70.21082718532864
572,23,71.73887687317202
573,23,72.04983427119028
574,23,71.31326013001828
575,23,72.58614801402965
576,24,86.82644736284135
577,24,92.16692977181916
578,24,90.77481638903416
579,24,97.67162144083198
580,24,97.3979185890314
581,24,100.19879143620874
582,24,90.92044928363367
583,24,78.5875091757783
584,24,78.43435404107808
585,24,71.53952137718335
586,24,70.58754115559566
587,24,71.45384096236333
588,24,70.14763112343742
589,24,69.02917702702138
590,24,69.2917316874845
591,24,70.10000800993518
592,24,71.88054717993235
593,24,69.56060638102764
594,24,70.56833174447215
595,24,75.22398755356951
596,24,75.79269703249801
597,24,75.6465635418164
598,24,75.52817721104824
599,24,76.23604057161218
600,25,92.63844483658653
601,25,92.96783581123766
602,25,93.25469311655866
603,25,94.28685941764621
604,25,96.15208657544511
605,25,100.44403415269575
606,25,98.8983506330143
607,25,84.11554110555383
608,25,85.3307029600777
609,25,84.83203793736794
610,25,85.46316592821788
611,25,82.37621093320644
612,25,84.64035777508974
613,25,83.51760557815325
614,25,82.78305028727158
615,25,78.99841308346684
616,25,79.48877222461954
617,25,77.537406645029
618,25,77.56954555905055
619,25,82.94892867187754
620,25,83.6941242462695
621,25,82.13290375937461
622,25,82.97690526246353
623,25,82.24187339081197
624,26,99.62846654650765
625,26,98.93320066066099
626,26,102.30971774877735
627,26,101.04576663759877
628,26,101.17745281262629
629,26,99.92249225270179
630,26,89.84089340057253
631,26,89.91059911721504
632,26,89.14011509537897
633,26,91.45154356888463
634,26,91.98224430858221
635,26,90.60873493881462
636,26,91.07355157044793
637,26,89.80078328105799
638,26,92.23491702020954
639,26,93.30912336371671
640,26,92.34977141240722
641,26,89.63849713637728
642,26,87.0201923429471
643,26,85.67712780663028
644,26,86.82605043108825
645,26,83.3879239172232
646,26,90.3338229696107
647,26,91.66999111258762
648,27,115.12625879149067
649,27,113.2849742027062
650,27,114.1936830589285
651,27,114.02773441963573
652,27,115.24359915049757
653,27,115.40080010521713
654,27,116.02668044390528
655,27,97.97782621741828
656,27,98.81758132472929
657,27,93.2364776781732
658,27,92.28551316233379
659,27,94.72378471488403
660,27,87.63676663454675
661,27,75.66797645984086
662,27,87.37579560340191
663,27,90.29529847221795
664,27,94.65802875841186
665,27,90.55015888280812
666,27,88.58898323580166
667,27,88.22669497778858
668,27,89.73903699108989
669,27,89.62495946378715
670,27,94.55096665408578
671,27,94.70901293234229
672,0,2.4869818523842824
673,0,2.497571671714958
674,0,2.5226999099397602
675,0,1.8679295114920578
676,0,1.7110942080259122
677,0,1.8091988171429279
678,0,1.4373638926861716
679,0,1.1476548744858306
680,0,1.5593901534983061
681,0,0.9749860877039325
682,0,1.0617866709434054
683,0,1.059048194383024
684,0,0.9382007396952616
685,0,0.9197842434047772
686,0,0.7874863030872703
687,0,0.7581437679103971
688,0,0.6857548816869894
689,0,0.5497793370218318
690,0,0.5714269819711859
691,0,0.9229601720140366
692,0,0.8477951241686128
693,0,0.8121151994118776
694,0,0.8091279565399816
695,0,0.3983835059143104
696,1,1.2546780097932668
697,1,0.3761438150172296
698,1,1.6228932511039886
699,1,1.2512552699573618
700,1,1.1622529357564204
701,1,1.1639353259435978
702,1,1.0942429179889999
703,1,1.0347709959385156
704,1,0.9953629335037633
705,1,1.2605141835024654
706,1,1.4497992107140263
707,1,1.4537390504584593
708,1,1.1266765468103017
709,1,1.1199081145107428
710,1,1.8894926883116412
711,1,2.050325857715073
712,1,1.989560380982951
713,1,2.168147199023821
714,1,1.4662494037169438
715,1,2.051277531266983
716,1,1.9360606160188922
717,1,1.7577700952143616
718,1,1.8195267018298722
719,1,1.5119809949231708
720,2,2.103652162922984
721,2,1.2841462301234827
722,2,2.1591982331856485
723,2,2.123566950977839
724,2,1.5833581286774034
725,2,1.6091053758880562
726,2,0.35149088239843707
727,2,1.9086298801231933
728,2,1.74425101744621
729,2,1.7335196232898014
730,2,1.9087781411366294
731,2,1.849445797206549
732,2,1.7935287053220605
733,2,1.7955761305108027
734,2,1.7821245316868612
735,2,1.5841152604899023
736,2,1.51364559528745
737,2,1.376557712393307
738,2,1.444100144200327
739,2,1.5840453106275802
740,2,1.8141251049761848
741,2,1.831401401105225
742,2,2.061416625469832
743,2,1.8162682401691725
744,3,3.4382303035250708
745,3,3.1786803358875844
746,3,3.3618975988683673
747,3,3.045678842029556
748,3,2.7062304265697747
749,3,2.673323937305362
750,3,1.9833035524999687
751,3,2.0841995014965775
752,3,2.1546466815577574
753,3,1.9739377817253256
754,3,2.4393291382388753
755,3,2.1792879235898255
756,3,3.257649246733429
757,3,2.548940742918667
758,3,2.8646231904120754
759,3,2.175438581398872
760,3,2.7990474270725727
761,3,2.811509819856667
762,3,1.3196741029535843
763,3,1.634880253726287
764,3,1.5315812797104371
765,3,1.4591336519804443
766,3,1.8390171951454661
767,3,1.7998031651999895
768,4,3.310174584328692
769,4,2.7949771671135863
770,4,3.0584599536568717
771,4,3.386900419689784
772,4,3.0336388115655524
773,4,2.770148161999451
774,4,2.2762348055681088
775,4,2.276370044477723
776,4,2.393442998499623
777,4,2.4951582649973005
778,4,2.530592281732659
779,4,2.436552434819589
780,4,2.221426613116037
781,4,2.0069254143007598
782,4,2.210545992829644
783,4,2.0685557370523853
784,4,2.1547631167687413
785,4,2.041660836616259
786,4,1.4389214138663746
787,4,1.283253342024615
788,4,1.7646358441188
789,4,1.66793704961335
790,4,1.702510489695868
791,4,1.7629711054028476
792,5,3.549332519699057
793,5,3.389697436372405
794,5,3.2112266472547546
795,5,3.1488291696970343
796,5,3.1614657406031057
797,5,2.8218995002231892
798,5,2.1705260067201877
799,5,2.539937811591578
800,5,2.2125370316176642
801,5,2.6096633909736653
802,5,2.381549078278482
803,5,2.807478682776427
804,5,2.8413648107829417
805,5,2.745830725878122
806,5,2.8274656257249973
807,5,3.012849972574294
808,5,2.615428031917162
809,5,2.973029850816502
810,5,2.2308089854044084
811,5,2.9536743784935915
812,5,2.9786279227988253
813,5,3.15708602965006
814,5,2.9267456550134305
815,5,3.27133704876395
816,6,4.460135842597747
817,6,4.69071477369889
818,6,4.079666446264273
819,6,4.248965724652859
820,6,4.016543524547547
821,6,4.273062137883471
822,6,3.937161670871248
823,6,3.847188457623087
824,6,3.731574518015872
825,6,3.7920829346597493
826,6,3.876049216656334
827,6,3.9043762982426884
828,6,3.5056055079993946
829,6,3.7840468613166998
830,6,3.648630677951939
831,6,3.532770211747323
832,6,3.458738467123279
833,6,3.519466942732098
834,6,3.9927999351796046
835,6,3.542358866007966
836,6,3.871673350546722
837,6,3.7557142433391597
838,6,3.904309599112487
839,6,3.7725973413323324
840,7,3.8997270075726433
841,7,3.743514617812931
842,7,3.7868435742251023
843,7,3.6178052395181055
844,7,3.690588895420994
845,7,3.5851605536847337
846,7,3.633788684253542
847,7,4.327027374946908
848,7,4.150278135465946
849,7,4.184965299960943
850,7,4.360743608476348
851,7,4.346657376424268
852,7,4.120754203631929
853,7,4.2734766222502785
854,7,4.064696759733529
855,7,4.043809676985035
856,7,3.917869369812376
857,7,3.818479305194696
858,7,3.6459000390099945
859,7,4.017863518261969
860,7,4.230051765676009
861,7,4.362256728230964
862,7,4.256139537923865
863,7,4.368546949047083
864,8,4.86014019732734
865,8,4.7097320757084375
866,8,4.2632297118570825
867,8,4.10212828937345
868,8,3.8895733056959614
869,8,4.104386684194839
870,8,5.038529326779855
871,8,5.432607419880917
872,8,4.910884386081985
873,8,5.050343964598156
874,8,4.8570096312628515
875,8,4.965990605935012
876,8,4.716094716614581
877,8,4.665755760182002
878,8,4.792559005604183
879,8,5.039239705012058
880,8,5.031840658856691
881,8,4.794975782628892
882,8,4.045587086528343
883,8,5.070396350521374
884,8,5.06225422197096
885,8,5.046248353643048
886,8,4.988959533820541
887,8,5.076306911932644
888,9,5.754717332842251
889,9,5.702691476898565
890,9,5.599707557718112
891,9,5.419046569904143
892,9,5.088764689403707
893,9,5.53212563768502
894,9,6.109598190868173
895,9,7.14023315647605
896,9,6.571178978940676
897,9,6.626932983467004
898,9,6.748579063739438
899,9,6.627795220434859
900,9,6.642534397203434
901,9,7.059924156974834
902,9,5.722791185181137
903,9,6.304027962538942
904,9,6.141961079868437
905,9,6.632052100579472
906,9,6.45145892487913
907,9,6.138658070919313
908,9,6.543430090321319
909,9,6.883847448726815
910,9,6.865460669232011
911,9,7.077648746616212
912,10,7.99260307305477
913,10,7.428078921744479
914,10,7.1328440877189365
915,10,6.462993419492605
916,10,6.522908411600721
917,10,6.192848618287485
918,10,7.04975752778309
919,10,8.448857811831548
920,10,8.176711135658927
921,10,7.5998465046224055
922,10,8.181912057956104
923,10,7.593319202280824
924,10,7.6121785887835
925,10,7.816110462028618
926,10,6.73189179486597
927,10,7.5036094658836525
928,10,6.912120345104814
929,10,8.2529874024071
930,10,6.718414840221541
931,10,8.256117740780581
932,10,7.730153298998147
933,10,8.417480330439435
934,10,8.31402737948192
935,10,8.49156257820152
936,11,8.622446951056183
937,11,8.922202506666693
938,11,8.194616729569692
939,11,8.834315094474352
940,11,8.538603476335926
941,11,8.52354658614011
942,11,9.179257980593576
943,11,8.989491904561184
944,11,9.283994556909043
945,11,9.34753509522173
946,11,10.286322909139002
947,11,9.797033827605894
948,11,9.903902025055846
949,11,9.878879681746572
950,11,9.582437418321721
951,11,9.703550789627531
952,11,9.630290700763542
953,11,9.68495259604741
954,11,9.772532570612182
955,11,10.434274289453278
956,11,10.014481771808583
957,11,10.415335761722098
958,11,9.981112398438846
959,11,10.67236386405498
960,12,11.009420540070284
961,12,10.865652486642098
962,12,9.95419793562495
963,12,10.662380965623733
964,12,9.84178348985889
965,12,10.421446331968646
966,12,11.384816237453123
967,12,11.571566176738433
968,12,12.250913721512894
969,12,12.027090856166321
970,12,12.316002965217123
971,12,12.313343050789175
972,12,12.284046721881229
973,12,11.497478555112213
974,12,12.105553424737984
975,12,11.299188573264239
976,12,11.769051477330201
977,12,12.163482449178538
978,12,11.288430501943349
979,12,12.74953932800701
980,12,12.899409252557366
981,12,12.723616713089484
982,12,12.390721070896305
983,12,11.72203257228393
984,13,12.545357278208979
985,13,11.572607659059798
986,13,12.423950486890433
987,13,12.018916525842652
988,13,11.91297728378883
989,13,11.697027374765245
990,13,13.433851233819851
991,13,12.49869301317316
992,13,12.881291076053998
993,13,13.162470077285693
994,13,13.307045221911462
995,13,13.54434735799084
996,13,13.44340316443741
997,13,12.976905216526873
998,13,13.768562142090282
999,13,14.382200081850048
1000,13,13.341223829570804
1001,13,12.966772453385186
1002,13,13.882864536348787
1003,13,15.511877490502194
1004,13,14.387124799369449
1005,13,15.538014439450933
1006,13,14.606542212626294
1007,13,14.02582797548666
1008,14,16.036340970600047
1009,14,14.304834027494405
1010,14,14.384068435846455
1011,14,14.074013384826834
1012,14,13.769287209747596
1013,14,12.907995619803188
1014,14,15.59037105885331
1015,14,15.609465435111957
1016,14,15.731444962441003
1017,14,15.814442111695179
1018,14,15.966201231721207
1019,14,15.775847173439356
1020,14,15.598987658660661
1021,14,15.832881423334065
1022,14,15.929274371323391
1023,14,16.19702936215059
1024,14,15.55996991596312
1025,14,15.408978475019605
1026,14,15.952794949934432
1027,14,17.863727548473726
1028,14,17.607161896350398
1029,14,16.76200562325953
1030,14,17.303789408349232
1031,14,16.68691774315536
1032,15,16.09851103734267
1033,15,15.210539878659109
1034,15,16.601007688370707
1035,15,16.663497235910217
1036,15,16.32062363072007
1037,15,15.580091291788307
1038,15,17.945653560916558
1039,15,19.807281701645827
1040,15,19.285492356934547
1041,15,18.96484143910126
1042,15,18.043672636955947
1043,15,17.91900896019275
1044,15,17.691729681734078
1045,15,17.801534196475192
1046,15,17.752499106938416
1047,15,17.902349498155573
1048,15,18.23690334905005
1049,15,18.207155363457783
1050,15,17.361374599537093
1051,15,19.6650409109099
1052,15,19.067030329458355
1053,15,20.614422900997717
1054,15,18.977665810871883
1055,15,20.216833432431415
1056,16,19.706789418308908
1057,16,19.84300681925958
1058,16,18.25666789871283
1059,16,19.33955371808504
1060,16,19.323214694739427
1061,16,19.22150159425923
1062,16,21.767270271295537
1063,16,22.771929222902486
1064,16,21.8428721388863
1065,16,22.4054232103177
1066,16,22.14783581816949
1067,16,22.598054672489983
1068,16,21.654131309700958
1069,16,21.142318800649754
1070,16,20.820857031014242
1071,16,21.322750686604333
1072,16,21.050631624689494
1073,16,22.009821869575852
1074,16,20.525331213853026
1075,16,23.48356371684913
1076,16,22.846424505429873
1077,16,24.477894302095272
1078,16,25.18433622416825
1079,16,25.46882054166421
1080,17,23.519891628519666
1081,17,22.945745938323928
1082,17,24.761570393706936
1083,17,22.703452342744207
1084,17,22.381281917326163
1085,17,23.08238970733411
1086,17,25.22390037689183
1087,17,26.64254665415668
1088,17,26.054970990480506
1089,17,26.706005367648636
1090,17,25.5485427570505
1091,17,24.899011430322943
1092,17,25.547166465967088
1093,17,26.227011739450063
1094,17,25.61368847685015
1095,17,26.046914817135235
1096,17,26.030872632045728
1097,17,26.08701858856952
1098,17,25.851546306608967
1099,17,28.192107860429267
1100,17,28.597210356235855
1101,17,28.57015960302049
1102,17,28.474856669059506
1103,17,29.070373037214512
1104,18,26.666835563400703
1105,18,25.38182622061892
1106,18,26.145229105976185
1107,18,26.033063698495294
1108,18,26.255511032792416
1109,18,26.066918218378518
1110,18,29.46394112299095
1111,18,30.962187315685973
1112,18,29.677605147255008
1113,18,29.894862451247846
1114,18,29.91576527592873
1115,18,29.347605687193678
1116,18,29.117020429153015
1117,18,29.17567664661378
1118,18,30.154553286806696
1119,18,29.79193821013841
1120,18,29.287168311491993
1121,18,28.69231338472752
1122,18,30.47181587748063
1123,18,31.66801372539289
1124,18,33.009606128958026
1125,18,32.66669219652867
1126,18,33.026492607602705
1127,18,33.38262019743906
1128,19,33.351708424655214
1129,19,32.20907552306006
1130,19,34.837301453886596
1131,19,32.69630897095772
1132,19,32.96914439755433
1133,19,32.19727938902629
1134,19,36.282541002655364
1135,19,37.827874675168204
1136,19,37.816220652929296
1137,19,37.49707817974964
1138,19,38.44363385357861
1139,19,37.676324563942515
1140,19,37.339211222930274
1141,19,38.42900129433989
1142,19,36.148922277710014
1143,19,35.61248139843436
1144,19,36.19056247791019
1145,19,35.60979794887397
1146,19,36.5104369718152
1147,19,37.441102417553644
1148,19,39.49231174796415
1149,19,39.46128220386195
1150,19,39.72199655877203
1151,19,38.627723230894496
1152,20,38.699865585307634
1153,20,34.80816364730962
1154,20,39.88239651278403
1155,20,34.84361696152258
1156,20,38.43323552521032
1157,20,34.29107916643622
1158,20,39.65669542039574
1159,20,47.144170937432364
1160,20,46.080088482647945
1161,20,43.45240614894615
1162,20,41.8897822199923
1163,20,43.433593040293644
1164,20,42.4327747355447
1165,20,41.25532170961645
1166,20,40.550228804618754
1167,20,41.93128956420779
1168,20,43.339054126547424
1169,20,41.06402408287745
1170,20,43.11455178833504
1171,20,46.18684121443707
1172,20,44.730226900571324
1173,20,45.76171028933609
1174,20,45.70725092316151
1175,20,45.54964726169359
1176,21,42.93388351770797
1177,21,44.3979253815161
1178,21,37.44283944871749
1179,21,39.4747443496439
1180,21,36.04052397236309
1181,21,39.787439196090816
1182,21,40.90523392710725
1183,21,43.976427063156095
1184,21,42.67183131245297
1185,21,47.943002661479994
1186,21,47.84126121016784
1187,21,44.727577483974535
1188,21,44.426855157133176
1189,21,45.60307015389172
1190,21,45.83552365969531
1191,21,44.52536202355908
1192,21,46.54764876603423
1193,21,44.461693710068225
1194,21,43.10191180723789
1195,21,53.084319391876654
1196,21,51.55370429461233
1197,21,53.27129768313192
1198,21,55.289724300913676
1199,21,53.017283739839534
1200,22,51.32075924538708
1201,22,53.39476969863307
1202,22,53.09699374466499
1203,22,52.97575842841613
1204,22,53.175844896940816
1205,22,54.827899836360075
1206,22,54.71420490465654
1207,22,66.67336562767555
1208,22,55.82479007094689
1209,22,61.606227187296426
1210,22,59.27220032828285
1211,22,53.41979664582885
1212,22,49.07221065258586
1213,22,49.54579139178701
1214,22,51.57617060973915
1215,22,53.82664257967859
1216,22,51.496627023861556
1217,22,48.06917266842375
1218,22,46.952119070252394
1219,22,56.06890182196824
1220,22,57.69355023869195
1221,22,60.87227864262643
1222,22,58.45873304540724
1223,22,61.196179935305906
1224,23,51.75323365317411
1225,23,57.08076812097204
1226,23,53.874515955236916
1227,23,54.8536681942101
1228,23,52.170346456767284
1229,23,59.46330017449344
1230,23,62.52486196005584
1231,23,65.13036761877643
1232,23,63.06630453404016
1233,23,63.41244446082585
1234,23,75.16579401804086
1235,23,78.44081470619504
1236,23,68.31144124509879
1237,23,78.04101898057037
1238,23,71.15595432830398
1239,23,68.57350848747784
1240,23,62.97352843823112
1241,23,57.95808877079486
1242,23,59.82505394025376
1243,23,61.61925423491339
1244,23,75.14197808310621
1245,23,69.98999589648236
1246,23,75.49242476023319
1247,23,75.27022318270707
1248,24,80.93539300560226
1249,24,81.84730443095651
1250,24,69.98159017697827
1251,24,69.74081269161212
1252,24,69.90055915083386
1253,24,71.06565762400243
1254,24,70.39118073484632
1255,24,83.38578177943953
1256,24,71.519780400619
1257,24,89.5571921138527
1258,24,73.39868390973764
1259,24,69.32559222453946
1260,24,65.26484037255551
1261,24,64.27296845116655
1262,24,71.34775581778395
1263,24,70.63592648829103
1264,24,67.43628316321556
1265,24,65.2757591573729
1266,24,64.53800289370781
1267,24,75.62841168851511
1268,24,74.90155795809571
1269,24,76.74647918976234
1270,24,69.23489822688865
1271,24,76.73083598282423
1272,25,71.67685646691626
1273,25,81.36830422171394
1274,25,68.07437385420778
1275,25,77.28722892682283
1276,25,71.865958370996
1277,25,80.07536553784198
1278,25,79.65376049627248
1279,25,78.18578660897312
1280,25,76.9237445194461
1281,25,89.85271640701512
1282,25,86.5186286378056
1283,25,72.50628440268989
1284,25,70.2088842914006
1285,25,67.79013396457736
1286,25,82.47320033712859
1287,25,79.49603656285963
1288,25,73.39365434100057
1289,25,73.557902572286
1290,25,74.65903598157715
1291,25,84.10012820051847
1292,25,88.00746843660951
1293,25,85.5835797446995
1294,25,88.05457718933103
1295,25,80.99485422162145
1296,26,91.91824989768668
1297,26,80.94161247479673
1298,26,85.52604317102386
1299,26,85.98742051662052
1300,26,86.04822202358986
1301,26,75.60733098211297
1302,26,83.21485959375843
1303,26,87.06966085677499
1304,26,73.89088157967016
1305,26,75.65326681148309
1306,26,71.76146736439676
1307,26,65.94544664432284
1308,26,68.94540935832973
1309,26,84.489559238562
1310,26,80.07943280460908
1311,26,60.37467277041222
1312,26,74.05402013585325
1313,26,66.04712605097448
1314,26,78.29499064740682
1315,26,86.55993567271003
1316,26,89.01334563309953
1317,26,77.06809238109656
1318,26,88.6456638380431
1319,26,75.8132284526313
1320,27,89.64442002663897
1321,27,77.26430687424653
1322,27,81.8430822836064
1323,27,88.57990592091593
1324,27,83.7793427966379
1325,27,80.96960119824683
1326,27,86.70240124439582
1327,27,88.73265786425475
1328,27,83.24571470736342
1329,27,80.24034334576135
1330,27,68.6408772240629
1331,27,75.47987417738013
1332,27,81.59352165541219
1333,27,66.5571330546837
1334,27,85.61781291053111
1335,27,89.34105177663753
1336,27,84.54099445871344
1337,27,81.4922405897042
1338,27,94.48094256587407
1339,27,87.92365702685547
1340,27,98.93436827030082
1341,27,92.70633508920456
1342,27,98.60940364639774
1343,27,96.3319100678068
1344,0,0.9931062508722803
1345,0,0.9791728973599092
1346,0,0.9759260317352201
1347,0,1.2518835053267878
1348,0,1.2898392694017886
1349,0,1.2747823792059663
1350,0,-0.11326786042809545
1351,0,0.19753948939534638
1352,0,0.10032264206666497
1353,0,0.12308568877821102
1354,0,-0.09747304865277329
1355,0,-0.3299957963259388
1356,0,-0.3648573418487402
1357,0,0.5248060791952227
1358,0,1.1392727355823808
1359,0,1.2098991495648619
1360,0,1.189948600144703
1361,0,1.3906026688641688
1362,0,1.2900171657164847
1363,0,1.0975811173788017
1364,0,0.7316867096796287
1365,0,1.1832419688968017
1366,0,0.9986028595151382
1367,0,1.2573700972039177
1368,1,0.8497569705758963
1369,1,1.0209791363336649
1370,1,0.9886321259713995
1371,1,0.9213445855100417
1372,1,1.0194458572742775
1373,1,1.1729178806435527
1374,1,1.1794906941057377
1375,1,1.7499686051922652
1376,1,2.254874216887714
1377,1,1.877388679238372
1378,1,1.5695870073468328
1379,1,1.7766108972052592
1380,1,1.5321805121230696
1381,1,0.9136427474952171
1382,1,1.1106182868023495
1383,1,1.1443671312381056
1384,1,1.0644855506712005
1385,1,0.5408956132008029
1386,1,2.0700525000668293
1387,1,1.5607831129568126
1388,1,1.8139728671933995
1389,1,0.43622120948222687
1390,1,0.9750115918695457
1391,1,0.4450602072883285
1392,2,0.5867780905750024
1393,2,0.5242758606637281
1394,2,0.6132004702437257
1395,2,0.449737774655226
1396,2,0.5334914098050874
1397,2,0.38394309485536837
1398,2,0.7150393364247805
1399,2,2.11506777118899
1400,2,2.5393075767451165
1401,2,2.4938542311332412
1402,2,2.258152782224464
1403,2,2.0896304578089584
1404,2,1.8209094502000696
1405,2,1.2216218265046237
1406,2,1.412691061088374
1407,2,1.3949229189947587
1408,2,1.3430613007598708
1409,2,0.8850430046734701
1410,2,2.8936365583103836
1411,2,2.053310420147632
1412,2,2.3985994372869897
1413,2,1.5070652677175786
1414,2,2.0871055438205985
1415,2,1.684298423760417
1416,3,1.6540588196624384
1417,3,2.018226302020487
1418,3,2.030445077809709
1419,3,1.7542090668359975
1420,3,2.256017161702758
1421,3,1.776308248673942
1422,3,0.8354299913923029
1423,3,2.1636024740136435
1424,3,2.5365103398381237
1425,3,2.9392306425740102
1426,3,2.450657008198455
1427,3,2.1988884167718226
1428,3,1.8450162631491125
1429,3,1.8029987982382636
1430,3,1.3288980907405517
1431,3,1.7657858904078978
1432,3,1.3705150387939895
1433,3,1.6260468270098158
1434,3,2.3260829224429713
1435,3,2.374973172685607
1436,3,1.5239131262625278
1437,3,2.6899189004087134
1438,3,3.0097924468921384
1439,3,3.5024146886641816
1440,4,2.6420838679452103
1441,4,3.5733806712368406
1442,4,2.2317011362241743
1443,4,3.253455905208675
1444,4,2.453996770641872
1445,4,2.9903729715920946
1446,4,1.1942050177393995
1447,4,2.3595674725497062
1448,4,2.2114944345128578
1449,4,2.5467299135232437
1450,4,2.401200114877227
1451,4,2.3912518974402417
1452,4,1.7088578031056372
1453,4,2.0604377087353143
1454,4,1.3418651389692755
1455,4,1.7165477104058127
1456,4,1.1433221874076906
1457,4,1.490435931104379
1458,4,1.5877968688839275
1459,4,2.5608529949080676
1460,4,3.1850672059759475
1461,4,2.976698345075256
1462,4,2.293648099854167
1463,4,3.2217410348868434
1464,5,2.6784063069577115
1465,5,3.923244683235474
1466,5,2.5029298259986774
1467,5,3.6897260798735942
1468,5,2.840549198306846
1469,5,3.7858174387594055
1470,5,2.23534013567847
1471,5,2.783447487431154
1472,5,3.167407990691398
1473,5,3.178154542997394
1474,5,3.2365593038891234
1475,5,3.8454253065032944
1476,5,3.4723328368155286
1477,5,3.3319452843446946
1478,5,3.12256738390991
1479,5,3.201781039546166
1480,5,3.2628370080393765
1481,5,3.0444828086575804
1482,5,3.5573817788307203
1483,5,4.170873504159182
1484,5,4.187993230720046
1485,5,3.878048625860121
1486,5,3.8225369116580445
1487,5,3.86223975686557
1488,6,3.398538744542389
1489,6,2.943062275105291
1490,6,3.2751854025454143
1491,6,2.5756912282252387
1492,6,3.5483799482021254
1493,6,2.774219815163761
1494,6,2.256642527808715
1495,6,2.9803769723042137
1496,6,2.8201222836324646
1497,6,2.3632888520324116
1498,6,2.9220110481592876
1499,6,3.133657725495464
1500,6,3.342213919266939
1501,6,2.8498113362775683
1502,6,2.639939009977887
1503,6,2.505120876238145
1504,6,2.8283321392416667
1505,6,2.5535755722730755
1506,6,3.290633575531409
1507,6,4.129973626645306
1508,6,4.477331415632005
1509,6,3.8187891976349917
1510,6,3.2900848733772996
1511,6,3.1270201265083557
1512,7,3.3629617612780933
1513,7,3.2367783948165787
1514,7,2.858022015009958
1515,7,2.853987805975315
1516,7,2.756015565424775
1517,7,2.5718686813296117
1518,7,2.953285340961184
1519,7,2.6623555601754134
1520,7,3.076971898098325
1521,7,2.94998574382992
1522,7,2.9267960644473945
1523,7,2.6505521412622457
1524,7,2.842983341595911
1525,7,3.0578949851655253
1526,7,2.8084076681607755
1527,7,2.784280990952759
1528,7,2.7736250815547407
1529,7,2.87801820908777
1530,7,3.2529042773499093
1531,7,2.4768321973326266
1532,7,3.9065189489326
1533,7,3.3267765599248555
1534,7,4.229379448206831
1535,7,3.703203337963604
1536,8,2.4809454382441203
1537,8,4.942071290673322
1538,8,4.663926712751898
1539,8,4.07574994493098
1540,8,6.67638252817752
1541,8,3.5750404849774178
1542,8,3.1772642913274645
1543,8,3.7712836500594094
1544,8,3.191505090272397
1545,8,3.783492595783308
1546,8,3.717831033657614
1547,8,3.897277492085532
1548,8,3.7128543665859084
1549,8,3.345507037775697
1550,8,3.2303693541996843
1551,8,3.139730540803072
1552,8,3.1218366711947887
1553,8,2.885782874195556
1554,8,3.7680572110816577
1555,8,4.2088677946204385
1556,8,3.9226775178965987
1557,8,4.306728816645865
1558,8,4.6306720389317135
1559,8,5.017208764532825
1560,9,4.789681584359254
1561,9,4.559345576102121
1562,9,5.1259205210657655
1563,9,4.190239657483978
1564,9,4.564833622947379
1565,9,4.6829987843925345
1566,9,3.2267803567015854
1567,9,3.143174733027486
1568,9,3.1537108234050315
1569,9,3.9095477408501402
1570,9,3.9561718901291982
1571,9,4.065635451163963
1572,9,3.4585441993441
1573,9,3.5212993530359427
1574,9,3.11502524593757
1575,9,3.287588539204144
1576,9,3.221813044991915
1577,9,3.075585404236435
1578,9,4.688817084353207
1579,9,4.705616278559454
1580,9,5.94214209040706
1581,9,5.370874432975082
1582,9,5.7820169772564185
1583,9,5.43215928915313
1584,10,6.702157852213347
1585,10,7.2709273566042185
1586,10,6.584941486212813
1587,10,6.910257791230318
1588,10,6.377058184836965
1589,10,6.879613669281451
1590,10,4.148107133177984
1591,10,5.038573852701948
1592,10,4.668581358025808
1593,10,4.728546563526752
1594,10,4.4323456013678175
1595,10,4.757988899562061
1596,10,4.168221571389786
1597,10,4.027085745961976
1598,10,3.8455281007088367
1599,10,3.939294564144035
1600,10,4.106026861276398
1601,10,3.7927731852617192
1602,10,5.023753864401229
1603,10,5.814930001947708
1604,10,5.900135485112131
1605,10,4.978862883042421
1606,10,5.087023108526701
1607,10,5.002696872760943
1608,11,7.0127239027630495
1609,11,7.754538059386974
1610,11,7.314315980361538
1611,11,8.034363541042332
1612,11,7.848412270876125
1613,11,7.814410027806979
1614,11,5.100878851950515
1615,11,5.496891079416603
1616,11,5.544669727685243
1617,11,5.31031446141208
1618,11,5.63446258896456
1619,11,5.54038466745909
1620,11,4.987214530587565
1621,11,5.174054850115862
1622,11,4.880348404722895
1623,11,5.107216490793274
1624,11,5.195705277776575
1625,11,5.1763838115824115
1626,11,6.712517769942277
1627,11,6.801175792987163
1628,11,6.652528715156819
1629,11,7.133807079436096
1630,11,6.559242314618984
1631,11,6.893782369499654
1632,12,9.856143187578308
1633,12,9.864329411519588
1634,12,10.052023984914047
1635,12,9.687257527172964
1636,12,10.098891212222902
1637,12,9.594785410440632
1638,12,7.105301833635604
1639,12,7.589319424383103
1640,12,6.757855389921975
1641,12,6.8616418598339735
1642,12,6.435071656539893
1643,12,6.975006758436919
1644,12,6.280583689129198
1645,12,6.7096113351151665
1646,12,6.0747581978800405
1647,12,6.671272822579837
1648,12,6.538616103538011
1649,12,6.872964748329181
1650,12,9.23754674088553
1651,12,8.893181215665663
1652,12,8.198808502366262
1653,12,8.204637399731329
1654,12,7.972118970997197
1655,12,8.27486733573133
1656,13,11.425268125189746
1657,13,11.45527111332974
1658,13,11.226637467868695
1659,13,11.04666754134352
1660,13,11.03277755242797
1661,13,10.756500124519125
1662,13,5.826778603851409
1663,13,6.941672092698713
1664,13,7.303556449215886
1665,13,6.7454093278103215
1666,13,6.8844895705817315
1667,13,6.977968529707866
1668,13,6.659210375846207
1669,13,7.767320980632448
1670,13,8.206513013343098
1671,13,7.789906646781237
1672,13,8.16443696642623
1673,13,8.351430918120158
1674,13,8.155573128481521
1675,13,9.806824987304243
1676,13,9.485673166788729
1677,13,9.369627419422155
1678,13,9.101422025295673
1679,13,9.504382115821763
1680,14,12.420394493572143
1681,14,12.73393962667112
1682,14,12.872017953585335
1683,14,12.697199301403195
1684,14,12.714973287841843
1685,14,12.464813276377377
1686,14,6.019636654593459
1687,14,6.435174240645853
1688,14,6.134136849652936
1689,14,7.36485378375891
1690,14,9.001411717855941
1691,14,6.035716835814316
1692,14,6.488997072957279
1693,14,6.541733299109342
1694,14,7.837473320988117
1695,14,8.218359227773227
1696,14,9.036320387729418
1697,14,9.404213603378242
1698,14,13.894778928308455
1699,14,14.869772578736402
1700,14,14.124126265603962
1701,14,14.23301228877099
1702,14,13.905166628861302
1703,14,14.164468277519909
1704,15,14.629270463813128
1705,15,14.637041873301516
1706,15,14.615823894538014
1707,15,14.824926000976394
1708,15,14.815395937060664
1709,15,14.233443616269223
1710,15,8.53441959960405
1711,15,7.68494764927102
1712,15,8.473935447977489
1713,15,8.090421472766579
1714,15,8.377739927021466
1715,15,8.423353916815785
1716,15,8.136133534818129
1717,15,9.19400601901808
1718,15,9.962067422790284
1719,15,10.401244154675048
1720,15,10.828550093724438
1721,15,10.55524971046895
1722,15,14.342104205861709
1723,15,15.699004891551699
1724,15,15.254209426939692
1725,15,15.005938778359628
1726,15,15.175546111563321
1727,15,14.860274746076595
1728,16,19.51903610210348
1729,16,19.608647264185898
1730,16,19.074108828995662
1731,16,19.871626614904056
1732,16,19.241361365058225
1733,16,20.275853348073134
1734,16,10.501821403854759
1735,16,9.982744263772169
1736,16,10.142893482637398
1737,16,9.001140165708236
1738,16,9.171570662124644
1739,16,9.215421935700945
1740,16,8.959740900322505
1741,16,9.930018645655043
1742,16,10.816339691842323
1743,16,11.191257950578734
1744,16,11.689033130587518
1745,16,11.347001156191734
1746,16,17.849434094424694
1747,16,17.9773191603901
1748,16,18.685545510893913
1749,16,18.024823047608102
1750,16,17.332102617413636
1751,16,16.63454301414027
1752,17,21.008994593072526
1753,17,21.38230920917531
1754,17,21.126191209806734
1755,17,21.643877967396953
1756,17,19.915156804280855
1757,17,20.707002380758357
1758,17,11.047524641466957
1759,17,9.889401276476175
1760,17,10.14810277619388
1761,17,9.935977541222737
1762,17,10.324009863858024
1763,17,10.254587653255644
1764,17,10.676143733310411
1765,17,10.780799911572132
1766,17,11.7056959512846
1767,17,12.194641654957369
1768,17,13.225889095117449
1769,17,13.165713950085951
1770,17,21.829205391328024
1771,17,20.55169632714975
1772,17,21.75848978036523
1773,17,21.08124429467833
1774,17,21.054361138780983
1775,17,20.12821672137452
1776,18,25.669472328354225
1777,18,25.916861933953413
1778,18,25.905090705360163
1779,18,25.7784579286663
1780,18,24.850531850506663
1781,18,22.921386802212496
1782,18,13.334857846490973
1783,18,13.510139676119977
1784,18,13.387086318838506
1785,18,12.816252742710983
1786,18,12.902820584046555
1787,18,13.773567510868855
1788,18,14.497371402655588
1789,18,14.48143481657155
1790,18,14.65168729312057
1791,18,14.608570956417392
1792,18,15.344718190826956
1793,18,15.164815944242608
1794,18,20.895080847293258
1795,18,20.740354360616493
1796,18,22.56794861292459
1797,18,19.645432732581746
1798,18,22.282831394342562
1799,18,22.468097405781442
1800,19,31.560296980329866
1801,19,30.912707473383392
1802,19,30.875603416350437
1803,19,30.31902422594286
1804,19,29.533682197063104
1805,19,28.37142763220018
1806,19,18.09311377284496
1807,19,14.281191462469291
1808,19,14.195071824801403
1809,19,13.517270361293402
1810,19,13.095587604535368
1811,19,14.957753669146143
1812,19,15.43057749959842
1813,19,15.99905060489441
1814,19,15.620542096420973
1815,19,15.40686678940203
1816,19,15.827599687388947
1817,19,17.272324302353724
1818,19,25.724692098112712
1819,19,22.71909881322012
1820,19,23.798290452132253
1821,19,23.136350910617907
1822,19,22.508958313074828
1823,19,18.757638397598267
1824,20,33.804824134836736
1825,20,34.37066031324163
1826,20,33.811621845082655
1827,20,33.164937388906424
1828,20,33.23320081427606
1829,20,33.063638614021976
1830,20,16.03255345571802
1831,20,14.567987490096048
1832,20,14.257896095678909
1833,20,15.139095073127773
1834,20,14.962985136910987
1835,20,15.032137694492533
1836,20,15.255444177999141
1837,20,15.392587353814406
1838,20,16.09239604129493
1839,20,15.31446394869117
1840,20,16.230434046855706
1841,20,16.18509166623351
1842,20,24.48119304772547
1843,20,25.37898594592697
1844,20,24.517599636112234
1845,20,24.94218840299339
1846,20,24.65738376803626
1847,20,25.40875940620439
1848,21,29.683364109233754
1849,21,36.36120794443211
1850,21,36.63107787694672
1851,21,36.04377562662669
1852,21,33.25372425164582
1853,21,35.07428578866948
1854,21,19.045512237422443
1855,21,14.644522937012688
1856,21,16.636849721670963
1857,21,13.00781100128411
1858,21,19.403639116007685
1859,21,14.69519056123713
1860,21,19.375671177853853
1861,21,18.905375750122243
1862,21,28.1234774994573
1863,21,16.651263245176384
1864,21,16.84422598229855
1865,21,19.87048938805961
1866,21,32.655720079906544
1867,21,28.82128202641453
1868,21,26.281870163906994
1869,21,27.240585979873536
1870,21,28.57478565268483
1871,21,29.39046815583938
1872,22,38.64326303612174
1873,22,40.51552960656187
1874,22,35.80481205742408
1875,22,40.376879115695886
1876,22,38.33879768848628
1877,22,41.39101522727863
1878,22,16.998861821053534
1879,22,15.780304444913703
1880,22,15.622073185475411
1881,22,15.218412303328297
1882,22,16.171832004628623
1883,22,17.44933100140966
1884,22,15.449110684935611
1885,22,18.1545018756883
1886,22,15.94413081085278
1887,22,17.9654817259825
1888,22,18.38771976800833
1889,22,15.889934697431446
1890,22,33.855831336893665
1891,22,27.863698174898442
1892,22,27.930696790363545
1893,22,23.552440106065895
1894,22,29.3013383086171
1895,22,24.96765586870911
1896,23,48.44175437249305
1897,23,44.356252527469614
1898,23,49.33775919548918
1899,23,47.514704976251956
1900,23,49.91681570873813
1901,23,45.59990944797096
1902,23,25.65071478386217
1903,23,21.254684625922657
1904,23,20.972126975292937
1905,23,19.65993200440708
1906,23,20.63260806170244
1907,23,20.39369803614266
1908,23,22.091626283051486
1909,23,20.869001399160286
1910,23,22.865759827455733
1911,23,17.42132776854601
1912,23,19.538213523382
1913,23,18.8210573727119
1914,23,39.533719102602696
1915,23,29.626956059352075
1916,23,17.836135765796037
1917,23,15.723284188036487
1918,23,17.74118678930043
1919,23,26.35411091737202
1920,24,25.088292066506945
1921,24,49.09940233926719
1922,24,38.29367833928149
1923,24,22.35617828194114
1924,24,22.003979032338233
1925,24,22.81171102492513
1926,24,24.051513546296842
1927,24,25.197988751878754
1928,24,24.52415046323182
1929,24,21.889050641924058
1930,24,24.89520575883891
1931,24,21.626797415955775
1932,24,24.650433874051622
1933,24,21.7938668657605
1934,24,19.273341112090506
1935,24,19.622417362395502
1936,24,19.894110227550954
1937,24,19.46362527155866
1938,24,35.884952683889615
1939,24,24.008673036634022
1940,24,16.90318539917103
1941,24,13.77323550108661
1942,24,16.742822387656155
1943,24,15.195691788726375
1944,25,27.309844336156942
1945,25,49.728137030685886
1946,25,43.90157547861832
1947,25,47.09585024651609
1948,25,29.59861872513614
1949,25,28.621607568789194
1950,25,31.5482701994135
1951,25,27.782078571896296
1952,25,27.143304923392044
1953,25,27.099388134657172
1954,25,27.184312372911947
1955,25,27.246438744528383
1956,25,25.11383935885152
1957,25,23.644056710121014
1958,25,22.67509141353383
1959,25,22.739714730128938
1960,25,20.6607140921316
1961,25,25.39785710798068
1962,25,35.74183331968906
1963,25,23.68443723690796
1964,25,20.14272476540055
1965,25,22.768525846386872
1966,25,20.512305336952387
1967,25,22.775701151603887
1968,26,31.177163131403184
1969,26,37.57031451157067
1970,26,34.6039174072495
1971,26,35.97577968401401
1972,26,35.17638396068299
1973,26,37.69559054122552
1974,26,35.728608916297645
1975,26,28.894711586714628
1976,26,25.938419716112165
1977,26,32.46856789854096
1978,26,31.325917868045302
1979,26,33.19155114863737
1980,26,26.29016666006307
1981,26,27.119830092270902
1982,26,30.996491402624898
1983,26,31.84258941368473
1984,26,33.894849477356885
1985,26,26.25966281675968
1986,26,36.216778790013315
1987,26,31.78274682714758
1988,26,28.089416101039266
1989,26,29.801843654631334
1990,26,27.547728103956082
1991,26,29.482099198144446
1992,27,46.38634480058333
1993,27,58.09768496084232
1994,27,42.548139191736446
1995,27,42.11550103019324
1996,27,42.15306257809174
1997,27,42.132998843577056
1998,27,31.535156940381203
1999,27,32.56174268634425
2000,27,32.050468520228705
2001,27,27.31386150577357
2002,27,27.893223594048187
2003,27,27.162903777236977
2004,27,26.64332177788649
2005,27,26.5165864861951
2006,27,24.164554604182882
2007,27,24.02978287256251
2008,27,26.470745755721197
2009,27,25.461246079177027
2010,27,28.754638120197736
2011,27,30.07589019344826
2012,27,27.090359873151474
2013,27,25.069643951542275
2014,27,25.2653808903219
2015,27,24.694337620804347
2016,0,1.0963055594079947
2017,0,1.4804265147949849
2018,0,0.8393466828037006
2019,0,0.8158353885769785
2020,0,0.23141629627612303
2021,0,2.4688522736847673
2022,0,1.7646749278514804
2023,0,-0.19410076147919142
2024,0,0.06628633196224598
2025,0,0.2292864210816674
2026,0,0.4585229371842914
2027,0,0.7292499470178342
2028,0,0.004831435466194023
2029,0,0.6493292104464317
2030,0,0.46092165909806226
2031,0,1.9158488612914013
2032,0,2.045066161901005
2033,0,1.9836016740612479
2034,0,2.0174254907413527
2035,0,3.3733590548174917
2036,0,3.562306191654706
2037,0,3.0743111094044835
2038,0,2.73892861322431
2039,0,2.624225431968057
2040,1,3.3872153730480825
2041,1,3.350302164608596
2042,1,4.081803625235231
2043,1,3.8317592752697927
2044,1,3.727250213213189
2045,1,3.471977122347486
2046,1,2.327279057339048
2047,1,2.8225783835132745
2048,1,2.102417024976873
2049,1,1.6196704047806705
2050,1,2.184815910830025
2051,1,2.8138686728790816
2052,1,1.6703593442810316
2053,1,1.838618567736404
2054,1,0.5722014343582202
2055,1,1.9549608871430877
2056,1,0.8723060934860385
2057,1,1.4410130288956253
2058,1,1.6641157628124574
2059,1,2.412296385261719
2060,1,2.0536715242795864
2061,1,2.1831941915125697
2062,1,2.288124296132146
2063,1,2.0361490465375027
2064,2,1.8256496831198632
2065,2,1.8129914119153625
2066,2,2.066397583450268
2067,2,1.564039105133709
2068,2,1.6013629243903438
2069,2,1.5341328066490334
2070,2,1.8291517644248358
2071,2,1.1290750962084886
2072,2,0.7970500837630539
2073,2,0.23200486985674473
2074,2,0.4052374227238573
2075,2,-0.01250093886204695
2076,2,0.9675565031865716
2077,2,0.9661778591487717
2078,2,0.43317851947110597
2079,2,1.0109318344889502
2080,2,0.8700260393253743
2081,2,0.9605969783434674
2082,2,1.0975494898334262
2083,2,1.0321677060782974
2084,2,1.2567271505528979
2085,2,1.1445456100580813
2086,2,1.6185200006117597
2087,2,1.6613188167522281
2088,3,3.4979196364009475
2089,3,2.6850477757975995
2090,3,3.0669794088204014
2091,3,2.2561708572268913
2092,3,3.0096748027550113
2093,3,2.5637393362584433
2094,3,2.890305329558693
2095,3,2.7184992357794613
2096,3,1.714519338961587
2097,3,1.3769274537714224
2098,3,1.4389398278929448
2099,3,1.6913501986043187
2100,3,1.4034791387705567
2101,3,0.9282202306012479
2102,3,3.2147170551076556
2103,3,1.5332769552617052
2104,3,1.3910170743251982
2105,3,1.6729633757068
2106,3,1.5667311327962636
2107,3,2.960783263428848
2108,3,1.8179118673460835
2109,3,2.1907814648304296
2110,3,2.0128728441424286
2111,3,2.105159978889226
2112,4,3.783494048293754
2113,4,4.641079684239671
2114,4,3.9894236865119588
2115,4,3.924333302122161
2116,4,3.710192418893996
2117,4,4.069247864629904
2118,4,4.362276196217326
2119,4,4.290644963877032
2120,4,3.4371371853351285
2121,4,1.6706640506525616
2122,4,2.0649338421907544
2123,4,2.1051635438620195
2124,4,2.4107991937612994
2125,4,2.491310487325812
2126,4,2.3701915160808156
2127,4,2.595953294026792
2128,4,2.7437187673390184
2129,4,4.1123799894850315
2130,4,3.5213375451003373
2131,4,2.656727748678229
2132,4,2.819475805865295
2133,4,2.5338234736854304
2134,4,3.3213167319929937
2135,4,3.4509401935374413
2136,5,4.680911172371662
2137,5,5.5490124194014285
2138,5,5.019299844820232
2139,5,4.941539225437012
2140,5,4.316185310425226
2141,5,4.121428851675621
2142,5,5.061785616635678
2143,5,4.7263089305063595
2144,5,4.32503029572408
2145,5,4.124404935910999
2146,5,4.010242041653779
2147,5,4.029789972265103
2148,5,4.071171625372099
2149,5,4.144234028857184
2150,5,3.340073264384877
2151,5,3.080174548500416
2152,5,3.334615254451254
2153,5,3.0036042967981835
2154,5,2.6637603901943407
2155,5,3.4988972668569893
2156,5,3.3053823926843044
2157,5,3.1467731583260985
2158,5,3.164123772773401
2159,5,2.765177893702237
2160,6,6.469459704276982
2161,6,5.592452365665608
2162,6,5.367787955827293
2163,6,6.512982511466134
2164,6,5.405879407503733
2165,6,5.483318447388836
2166,6,5.963516220585969
2167,6,5.72705689537953
2168,6,3.450381440950455
2169,6,3.5595811756263878
2170,6,4.019588223927709
2171,6,3.446326980372554
2172,6,3.3212809243013766
2173,6,3.6005622170603147
2174,6,3.953616511282682
2175,6,3.707232511859896
2176,6,3.868324814423641
2177,6,3.7416049500090374
2178,6,3.305020744681432
2179,6,5.904375400859994
2180,6,4.347323247008756
2181,6,4.653216542593224
2182,6,3.703576652730174
2183,6,4.322785765875324
2184,7,5.100467307219148
2185,7,5.089354018901414
2186,7,4.950340787359973
2187,7,6.4151350712115125
2188,7,5.842035506234648
2189,7,6.418328408263076
2190,7,6.329063197992074
2191,7,4.03027740824896
2192,7,3.4010639503515527
2193,7,3.8520867246528674
2194,7,3.3827235041936667
2195,7,5.370992352481299
2196,7,5.137140014259817
2197,7,4.922460663121704
2198,7,5.763839298391797
2199,7,5.67182593226444
2200,7,5.819145987787994
2201,7,6.050303547907355
2202,7,5.205535571705628
2203,7,5.723551723480547
2204,7,6.437275697140862
2205,7,7.701869841062489
2206,7,5.810061973891308
2207,7,6.929690301978024
2208,8,7.08380914371401
2209,8,8.312898302539978
2210,8,6.882928537785158
2211,8,7.658112360000999
2212,8,6.2904526623593355
2213,8,6.8608812369480745
2214,8,6.76885837361748
2215,8,6.719151793277479
2216,8,4.301506133593467
2217,8,5.130110938224487
2218,8,5.102036472289196
2219,8,6.7570823277059695
2220,8,6.71520822426762
2221,8,6.718006531113652
2222,8,6.779541748000415
2223,8,5.917461219899515
2224,8,7.190666138234725
2225,8,7.097586211059625
2226,8,6.689536187600968
2227,8,8.072541609289377
2228,8,9.129157980674954
2229,8,9.23457239156982
2230,8,9.305558684415871
2231,8,8.964015586501716
2232,9,10.933012593828526
2233,9,9.456984265182943
2234,9,10.467744884552946
2235,9,9.144281949860698
2236,9,9.219326671510938
2237,9,8.64336509763342
2238,9,9.940549855349971
2239,9,9.776696288551456
2240,9,8.294855878072205
2241,9,7.977891477117815
2242,9,8.108831785047734
2243,9,9.27203510077025
2244,9,8.725816992393568
2245,9,8.955688028057104
2246,9,8.650373107848946
2247,9,9.698268076168052
2248,9,7.027654008195828
2249,9,6.614570060342235
2250,9,7.6662174004909325
2251,9,11.462598402794555
2252,9,10.32164066853527
2253,9,8.283880162422388
2254,9,9.17242043436675
2255,9,9.121947636115248
2256,10,11.476530917203018
2257,10,10.789678274553847
2258,10,11.386413094232744
2259,10,10.699843707072375
2260,10,11.267548302863894
2261,10,10.984393449332416
2262,10,11.70941552689089
2263,10,11.718279579170186
2264,10,9.521868873905959
2265,10,8.244562795908607
2266,10,8.953021375435242
2267,10,9.43568450155729
2268,10,9.345198421965154
2269,10,9.933605142938767
2270,10,9.412193546182792
2271,10,9.482455200612755
2272,10,9.114418118883588
2273,10,8.793730809966721
2274,10,10.341239243012431
2275,10,11.448422301887195
2276,10,11.18585765383147
2277,10,11.362118227529844
2278,10,10.874546684482759
2279,10,10.581412564391815
2280,11,11.805762926658272
2281,11,12.605688483277643
2282,11,13.729733711576614
2283,11,14.116271398090355
2284,11,12.256548495716203
2285,11,12.082008491471793
2286,11,13.296626588162454
2287,11,12.577641295853489
2288,11,10.994238601313196
2289,11,11.938510790988936
2290,11,11.857858118192507
2291,11,11.601361147758801
2292,11,11.896534442074156
2293,11,11.811016051200347
2294,11,12.042923086524752
2295,11,11.616194048512654
2296,11,11.510502304967432
2297,11,11.037226025757704
2298,11,10.950098968420594
2299,11,11.986657253538397
2300,11,12.60924473613137
2301,11,14.350213003602235
2302,11,15.001304562850851
2303,11,13.900260274021687
2304,12,18.277468745714593
2305,12,18.717766841124416
2306,12,19.226487865313132
2307,12,22.707566729224176
2308,12,21.822586143803093
2309,12,24.779422076186435
2310,12,21.661153366467623
2311,12,19.207431020816205
2312,12,18.283970724467327
2313,12,20.03650826860265
2314,12,18.510772322318513
2315,12,17.671871890766003
2316,12,17.963619407466076
2317,12,17.649355198109514
2318,12,18.61479557116957
2319,12,17.66578667183388
2320,12,16.275815018815884
2321,12,17.626751748499537
2322,12,18.989460048148203
2323,12,18.05934159343714
2324,12,18.99197705413618
2325,12,19.010882511908314
2326,12,19.402927693684493
2327,12,19.24072049227808
2328,13,28.553233167370692
2329,13,27.552605481678413
2330,13,26.648611974317504
2331,13,26.55204261136575
2332,13,25.36711635310816
2333,13,25.80979409246227
2334,13,24.43457835087061
2335,13,24.299749611931638
2336,13,19.029483969281394
2337,13,18.153189118158174
2338,13,18.019159790007905
2339,13,20.31754377334942
2340,13,16.878779784101525
2341,13,18.398605558114635
2342,13,17.855304817474686
2343,13,16.814488343795077
2344,13,16.49927680372211
2345,13,18.233736747569733
2346,13,17.412859529103358
2347,13,16.83553792772377
2348,13,17.431763686295884
2349,13,18.773182117390135
2350,13,20.610806977917974
2351,13,21.276730634946805
2352,14,24.77861929770714
2353,14,24.99363824996418
2354,14,24.736375926390252
2355,14,25.68496637872405
2356,14,23.191173698928708
2357,14,24.70966018416524
2358,14,24.902430439190304
2359,14,25.81434691242161
2360,14,24.162536680914762
2361,14,23.931656267801834
2362,14,24.54763175330089
2363,14,24.18888461352369
2364,14,22.63026162347066
2365,14,22.98559141581136
2366,14,21.222729427155933
2367,14,21.496959146124674
2368,14,21.32194465837277
2369,14,21.386057585244558
2370,14,21.534567783044547
2371,14,24.221866179719413
2372,14,23.035063647064533
2373,14,20.662718889154934
2374,14,19.912920083475086
2375,14,21.39269867778911
2376,15,25.39873359153885
2377,15,26.916255809632116
2378,15,26.503989252374176
2379,15,27.34100115696413
2380,15,27.65258278660765
2381,15,28.78600671672551
2382,15,31.83283891593659
2383,15,31.91715974932027
2384,15,27.119152433534992
2385,15,26.12327200229566
2386,15,25.920756415453212
2387,15,26.88506432927589
2388,15,26.845366570270436
2389,15,26.89053048475417
2390,15,27.985564056585687
2391,15,26.333005764807847
2392,15,26.7459950127008
2393,15,26.75776054316495
2394,15,27.067920990428306
2395,15,29.535948811165127
2396,15,29.884565414706458
2397,15,30.266321951911756
2398,15,29.069503528378704
2399,15,27.489514028828015
2400,16,35.44194220640753
2401,16,30.56838854379439
2402,16,33.85900305415096
2403,16,33.70136932980502
2404,16,34.12008123320995
2405,16,32.864123092362604
2406,16,33.48888223350089
2407,16,33.23151979766612
2408,16,33.19774234933598
2409,16,28.560727229338756
2410,16,27.12347034778208
2411,16,30.121359589456553
2412,16,27.921783109379334
2413,16,30.539266933157954
2414,16,30.451390135880764
2415,16,31.896321674545835
2416,16,30.461503680207905
2417,16,28.652522901227726
2418,16,28.501776896529393
2419,16,33.34927850911684
2420,16,32.5626861026374
2421,16,31.904718822181252
2422,16,30.07138956146688
2423,16,29.154166238002773
2424,17,33.462343826676694
2425,17,31.363237745593985
2426,17,30.822102391693523
2427,17,32.508118897699816
2428,17,32.968549713224974
2429,17,33.17894396492741
2430,17,31.199464527623164
2431,17,30.928520415084268
2432,17,30.66435288945587
2433,17,24.839468854559208
2434,17,27.765924521332057
2435,17,28.79290506628818
2436,17,27.499376479154904
2437,17,28.247788368466054
2438,17,26.986558063155456
2439,17,26.754694295328754
2440,17,27.303423495591034
2441,17,29.987765648648235
2442,17,33.321782967223925
2443,17,34.347497736074075
2444,17,32.43647309953675
2445,17,32.49903290445326
2446,17,31.589781256290003
2447,17,32.23010474770424
2448,18,38.13735448030129
2449,18,36.432144867079614
2450,18,36.401104661444066
2451,18,36.412353839630796
2452,18,35.557572670068005
2453,18,36.8867256906142
2454,18,36.62090815871675
2455,18,36.598404109170644
2456,18,35.05021364108515
2457,18,36.57568732774668
2458,18,36.26698487593716
2459,18,35.48018145161255
2460,18,35.819685931969566
2461,18,35.423013673584016
2462,18,34.124166700266564
2463,18,34.419036574678536
2464,18,34.787430482247835
2465,18,36.44439064028971
2466,18,35.33717063435063
2467,18,35.228512791710735
2468,18,34.37325883682264
2469,18,34.358191853649615
2470,18,34.929325005526316
2471,18,35.746217305095094
2472,19,43.19585836082763
2473,19,45.221757336391406
2474,19,43.32650086080984
2475,19,44.10331217952236
2476,19,46.76059291957381
2477,19,49.51719148877151
2478,19,48.57898897870352
2479,19,49.419851747884486
2480,19,43.691492819259004
2481,19,43.44741160737753
2482,19,41.72684532839999
2483,19,42.38046484964356
2484,19,42.6220360377472
2485,19,42.445001818304355
2486,19,42.17830693547444
2487,19,42.85513374320665
2488,19,43.98440588685213
2489,19,44.57657267757514
2490,19,43.66215714471326
2491,19,41.038950059349006
2492,19,41.47235903726834
2493,19,41.78871670494336
2494,19,41.85506903453789
2495,19,42.46090784364471
2496,20,48.69102678227806
2497,20,52.39254370978818
2498,20,46.15879034954012
2499,20,49.55668321675335
2500,20,46.626008680814486
2501,20,49.95713077852419
2502,20,51.27692935712163
2503,20,51.26985867995025
2504,20,47.11761893582026
2505,20,49.35291084041781
2506,20,49.56197945083187
2507,20,51.30013248123491
2508,20,52.480328880936646
2509,20,50.20718089480426
2510,20,45.63836793803533
2511,20,45.88796449020044
2512,20,45.010144152926145
2513,20,46.733541621144035
2514,20,52.60967398087523
2515,20,46.82147290980848
2516,20,48.35513208654962
2517,20,48.179486019068506
2518,20,49.275581698622666
2519,20,47.52809293884115
2520,21,58.573764995135264
2521,21,64.24324940843111
2522,21,61.78991476684611
2523,21,64.51204713470388
2524,21,61.09805198529024
2525,21,62.63203771060227
2526,21,71.94962061891903
2527,21,66.44500095000848
2528,21,67.98288020717641
2529,21,68.89831593608369
2530,21,69.25727881851346
2531,21,70.86982298436271
2532,21,70.52963170415383
2533,21,70.23741009954136
2534,21,71.521724408847
2535,21,72.66010920395503
2536,21,72.47730548149534
2537,21,70.97714934536032
2538,21,70.25215422853913
2539,21,61.9108214021994
2540,21,63.42494476014686
2541,21,70.84693533584844
2542,21,69.45767354326145
2543,21,67.54143291434247
2544,22,68.73464163781816
2545,22,70.10761742300036
2546,22,73.20720732254068
2547,22,76.95478871236746
2548,22,83.77437374988946
2549,22,83.78100958676754
2550,22,85.33791619774168
2551,22,79.76694240051891
2552,22,77.34660260352032
2553,22,82.29879238000663
2554,22,80.17339083747193
2555,22,80.18695727651588
2556,22,79.14917503797017
2557,22,83.13359412779505
2558,22,82.41396340881803
2559,22,81.7603018859781
2560,22,81.31294159582217
2561,22,81.48870132958464
2562,22,81.2189213868682
2563,22,66.7420705704557
2564,22,74.22125593406918
2565,22,74.23565559435079
2566,22,79.36126769001457
2567,22,79.01455681228103
2568,23,78.12045629972866
2569,23,82.59279695197404
2570,23,81.32868977811285
2571,23,80.75126036016167
2572,23,79.3693244786163
2573,23,80.72761394786919
2574,23,88.76573557751492
2575,23,86.23962091382009
2576,23,90.46741104788062
2577,23,85.38576117092853
2578,23,80.05791225779575
2579,23,88.90396238179603
2580,23,90.18300256461771
2581,23,90.18230173733022
2582,23,93.00697749119729
2583,23,95.46358744321708
2584,23,87.55655072534697
2585,23,92.71015678054746
2586,23,91.64977030261691
2587,23,78.43755838870959
2588,23,79.62938933007888
2589,23,82.89715489344492
2590,23,84.76083423444835
2591,23,85.75799802717309
2592,24,88.19956784861887
2593,24,95.59803790715077
2594,24,91.34220480433927
2595,24,97.43638207375406
2596,24,99.64865779382308
2597,24,102.95876752459581
2598,24,97.6372945702154
2599,24,98.30473321295567
2600,24,94.73068487477764
2601,24,93.31328563914686
2602,24,91.7439549988778
2603,24,90.45267786324487
2604,24,91.71540578781622
2605,24,90.3323537673936
2606,24,91.13888541133936
2607,24,87.39079149883125
2608,24,91.76635276976165
2609,24,93.06894620387959
2610,24,84.79451336079093
2611,24,88.00403263271534
2612,24,92.20960740413791
2613,24,90.81726723642493
2614,24,88.59630479503095
2615,24,86.09613410457283
2616,25,94.90344382487105
2617,25,98.23444640783109
2618,25,99.19736651585272
2619,25,99.7842887203853
2620,25,100.58744080497895
2621,25,105.07179877324079
2622,25,106.77255660984967
2623,25,107.20711073103874
2624,25,101.57578422857279
2625,25,103.67712035066903
2626,25,104.87131532679942
2627,25,105.25247960869727
2628,25,105.47917668928265
2629,25,102.7816405645875
2630,25,102.1615938189661
2631,25,96.30612277943466
2632,25,97.8753842238184
2633,25,92.56951325168394
2634,25,93.70002098010042
2635,25,100.27638753892029
2636,25,104.8686403557331
2637,25,104.39303202587345
2638,25,104.31291124580396
2639,25,105.33405050538548
2640,26,113.81844103415554
2641,26,117.4955676121732
2642,26,115.86363179530335
2643,26,116.03891524683296
2644,26,117.29408935018235
2645,26,118.59014858823684
2646,26,117.3267994104816
2647,26,115.9361142744047
2648,26,117.81257272966008
2649,26,119.77843474280256
2650,26,119.86940563194709
2651,26,120.55173619937007
2652,26,115.66991624494231
2653,26,116.79910360773938
2654,26,117.23268032217995
2655,26,117.14960383828857
2656,26,117.59363879238936
2657,26,119.54187059409794
2658,26,116.6276810174172
2659,26,111.10374574220266
2660,26,111.79805992806796
2661,26,114.48608846231868
2662,26,110.71865905392562
2663,26,110.90094578838979
2664,27,130.65362779132062
2665,27,130.03466225948134
2666,27,133.03105505063888
2667,27,134.3313566296519
2668,27,135.6557332830464
2669,27,138.1671793878236
2670,27,144.21447613759642
2671,27,129.1053636428952
2672,27,124.0324514346794
2673,27,122.51360962525057
2674,27,124.93964780089244
2675,27,129.29563203303343
2676,27,106.30828376907608
2677,27,107.82820716469372
2678,27,115.17672708320671
2679,27,122.15238137273406
2680,27,122.39376516300659
2681,27,123.86354491383852
2682,27,120.52064257276255
2683,27,114.20352004344181
2684,27,107.48033107740123
2685,27,110.1459868754355
2686,27,109.21061939808284
2687,27,114.66413509804394
2688,0,0.2021880017034121
2689,0,0.11712569158324015
2690,0,0.29581470589427283
2691,0,0.28155357693295
2692,0,0.1855165273373487
2693,0,0.17045963714152634
2694,0,0.09300397821956352
2695,0,0.09512942573607575
2696,0,0.16931278763797764
2697,0,1.0982603142112382
2698,0,-0.34589601343739673
2699,0,-0.2981503668558929
2700,0,-0.2770370548839125
2701,0,0.6729506809154415
2702,0,1.2375545848432026
2703,0,2.3840696073428873
2704,0,2.445690220073317
2705,0,1.0606507234556162
2706,0,1.6873146523042593
2707,0,3.2043895190429588
2708,0,2.8366213183978175
2709,0,3.2147671532776947
2710,0,3.072722810378945
2711,0,3.202592816924877
2712,1,2.1936506246080683
2713,1,2.6623618554994195
2714,1,2.94374181284169
2715,1,2.4684369961345425
2716,1,2.42584811749159
2717,1,2.4107912272957677
2718,1,1.155168972113593
2719,1,1.689462078020064
2720,1,0.8612719353125584
2721,1,0.7956194660546174
2722,1,0.7462613605696546
2723,1,0.7887229060688767
2724,1,-0.477584693683788
2725,1,0.374919786824627
2726,1,-0.020363260539319583
2727,1,0.09101165343854944
2728,1,-0.977211447398389
2729,1,-0.2991371926797157
2730,1,0.9761704225567414
2731,1,1.7083600085761361
2732,1,2.1089224507990068
2733,1,2.6633453470624886
2734,1,3.5233296972468082
2735,1,4.320942469415659
2736,2,6.7503812922947795
2737,2,7.194230923375983
2738,2,3.2008371635780577
2739,2,4.475865872948017
2740,2,3.4225570821453033
2741,2,3.8094377170564044
2742,2,2.849639237361835
2743,2,4.767146703112253
2744,2,5.081817827454579
2745,2,1.3116240580640977
2746,2,1.2666802461355644
2747,2,-0.8074806615892456
2748,2,0.44524274826005694
2749,2,1.3647406276544487
2750,2,1.5633131972300802
2751,2,1.5832667631408412
2752,2,1.4289555287084568
2753,2,1.0578283709636551
2754,2,1.1057674116860383
2755,2,0.6373404710955839
2756,2,0.6124993513880881
2757,2,0.5146011768328265
2758,2,0.8016718643992391
2759,2,1.6914995801539945
2760,3,2.1623532400042507
2761,3,2.261683297666714
2762,3,2.789703019684019
2763,3,2.831073754456227
2764,3,2.325896977758795
2765,3,2.527871594479862
2766,3,1.6804070848652515
2767,3,2.8035048492668793
2768,3,1.4072282777215506
2769,3,1.3435553817615329
2770,3,1.3595252595514111
2771,3,-0.3718367579230275
2772,3,-0.5784911254841489
2773,3,0.5830273902727683
2774,3,0.6132135590073773
2775,3,1.2479950856465152
2776,3,1.7293739785542712
2777,3,1.4950629729433373
2778,3,-0.0066595912102087595
2779,3,1.6921528066557627
2780,3,2.1497068301267035
2781,3,2.3077775379871497
2782,3,2.7726486363578218
2783,3,3.1273189989372163
2784,4,4.738977493711076
2785,4,4.629259600259484
2786,4,4.304035950410011
2787,4,3.6509888184166748
2788,4,4.767205996189105
2789,4,3.8656993572236154
2790,4,2.138729725159159
2791,4,6.512740244980105
2792,4,5.644062425076633
2793,4,4.905248200165822
2794,4,5.248860847454349
2795,4,-0.0776663592499034
2796,4,2.063836086628335
2797,4,4.106295605586919
2798,4,1.7061575730992047
2799,4,1.5845179866317594
2800,4,2.154546488054443
2801,4,1.7749230336552344
2802,4,0.6868666062541422
2803,4,1.288978938588798
2804,4,0.9794101645292983
2805,4,0.9457558772483736
2806,4,1.2415031297355625
2807,4,1.0509692603212741
2808,5,1.780190549063697
2809,5,1.2624936774405953
2810,5,1.0560229408624267
2811,5,1.2353077322205834
2812,5,1.222529805831769
2813,5,0.5715062109518598
2814,5,0.4146884918967544
2815,5,1.3995569926369171
2816,5,0.9506564159164768
2817,5,0.9319992499856369
2818,5,0.7531210635053611
2819,5,0.9507381510685491
2820,5,1.4294753002814673
2821,5,1.9902510101873219
2822,5,1.7981244810346695
2823,5,2.0303700380125846
2824,5,3.082346708910311
2825,5,1.0753931367396277
2826,5,2.831149355568485
2827,5,3.9293228108504223
2828,5,3.942294439660728
2829,5,3.1584906724945654
2830,5,3.2962506352795486
2831,5,3.7713626146348815
2832,6,6.289894258791378
2833,6,6.331820274962489
2834,6,5.621586162875985
2835,6,5.861286389103988
2836,6,5.584799952438807
2837,6,5.928528251041104
2838,6,4.188067150300519
2839,6,6.570256120418637
2840,6,5.248170705427697
2841,6,5.614691626023195
2842,6,6.634676059225271
2843,6,5.984562645871609
2844,6,7.020820280034801
2845,6,8.590973579224652
2846,6,8.187499365267573
2847,6,8.866325109466207
2848,6,2.1597942574812095
2849,6,5.2222531271282975
2850,6,3.9863830153672986
2851,6,2.7373522258437006
2852,6,2.908917749651387
2853,6,2.2497139562556256
2854,6,2.4432678933738785
2855,6,2.0577880418654573
2856,7,4.442469270577323
2857,7,3.7197682399335292
2858,7,4.237126588360372
2859,7,4.871614327395836
2860,7,5.149949579210791
2861,7,4.967222070944221
2862,7,3.3789892410126434
2863,7,5.164883312430682
2864,7,4.152525284011265
2865,7,3.8061736774290296
2866,7,3.4408252096583887
2867,7,3.651299317220005
2868,7,3.865730838892837
2869,7,4.1501051997164815
2870,7,4.589956685241464
2871,7,4.748568714877809
2872,7,4.569776685981655
2873,7,2.354606762440561
2874,7,6.088599588489334
2875,7,5.244884327364254
2876,7,4.281427713824531
2877,7,3.271529544206416
2878,7,2.929460122911067
2879,7,3.8678047136232863
2880,8,5.277169512471652
2881,8,6.3409757298427145
2882,8,5.244023056331798
2883,8,6.870246657072695
2884,8,7.526297671173225
2885,8,8.213093812435208
2886,8,7.651583184451656
2887,8,8.596577667776149
2888,8,9.34813958694064
2889,8,7.19503319176491
2890,8,6.959064895404197
2891,8,3.975978539639623
2892,8,5.8403262112124175
2893,8,9.469561111179718
2894,8,9.90828943367067
2895,8,6.929779060194782
2896,8,6.293227859708352
2897,8,4.648298828292251
2898,8,5.083642600312281
2899,8,6.925170998868634
2900,8,5.5528311055101405
2901,8,6.5341915991157755
2902,8,5.423267776035985
2903,8,6.818717287256032
2904,9,9.695573582682368
2905,9,10.61507543696899
2906,9,11.493707521100184
2907,9,11.575588895394198
2908,9,13.198963570703523
2909,9,12.737808864463538
2910,9,11.613239282071529
2911,9,11.174365739668513
2912,9,10.4849305826415
2913,9,8.381019954817223
2914,9,8.308674216334957
2915,9,8.981626939294944
2916,9,9.258790533003744
2917,9,10.042189227754061
2918,9,9.547272451212631
2919,9,8.729752674457153
2920,9,7.175369763060527
2921,9,5.745909723853437
2922,9,5.425852288973676
2923,9,5.835518784078264
2924,9,6.591128832821415
2925,9,5.3073659078389674
2926,9,5.070976595153809
2927,9,5.244646577301932
2928,10,5.9371031616032575
2929,10,5.982802459554879
2930,10,5.351903148704174
2931,10,5.619240736992094
2932,10,5.6705706872326225
2933,10,6.125747724597041
2934,10,6.801305798546625
2935,10,6.654178369366143
2936,10,6.482061996700207
2937,10,6.680363465144374
2938,10,7.376434669693438
2939,10,7.3411056273399105
2940,10,8.312089483245973
2941,10,7.792117749529616
2942,10,8.109663560162481
2943,10,6.560866220289725
2944,10,6.505024131369211
2945,10,6.27264631980654
2946,10,6.578601712917546
2947,10,7.12702223656769
2948,10,6.884634596841
2949,10,6.9609830541653395
2950,10,7.07567815853082
2951,10,7.154098865475596
2952,11,8.96380084759602
2953,11,8.946160885896507
2954,11,8.12066840462202
2955,11,7.428772570049826
2956,11,7.3189210485740865
2957,11,7.002545951006507
2958,11,8.25772308140672
2959,11,9.568340347992184
2960,11,9.145071920811109
2961,11,8.776369558358134
2962,11,10.039886143552
2963,11,9.580388026956655
2964,11,9.59686392343971
2965,11,10.130914614644656
2966,11,10.153859250759211
2967,11,8.414745852255894
2968,11,8.316520938540066
2969,11,8.258542209061599
2970,11,8.068417733868344
2971,11,8.79713624082757
2972,11,7.965644454707888
2973,11,8.087546425415802
2974,11,8.338236810864249
2975,11,8.220327541974001
2976,12,9.310637077694679
2977,12,9.53076483358927
2978,12,9.123824861545344
2979,12,10.970993661607658
2980,12,11.738132763249261
2981,12,11.816308280551851
2982,12,12.074822758174292
2983,12,13.55835510882467
2984,12,12.550237139579398
2985,12,12.599584798442162
2986,12,12.262060739012156
2987,12,13.246632530060406
2988,12,12.464374157110221
2989,12,12.533476140687792
2990,12,12.12784563667864
2991,12,12.431119505349713
2992,12,11.696602731859137
2993,12,11.711044933646427
2994,12,12.038435582879128
2995,12,13.112435493755694
2996,12,14.17852683885991
2997,12,13.335112995717747
2998,12,14.0682169239123
2999,12,13.31090435173978
3000,13,17.0644761537086
3001,13,17.62359121330215
3002,13,16.597609982781865
3003,13,16.86328974485964
3004,13,16.954933528437895
3005,13,17.929577873519662
3006,13,17.086359591730588
3007,13,19.44602719858663
3008,13,18.602373488088833
3009,13,19.793885545794684
3010,13,19.623713216536935
3011,13,19.161956606661334
3012,13,19.188038189236316
3013,13,19.386744362143464
3014,13,20.123633836141195
3015,13,20.56136023097175
3016,13,13.953388719811706
3017,13,14.226569230841513
3018,13,15.160959949418913
3019,13,16.42373711549098
3020,13,15.904540130962776
3021,13,16.79598120831109
3022,13,18.439413385363125
3023,13,19.306341601228812
3024,14,14.142109782628477
3025,14,25.181298337786316
3026,14,27.19544574727786
3027,14,26.926621292667775
3028,14,27.719955098445393
3029,14,25.51577419643603
3030,14,23.452042532301352
3031,14,23.73042432076027
3032,14,21.99986097964342
3033,14,19.87359869592975
3034,14,18.198165222788475
3035,14,17.880817280070687
3036,14,18.321175399765963
3037,14,18.738598153907258
3038,14,17.974547851785204
3039,14,15.944900725401066
3040,14,14.467296495509249
3041,14,14.173930087767161
3042,14,15.210492918876106
3043,14,15.909684602401857
3044,14,15.600552419119126
3045,14,15.808094401499893
3046,14,15.562331415672908
3047,14,15.453873803569024
3048,15,18.54321482860963
3049,15,19.76148329705474
3050,15,19.79183856096246
3051,15,20.120066728381815
3052,15,20.540437089334432
3053,15,20.9383369626291
3054,15,18.172355247484937
3055,15,18.784397138073157
3056,15,18.777363172906714
3057,15,17.39829994320143
3058,15,16.743473247723564
3059,15,16.97285850657499
3060,15,16.989920513993784
3061,15,17.156559789803563
3062,15,17.941083556524013
3063,15,16.59282809843818
3064,15,16.83584103997344
3065,15,16.743792599014853
3066,15,16.12801071799221
3067,15,17.02429610245813
3068,15,17.12892137735157
3069,15,17.47956867725517
3070,15,17.992449593117694
3071,15,18.727742036792474
3072,16,25.00291621324629
3073,16,25.421503133445135
3074,16,26.04007122294496
3075,16,26.658993261611194
3076,16,26.13616588344661
3077,16,26.575422917322605
3078,16,24.31284625424439
3079,16,24.581107853381898
3080,16,21.686752581605376
3081,16,20.567227124536565
3082,16,22.236083922609627
3083,16,23.352487356805888
3084,16,20.08191883035976
3085,16,19.839799284540558
3086,16,20.262501159155878
3087,16,20.547544889192196
3088,16,19.55184776035528
3089,16,20.907133680563696
3090,16,21.488244851658024
3091,16,20.895314716188018
3092,16,21.9592390287711
3093,16,21.55184615349694
3094,16,21.42621325042343
3095,16,21.185087520223718
3096,17,25.612210899195887
3097,17,26.039423884771608
3098,17,25.950947902039857
3099,17,26.032760665215314
3100,17,25.994004768436497
3101,17,25.56487333552519
3102,17,24.035639970019666
3103,17,23.844228570936167
3104,17,22.629318049585855
3105,17,22.83029700014805
3106,17,21.675062753466715
3107,17,22.556882376536848
3108,17,22.26457236216779
3109,17,23.00955475498856
3110,17,23.45207162923496
3111,17,20.94134337564335
3112,17,21.121447910962445
3113,17,21.438442530786354
3114,17,21.6597771917051
3115,17,20.248477998388054
3116,17,22.308126605761217
3117,17,21.62845033468884
3118,17,21.768506791102418
3119,17,21.366351277394557
3120,18,29.667161497908054
3121,18,21.924904763802566
3122,18,26.93673409236365
3123,18,24.194004583694813
3124,18,27.349860659028995
3125,18,24.823567126589424
3126,18,23.598295022716542
3127,18,23.163613756433016
3128,18,21.673812992046052
3129,18,24.05040147121425
3130,18,26.62609441186855
3131,18,26.655621930701965
3132,18,26.868857407844537
3133,18,26.66801222322785
3134,18,26.489296934292177
3135,18,26.07501431043839
3136,18,24.43867724355707
3137,18,25.23951895242036
3138,18,23.56980088280509
3139,18,24.164544276094432
3140,18,24.734337531704824
3141,18,23.931561356611468
3142,18,24.31760342647505
3143,18,23.564573964372194
3144,19,33.6007929545984
3145,19,32.02350972478084
3146,19,29.9987189011625
3147,19,29.96953747202947
3148,19,31.471543498953263
3149,19,29.866519573461577
3150,19,28.578695954376254
3151,19,26.357121553833096
3152,19,26.75858931842108
3153,19,27.754622452783686
3154,19,28.422766542142035
3155,19,28.95201121085947
3156,19,29.5948254545834
3157,19,29.40391873542221
3158,19,31.389264435298955
3159,19,31.36098099624045
3160,19,30.095699054136794
3161,19,30.847939705056337
3162,19,27.649697683840795
3163,19,28.684431126920146
3164,19,27.998355794547
3165,19,29.080841983565396
3166,19,27.439958208452953
3167,19,28.804010803871602
3168,20,36.65005626153518
3169,20,37.56247417275365
3170,20,36.320162351244896
3171,20,36.48549896130532
3172,20,34.968172175218555
3173,20,37.04578650588273
3174,20,33.52968421302972
3175,20,30.634225398313284
3176,20,30.827999292289988
3177,20,32.07422639861078
3178,20,32.45834702101245
3179,20,31.964136414747102
3180,20,32.948133165500074
3181,20,33.13940072448531
3182,20,33.13793083188224
3183,20,33.260640085189195
3184,20,34.76425844551598
3185,20,35.96277691757291
3186,20,35.818570554342074
3187,20,37.365130439953376
3188,20,34.475816970308735
3189,20,33.483894081979415
3190,20,30.972119820405375
3191,20,32.032806118886185
3192,21,36.54409311300466
3193,21,39.37153120009111
3194,21,41.07719340555425
3195,21,44.9257854230807
3196,21,45.06596994492329
3197,21,45.75914188691809
3198,21,44.07615098410243
3199,21,43.41202935485569
3200,21,40.14452289550293
3201,21,42.23274353307832
3202,21,42.92432237855206
3203,21,40.92639937711671
3204,21,40.52048213280296
3205,21,40.8495188666443
3206,21,38.52880235503006
3207,21,37.51490125719376
3208,21,36.81464832326561
3209,21,37.47533154971329
3210,21,35.82682774979555
3211,21,35.50915217000205
3212,21,33.653406671890004
3213,21,36.15030215248747
3214,21,35.71016260400268
3215,21,40.43826288013781
3216,22,51.86872194428716
3217,22,47.71110075869079
3218,22,52.804149412663335
3219,22,49.27680711110243
3220,22,59.39685776895518
3221,22,52.16081270395891
3222,22,56.907509965011926
3223,22,46.08801509601294
3224,22,41.01728846790798
3225,22,41.72165571692343
3226,22,46.46038646070252
3227,22,40.15526946977093
3228,22,40.94009088844929
3229,22,42.522699262199694
3230,22,39.969426507255996
3231,22,47.90783618632147
3232,22,43.392153583739926
3233,22,44.10145535266683
3234,22,47.274482079122606
3235,22,46.917982016383036
3236,22,55.36012884123497
3237,22,52.60539878193201
3238,22,55.360347522504455
3239,22,49.216932815810246
3240,23,66.3048615728832
3241,23,65.94002542421771
3242,23,57.61174419745142
3243,23,57.58218922110619
3244,23,56.77405595736558
3245,23,56.67940391883779
3246,23,58.37658052541619
3247,23,52.46649068621474
3248,23,56.95770906408845
3249,23,62.327508702380456
3250,23,57.335597967165626
3251,23,59.1611404433101
3252,23,53.24648657135737
3253,23,50.9545073263897
3254,23,51.710382298831384
3255,23,50.882999490759694
3256,23,48.9673084645038
3257,23,54.518815614303705
3258,23,57.98392461834338
3259,23,59.793936163390065
3260,23,62.16748342900187
3261,23,56.68957864123921
3262,23,60.02774314081435
3263,23,52.260974675997446
3264,24,60.16884162969986
3265,24,60.423811347058844
3266,24,63.413872865439295
3267,24,61.29732825437457
3268,24,67.78931890528095
3269,24,62.139512057004694
3270,24,67.76864513411465
3271,24,57.32466945997581
3272,24,62.95771608299033
3273,24,57.23102192751264
3274,24,57.96912084144955
3275,24,57.33931631681678
3276,24,63.80928894540055
3277,24,60.87987255139806
3278,24,60.06352460311013
3279,24,59.311578044806716
3280,24,61.103492000173674
3281,24,60.6699278627864
3282,24,70.72181900022068
3283,24,69.21074530219879
3284,24,62.801080037015325
3285,24,67.88968426790149
3286,24,67.10227702940988
3287,24,67.90453319638381
3288,25,73.77394665557426
3289,25,73.75099286381067
3290,25,74.72491818634137
3291,25,74.57301092360849
3292,25,73.8900247857049
3293,25,78.84134263639932
3294,25,82.06464004765667
3295,25,70.53645923256866
3296,25,68.66054769872088
3297,25,69.80474849613955
3298,25,65.99509686132484
3299,25,75.93886056257699
3300,25,74.33110105411063
3301,25,74.38341733996057
3302,25,75.88956125600866
3303,25,67.50975353698176
3304,25,68.18260435992734
3305,25,67.19446104581023
3306,25,74.60477378169098
3307,25,81.18968105560057
3308,25,82.00911978921991
3309,25,77.85293872674035
3310,25,75.99905896111052
3311,25,70.9429155037258
3312,26,91.2005907207371
3313,26,83.00878715261041
3314,26,79.40382486956656
3315,26,82.03030781151166
3316,26,83.63067889789257
3317,26,84.10197417194293
3318,26,90.36477725774495
3319,26,79.74084259860707
3320,26,70.49892214575375
3321,26,77.54449321683948
3322,26,73.45526348590838
3323,26,72.57627781174187
3324,26,73.00416634163403
3325,26,72.48516107040348
3326,26,73.86101928299504
3327,26,73.37296010985418
3328,26,74.77127514076646
3329,26,75.18014849831992
3330,26,77.24079738768418
3331,26,85.27191573632524
3332,26,82.66579204225481
3333,26,88.45119912311287
3334,26,87.60126016050211
3335,26,88.98332631199948
3336,27,97.65364475696143
3337,27,83.70037916074679
3338,27,85.56649659339209
3339,27,87.37292512343768
3340,27,96.35716688674847
3341,27,89.97975952521917
3342,27,92.92369007915961
3343,27,82.82915779289746
3344,27,78.34350583416273
3345,27,85.56563315647482
3346,27,84.76650996384106
3347,27,85.95578515889414
3348,27,84.60029338580037
3349,27,85.28363885632663
3350,27,90.5422017828339
3351,27,84.56616988687783
3352,27,85.77893113511402
3353,27,86.21495808697253
3354,27,95.88704541298635
3355,27,95.44242423298934
3356,27,96.52062963518745
3357,27,92.7066437769113
3358,27,89.20514032591659
3359,27,90.1067279645334
