DAT,obs_time,내부온도관측치,내부습도관측치,co2관측치,ec관측치,시간당분무량,시간당백색광량,시간당적색광량,시간당청색광량
0,0,20.916916089738066,14.720299695157081,446.5120369764879,0.5068458279329274,818.2524305177631,0.0,0,0
0,2,20.722084990126003,21.343577700307268,361.7771358834193,2.1687685868931794,0.0,1138.8290597277567,0,0
0,4,22.93542364438237,21.454076457135137,400.7078637204801,0.025999668365329895,269.40614077918303,19563.654690724532,0,0
0,5,11.582781711387785,23.98281561036798,466.5887487769804,0.03871522194805862,113.38907671638994,13852.217259663066,0,0
0,5,18.177018834056536,27.524415515185886,408.82059335652497,2.3284918770911345,528.1912014645538,19199.790544363346,0,0
0,6,24.347268671662626,66.82653625902952,571.8652366641905,2.2005833192835156,2690.075337953721,12188.502716005261,0,0
0,6,19.312093113665455,64.51383301209404,380.48911542269747,2.4020580622795267,1103.7358108635992,15818.410901537953,0,0
0,7,25.03332788443879,60.495042226221386,538.172240325766,2.2315698277381095,14.93878739629622,211.19390647437532,0,0
0,9,14.646833980774367,65.22468604197995,450.9140192994044,2.3557770744563746,88.8399705279111,1078.0462215538812,0,0
0,9,21.395230935954217,51.94755317740712,389.0915883858182,2.3852207640600582,1633.3951546458122,6786.674803724401,0,0
0,9,9.812855297868634,63.91925287800761,456.08565908007773,3.087017388731253,0.0,12652.945030791489,0,0
0,10,12.454127014599624,21.881242234775677,484.3284859818097,0.1261987627715259,677.1379262592931,16530.022058275645,0,0
0,10,18.689882588218474,67.59688616552644,358.5169198054466,0.11765836680308595,1286.3226890564333,15071.631700793121,0,0
0,10,19.52366117781601,36.155171714399714,431.8769126051703,2.75331265151482,832.6240997305473,18186.788651923354,0,0
0,12,18.378444895118918,75.00559960872799,433.4529397628397,0.0,1215.0991168527,1287.2894442346276,0,0
0,16,19.134665972994565,72.11754170660427,439.93292664274054,0.8027672667923617,756.9559531120606,19799.950055449677,0,0
0,20,21.72302412735442,77.74203437323648,474.01358343775047,2.140860868438129,560.8113210947031,186.8653183168244,0,0
0,20,20.778360556828,63.88965875494677,535.5687131375947,2.9478225483652856,660.6215009498418,14792.153064466456,0,0
0,21,13.338647067834192,20.726282632250616,505.7212715209222,0.0,55.459139145740465,19921.28806314204,0,0
0,21,18.41519656865346,16.68244382628778,342.7442861248209,2.229347621466867,932.7927519001624,2014.1996082072988,0,0
0,21,24.118372608947418,63.14481003822752,528.225785202527,0.06693697106538829,726.6246899038457,1558.1966520781164,0,0
0,22,19.051501151422176,62.12876560880933,536.4732404932282,0.0,1242.0502961609332,3530.6838550121497,0,0
1,0,19.98704835706023,54.327182487274385,439.7490497015294,0.0,604.5885296831802,8069.538046608121,0,0
1,0,23.06874267501076,78.27229845771828,418.28754304650397,0.3617188936203175,0.0,4999.930877895474,0,0
1,1,24.075000374508832,67.78587895840428,487.2285864406894,0.29365827063024813,614.7129248014805,98.44046426801063,0,0
1,2,18.354836264292913,46.280894410365775,421.08485559524564,2.029477373816817,15.240542168361964,1511.8255093397815,0,0
1,2,22.66391522839309,29.768883899428953,466.3726189527425,1.9927254618887285,0.0,18916.73987154188,0,0
1,3,11.466533328519741,76.53837254156224,546.0641044701762,0.19109546118686033,727.08446808034,10516.922544619307,0,0
1,3,19.458996249550083,64.47968739829946,460.09811208695453,0.0,827.7165531320024,18489.271561034875,0,0
1,4,20.118926401964725,53.63276863127126,576.2445093671314,2.629159783855334,1678.5300092462571,2959.6619664108002,0,0
1,4,19.397414598734333,72.0004269913825,376.31675634018455,0.0,1190.4065156006172,17734.445919972648,0,0
1,5,19.748354774341635,25.66559557750542,380.249821404442,2.2842749311871096,1246.5897293859314,2567.8103009628126,0,0
1,7,13.167658593945365,80.14186917980979,518.6682220181116,0.8828437010251389,0.0,19578.690781598565,0,0
1,7,18.99492087909854,21.505060117865725,370.51035834385647,2.4512274955898716,585.800334211686,1733.5054528652938,0,0
1,7,20.4891315250982,70.2671545134969,515.6531112508151,0.0,1155.6702201265787,2344.650553741385,0,0
1,7,10.691187251998306,14.618045795714316,351.7423395983325,2.153633112901524,82.1855263914249,9328.242957495646,0,0
1,7,13.160800136544879,25.04826289641798,524.4301676430912,0.5035533519716484,928.4062427193567,1039.452551172096,0,0
1,8,19.146390077966494,49.500359174588965,474.0463628794595,0.0,1387.7902880611562,17604.891322791267,0,0
1,9,20.349247663748123,25.654216729963014,426.958794637258,0.0,136.85579880715662,18548.407309094604,0,0
1,10,24.060484842872896,71.8742581681669,386.3884188472018,0.0,881.522572184241,3181.3313155775477,0,0
1,11,18.964745700779243,21.72919215839853,417.5825161197479,2.217338991280153,702.5152804030151,18695.484396374606,0,0
1,12,22.37154965235055,70.06708828067426,539.4386822677845,0.0,1348.330100814068,0.0,0,0
1,12,24.924998248629517,21.71513531841,404.26433776493235,2.1775114196784884,773.346869615743,17101.438129100206,0,0
1,15,11.968644198605114,61.419638345588396,417.571851297624,2.3149639955602175,1344.9295955859704,16724.462601295763,0,0
1,16,14.744248859941305,73.14221953640892,541.5159653116583,0.0,88.29589421151007,19096.000507862227,0,0
1,16,19.96695268364594,20.586504035750572,452.46507112002644,2.85759099441726,0.0,19474.948464372726,0,0
1,19,21.000172620183257,33.84822651687389,336.44958481120335,2.1085969645969995,1453.1360576154275,2002.0593446304706,0,0
1,20,23.422575418142902,18.685031501757884,411.52141524387577,0.0,29.92180687083018,1636.9640307430845,0,0
1,21,9.58551295375365,36.6412142547473,524.9588216655592,2.4408696104583236,840.7161480715386,19931.96477226122,0,0
1,22,19.25263200669043,75.64156246972176,457.5221141858418,0.024734889233675776,1250.5991557839352,11234.064407290507,0,0
1,22,18.836543783370953,14.368913976667002,412.99313614525136,1.859087248751891,847.1455934751825,1331.8757293436056,0,0
1,23,23.686265153122733,24.504715895595385,436.85783262115484,0.0,1141.944423073024,0.0,0,0
1,23,22.804257979093094,75.67612415921872,459.6191643646789,2.3205450871476856,52.76252925793055,9957.9231144631,0,0
2,0,14.342028775688007,58.69004899870859,388.1157056436751,0.0,914.7823718119059,23732.447907786078,0,0
2,0,14.495725611644541,57.943295864016804,510.4628603927622,0.0,0.0,18055.549258437615,0,0
2,1,15.433607310810096,64.31074006883614,431.69337249294995,1.1535699255231409,0.0,7724.731459230725,0,0
2,2,11.638097526790542,22.17189505642815,489.69890663966225,0.6203848898409494,653.4361400876145,18020.579436062766,0,0
2,3,11.627252146778162,70.19699614363662,414.3750062993069,2.9303069857577633,0.0,2074.138565810472,0,0
2,3,15.10790197661166,67.36048543232677,459.4088020714226,0.4661881681952025,909.4414814896826,19314.716865668524,0,0
2,4,23.82987813329634,15.44680881767224,545.1881349772406,0.9105321856538422,592.1859091107839,2994.6137083125654,0,0
2,8,19.155008044946623,68.39273349554935,391.7954453747297,2.18982556433289,646.5471714381281,769.3234981657109,0,0
2,8,20.534432162496774,39.65081797574018,528.3322351821979,2.2877502349169916,1559.0138058600223,0.0,0,0
2,9,20.94450689652989,21.64755067021485,358.83032067338456,0.8800703281955831,1241.5359785417545,6929.138294191493,0,0
2,12,11.164183394068896,69.60285443911359,398.7537564624789,2.360721926633397,0.0,18120.265455313925,0,0
2,13,24.266376520284766,42.578752036170165,488.2211908567515,0.7369938864231058,706.714350204908,3360.6249955806934,0,0
2,14,19.949985589655135,68.97182880228172,450.8194046945825,0.21850926710759414,32.26905005515318,3744.1259381976915,0,0
2,16,13.454823537265675,71.96328837070915,539.3795068294389,0.18958172097389597,1183.047433191163,8515.93339801872,0,0
2,16,18.455288929336827,54.69685149688457,326.4436237550358,0.0,1372.083641070396,18629.703222209522,0,0
2,17,18.728053291773215,61.97068267313833,437.1051871844574,0.010173962672895831,598.0989736191927,840.5000277088436,0,0
2,17,19.60810245583069,67.62460706680599,449.87986933843104,2.221244073689605,698.6698331985616,1374.1746424657888,0,0
2,18,19.289979578343218,44.50601234463952,564.0481272673073,2.0884915996577216,1899.8052468961578,18060.308336995404,0,0
2,20,19.50054238827691,64.90735615265714,433.0025216309235,2.2577968564485005,783.214302703022,21946.652598429355,0,0
2,23,18.364732837447665,48.149418550023334,472.35992654733593,2.4174707588048694,1177.9233287165853,19456.110684867468,0,0
2,23,16.83168945878985,21.214676594677695,548.843681374962,0.0,0.0,18747.75622838879,0,0
2,23,21.361060674779473,41.94826255875057,522.7037780617615,2.5027896399766782,1013.757708705966,1312.3518383100093,0,0
2,23,19.349414471897184,22.381046408496303,500.96779236735625,0.03430615964432381,1176.2605154306884,9726.922344928018,0,0
3,2,22.370472789090144,27.491970819197213,416.3679903050173,0.0,785.7897009243127,14862.323299600794,0,0
3,2,11.167298392318079,75.01304037391496,479.72859034622377,2.220562858261369,664.3377871034951,18637.98736193773,0,0
3,4,18.85988287232947,67.54608931717543,548.7479892498402,1.2115514806552825,962.1648051342977,10271.599768577933,0,0
3,6,19.26181531486484,44.75683673774196,477.4998305831452,0.0,1725.3570794594773,19228.945973610105,0,0
3,8,22.999019616454984,60.175856340743685,452.7179766742412,1.1864376072226248,80.3700837516489,323.48736066529557,0,0
3,8,18.90797596536921,21.128026997647808,392.93232933786743,0.44036905242853175,636.401627387201,2526.4701974626632,0,0
3,8,11.835154100320885,62.81589190250217,370.1863356876828,2.4151734657805477,0.0,16173.937475062032,0,0
3,9,13.95172453942813,56.5539767218622,502.9549028343332,0.0,497.4273642598316,21715.61385323485,0,0
3,17,11.711661845721336,19.481819838921243,498.83266601356877,0.029400362819408388,838.7933628892231,18140.634669883646,0,0
3,20,15.457865901631944,26.43746854342259,359.8231367116498,0.03996151707593131,544.0746514129605,0.0,0,0
3,20,25.367572502020238,32.06694118617271,369.53818739965766,0.8241491759469557,0.0,2241.3213950024824,0,0
3,22,14.945779699894208,43.57874387847089,371.1905966304117,0.0,483.58024528607393,19874.270559933062,0,0
4,0,25.367346628010015,68.37636567514551,441.60808832496787,0.0,0.0,1009.576675131759,0,0
4,0,19.050344865227004,60.27500937869754,370.04616235261904,0.0,0.0,963.4738942757924,0,0
4,1,25.28139702977525,34.90152358604021,447.024451196176,0.8168872476735256,1310.499123601596,5696.407055155874,0,0
4,2,20.359808005222728,30.446443019762476,533.9343179351923,3.485245332690081,0.0,3061.6253202818853,0,0
4,3,25.000872028496435,56.61744121486603,446.36547593516786,0.0,2167.3553784156156,0.0,0,0
4,5,13.190210856095653,75.24994776928342,557.508941371563,0.4162441860190078,2417.323148102756,17443.586481795504,0,0
4,5,18.25148659117479,67.41021433335122,478.8720662483787,0.0,1207.0310288339924,19600.817665714578,0,0
4,6,15.948149936143336,30.37587375675579,495.6116666248871,2.175369510096368,1154.3363974238832,15502.316496065192,0,0
4,7,16.649894688278078,72.37329797174442,564.7543600903874,3.486091489102675,0.0,0.0,0,0
4,9,24.486972525783145,40.68555010324425,420.91213510470686,0.05405272562040753,512.1274926530441,0.0,0,0
4,16,21.006618873810336,27.86212454403413,479.356944760053,0.0,734.5307472660032,0.0,0,0
4,16,19.446687448125306,40.61753081920294,520.3342724802509,0.0,714.5038407061234,17199.01271084715,0,0
4,16,20.440817151540795,69.31156087320988,359.2528492512491,0.0,1215.7618522182822,3787.5222621387957,0,0
4,16,12.473566154503422,72.6267606797221,472.9008395241574,0.3371368875002355,1769.213089990261,2155.544170012683,0,0
4,16,22.93863798098677,53.2170499460688,522.5806291765557,0.07805409120786311,82.46073881146158,2893.2650638190767,0,0
4,18,20.075422372150804,36.49066737740275,470.74702269795074,0.0,744.671518440986,17870.543188820306,0,0
4,19,10.885150505532806,12.906056083226797,515.5379774633757,2.380447936880182,1291.1288660077018,18034.343775697318,0,0
4,19,25.188005643642633,28.028066987437462,495.10885866110993,2.1113563258639805,0.0,1056.0390186942348,0,0
4,20,18.754422316918124,38.95998225131791,426.29820158259383,2.838450657250295,677.7483250857621,726.7118601106292,0,0
4,20,23.184364524343334,60.286391855774774,461.5072264559187,1.2411934315434723,0.0,0.0,0,0
4,21,24.85268048326213,64.21375666573806,384.39428045202817,0.08506645393900526,0.0,17910.46070727361,0,0
4,22,20.3860544407132,32.49932894922928,390.51860850664946,0.0,964.5449577595573,2150.952368960721,0,0
4,22,20.44042550759932,59.68767966460575,399.2071980657489,2.1985076507366035,1012.7157681345004,18336.134834306853,0,0
4,22,19.58803996830265,68.50823324324845,512.3528623022502,0.0,1352.2512418329254,18469.24918887384,0,0
4,22,14.285948384965524,42.588178292670236,469.01339267144965,0.0,1174.2929451282173,16972.917448911343,0,0
4,23,18.298793281582782,15.443181866674516,354.2359211264035,2.041495928788288,79.53094216278902,10833.038101501017,0,0
4,23,14.374876123727425,29.36857625099241,512.3825246228328,2.396436738596401,715.5965730091491,4920.764286544341,0,0
5,1,24.456101952788913,27.060833327575697,518.8907372579222,2.666918867397849,21.020044136970707,0.0,0,0
5,1,18.681799862719487,73.70941782943268,534.1243115408503,0.3275222346105502,111.79048338939356,18249.537418857577,0,0
5,4,19.946848666133956,45.88320962355842,391.039105738111,0.0,1274.9161919341186,21551.07022935834,0,0
5,5,10.952105875421271,34.48632791255732,431.71899375554506,2.53866844813647,1785.5672879018684,0.0,0,0
5,6,19.974805813105252,69.31839236996527,411.2626293778965,2.145889473171305,700.7945246274538,19259.979062482686,0,0
5,6,19.79548246670874,51.718749765957455,379.14376907963845,0.0,789.0757928254474,11525.112832020208,0,0
5,7,16.194963904972635,68.77876315763226,454.09892961719106,2.202025728939499,0.0,136.21330903603385,0,0
5,8,13.305169591334703,74.84666990745232,396.1009745013249,0.0,162.9725122440012,13181.382402650139,0,0
5,9,19.258700718472642,34.846038736820276,427.66857549263545,2.6088188701653587,577.9671940448632,2172.371970660519,0,0
5,10,10.166157882348044,72.83990411502754,433.7134447150779,0.4406801625900141,1426.6548833884099,2684.2485340075054,0,0
5,10,24.56983986704912,67.9381843683485,530.1850393323684,2.0526004076691895,608.1819019798561,4624.956324786568,0,0
5,12,20.516578960574464,69.87643936080636,473.4339071253065,0.0,1433.3965849915783,15120.000807362812,0,0
5,15,15.501359408619994,66.11991962148076,455.8716701425667,0.11921190961185046,807.1164511967,2068.0409937102454,0,0
5,17,17.964945165514962,24.866658543911115,377.97076898503343,2.4653716766779468,33.743259547542195,19697.74646702832,0,0
5,20,19.997401058140337,35.00313184879502,437.4584407261646,0.0,1193.0937084645238,0.0,0,0
5,22,19.11018400935863,33.38995886368606,474.98790783127754,2.2649328770411317,720.8598529157588,14340.444737465612,0,0
5,22,19.200594708203084,66.02533083286902,442.4411792137532,3.4029138044839042,631.2967314686405,917.8373445787347,0,0
5,22,21.036777605242403,22.626002312412105,383.0551151183548,0.0,1128.5750311410966,13942.999236042328,0,0
5,23,19.208613881396367,29.86542274062226,473.44771761485026,0.0,1568.3235934307345,0.0,0,0
5,23,26.220500936792643,70.2630064788817,472.90895031479585,0.007134685545019545,0.0,12699.528377185765,0,0
5,23,11.885747808500877,36.168900211955126,473.70018811219296,2.4636192841564775,528.8314931668513,19646.147607008686,0,0
6,0,18.933981660305967,67.02417297331444,540.6045000535826,0.37613047952472867,627.7589851030922,0.0,0,0
6,1,21.563164246093685,64.70548448993576,467.80773016973853,0.9204324951624798,1188.7077605593029,0.0,0,0
6,2,20.45784564573163,22.403194654300822,403.7183921066318,2.613739033735755,544.5025863132605,11516.263922113738,0,0
6,4,25.438858484119066,27.77858544479585,478.46393614560725,0.0,1221.606516923555,19413.54195285402,0,0
6,5,14.425961865724814,30.634896795390418,371.13511927298896,0.6450787792937704,0.0,18420.62669418137,0,0
6,6,15.481937986519409,74.77910902466674,439.1126101441821,0.0,713.7523682668743,2525.77712942797,0,0
6,7,10.749737712933104,32.901109381085455,374.43790351442993,1.620640949381811,1180.8958532058266,431.78260630002086,0,0
6,9,10.047223063623772,37.829794768730466,520.4044642518496,0.0,2310.7389085139057,16132.109482075193,0,0
6,9,11.686165718456406,78.28406513217665,532.7602056722918,2.4524912879501795,1460.1427685506817,18193.498097879063,0,0
6,10,24.29235541753883,57.5317277256751,451.75357292571067,2.4422339330046574,1287.7438187722987,1869.0298775387455,0,0
6,11,19.622115434431475,35.144820628247984,576.188657688874,2.2820652930902967,138.434824781011,0.0,0,0
6,13,11.907746232967273,63.03817902180018,425.5047920960233,2.4418046472268085,678.572716843797,21430.857375261356,0,0
6,13,19.72862818437181,66.50990051220778,444.66154118527817,2.1941271111004546,0.0,17189.16775712165,0,0
6,18,13.76529010158971,48.83429826744902,408.28834500045514,2.5167519538063523,100.1346054802779,18139.12991377193,0,0
6,19,23.874950179145056,30.18883956075454,555.8098893870526,2.3907442754010706,942.8355932854413,19124.938227032177,0,0
6,21,20.110942129198314,69.47941113083917,450.361632227752,2.569880126101064,812.5719580750223,4197.690164091868,0,0
6,22,16.122045868969543,36.99119584892445,407.95247920716264,0.2896107207185119,883.5812578681096,2726.9744450838252,0,0
6,23,11.325714729938085,45.180943876003774,500.03283585664934,0.0,1891.9967989227289,0.0,0,0
7,0,16.9628347621527,22.58295426807937,445.69192846848404,2.4674804690993772,42.5531548331373,11868.311331057364,0,0
7,0,16.351995413882573,69.86309779024153,388.2591447310643,0.00887871948519621,1717.2822631187985,10986.980881403844,0,0
7,0,12.366554792005713,50.977078021642534,542.101386387478,0.5560066291141272,1056.43386758247,15219.301731668933,0,0
7,1,12.713617583083806,68.94064702552183,552.9461484168098,0.3973637765429928,487.6330805915038,17572.560499868443,0,0
7,4,11.302046246185522,22.358165888336046,412.3595697287516,0.8176067099059054,1139.8688939016238,9639.794944508467,0,0
7,4,24.06484105544502,64.19957744585489,452.42671291345385,0.0,811.9916570477517,18317.10455200656,0,0
7,4,16.929932072033843,63.530843115566356,413.9439336203355,0.8050026316718,1450.6624199674154,1867.5050114048645,0,0
7,5,14.823972304157623,70.2621942834445,459.77831635045845,2.5617933198568674,1172.8363227456416,19672.74217954929,0,0
7,6,20.932950245025335,19.62818421672423,475.3010583004,0.7863968531321089,771.9306953290782,1806.2698811949062,0,0
7,7,22.96509472163963,25.374836231863558,439.54748040630267,1.1595594593490768,32.969411165141764,19626.527877401943,0,0
7,8,14.918895539081278,18.686784740890104,366.4983594034797,1.323476238937627,1750.904951216957,0.0,0,0
7,8,19.38832468869657,51.04183712792187,454.5060228848191,0.0,2082.4133361157437,188.7804941977875,0,0
7,9,14.993294158098553,77.09497823153013,435.0864772363018,0.7577323922658366,634.9316554610066,364.2342982905063,0,0
7,12,21.413696309842834,17.47986935815707,359.7132681955874,0.0,642.6056811725217,1012.5595898763274,0,0
7,14,23.870050478398827,65.02692086683106,465.0880038756128,0.40079651134875305,562.282584079308,18079.28070318491,0,0
7,14,10.656186461312187,59.271078363562886,404.02055988497193,0.22981629783492785,754.477947956636,18506.369997794798,0,0
7,15,12.697418925164873,44.36231492675551,556.4469435591575,2.3307154020438907,1053.3392950907862,2597.064293650029,0,0
7,16,12.212435334331417,16.115506880666636,408.39439085223034,0.14163894908067887,1048.555722670159,18384.292812875832,0,0
7,17,14.512755130311685,74.25165048501687,383.53213411296974,0.10816538536560938,898.9823998377911,18593.29839390763,0,0
7,19,11.42951479271504,18.73959843267236,387.71112722064726,0.17655724789151517,778.2428147379284,18596.798101045944,0,0
7,20,23.921666775602677,55.00903046205833,471.0934075423314,0.0,0.0,20462.924467636956,0,0
7,22,19.504730744309022,44.23557757565294,447.93638418424933,0.0,676.7929588494883,17462.837877447182,0,0
7,22,16.93122578433534,71.04780763684687,359.69550555437667,1.8890443196703495,1043.3193449006792,2741.880866777695,0,0
7,23,19.753180787081355,62.66734701458094,437.6483711915047,0.5941007574404074,0.0,2519.72816053473,0,0
8,4,15.530966170452176,22.356545196969126,547.5006365912318,3.4877253152832326,590.2213059223093,8311.647859045643,0,0
8,4,24.536310996688925,21.93333558844075,385.3433378310062,2.2685666423329383,1030.3389934292381,1515.8643301943364,0,0
8,5,20.659888943203747,56.502522734802035,375.1732188742847,2.224071646368356,1153.9903730083663,2035.706116358832,0,0
8,5,19.091832676876667,20.539425536719023,399.95594754278534,3.049290388619382,518.5891074238061,8175.524237000223,0,0
8,6,13.129688299441135,63.067098963353104,369.78680042219503,0.09428641576123997,220.19999664579336,0.0,0,0
8,7,15.151427375645488,25.36119394396105,573.5569723557614,0.0,1175.602739851277,0.0,0,0
8,7,22.769817858572235,34.85264163571914,392.48466991625844,2.478641093705461,1173.0125587395128,18773.30193432258,0,0
8,9,19.002158653581063,19.177719456606805,378.9195018050519,1.3892300250421519,1351.5997177606243,17089.357033283988,0,0
8,9,19.076677313505325,15.114772085410543,475.59661457543706,0.23198111936454402,0.0,0.0,0,0
8,10,24.344621096878605,68.34097524869188,414.4283085703448,1.5180831888866575,24.053004295318413,3751.1019081241493,0,0
8,10,20.45326249112236,72.40162331281907,495.29426205557104,0.0,717.1207608947856,18364.629369324684,0,0
8,14,24.90263999482674,62.56563858178547,527.2219690265971,0.3289959959352189,961.3136235926013,18154.08939912399,0,0
8,15,18.710175891015076,41.66308235969338,403.8340607132578,2.2818985856989054,630.8008631132851,19439.542830205704,0,0
8,16,18.7859142370366,71.94222674630832,464.25019428947485,1.9001094600691486,32.616269233348476,10931.06369272418,0,0
8,19,15.44176724507878,69.99139125433177,371.93432373963594,0.0,2265.7590268561,17568.398965445926,0,0
8,21,20.00975253257614,30.38211890780024,433.55267980840404,1.5946372317928001,642.6105396291723,8451.728958143813,0,0
8,21,10.181523178181843,16.304131094677604,558.919544829472,0.0,633.4669581879243,2953.572027301624,0,0
8,22,15.910224658986275,41.190890943149334,419.09075492227294,2.2958539642406173,624.2388633836104,17553.765235014776,0,0
9,1,19.3585880262405,51.80133489252093,494.0768729867875,2.260439657002613,0.0,0.0,0,0
9,1,22.795495891464093,78.51347153955852,435.3814709722528,2.9703183608983426,985.5983556821287,3434.7790190096025,0,0
9,2,20.521983497420795,71.47218947400445,533.9101039664503,0.3394229177095157,0.0,18734.99522864477,0,0
9,3,23.6455448050748,65.01347861804274,464.6207881259413,2.6423693039775307,1264.005273096397,16706.477253597466,0,0
9,4,10.36230605368554,55.070275828773724,424.0817498251731,2.252444067703139,1400.5875578920434,18095.740851552746,0,0
9,4,14.19534162379348,42.61718677745459,426.709878754494,2.1127653331425664,46.2803652434705,0.0,0,0
9,6,11.57238365379529,63.75540050443346,495.8633996306946,0.0,594.4027413399313,1574.3461126184975,0,0
9,7,11.09453616876087,26.444750204112342,489.24433071232914,0.5032060241253548,615.1991781691986,14475.30741261538,0,0
9,7,24.56419178651837,30.67718968580978,485.265717291109,0.0,0.0,18924.038239801524,0,0
9,7,14.018673655974283,17.921142769083293,429.50324911775476,2.0137595390772622,755.1836037481917,18638.513854413315,0,0
9,8,13.157608847519517,70.7058941135268,337.22930033087493,0.0,0.0,9402.866678295655,0,0
9,9,19.332657694889285,34.91712709906644,347.2509890186764,2.900388477267075,762.2883621509956,17954.792718265984,0,0
9,10,11.837798847228385,56.232776489011655,484.31182107568554,0.57885679917471,966.2109693647097,15191.637884634725,0,0
9,10,19.04321481469915,68.50722743584299,544.6763264333938,2.412007656652861,1.39388152583569,1904.3443214799702,0,0
9,12,24.07075793417452,54.050191747253706,476.08720013886654,0.0863365532737394,417.5420798550906,11949.221315181556,0,0
9,15,20.294911080560254,17.72547062258861,422.35343179274895,0.001237956016295394,538.6409942651711,19382.165100842933,0,0
9,16,17.346177048196864,36.35983991545932,480.92547017250314,0.0,1315.05308685224,8380.557147284328,0,0
9,16,19.62153713893028,33.191974854977275,473.89633688184637,2.465278775651685,601.2305207322888,20543.752171165725,0,0
9,18,19.320798636519992,55.18469580276401,500.7904211629173,0.324658339985212,2770.540752008733,18643.784850982014,0,0
9,18,20.42529086223608,63.87147513990276,559.6499044696727,2.7947079747187327,1248.3756232524113,11393.20825406951,0,0
9,19,22.450381532974365,27.7941455808878,419.21043563798503,2.602409866367392,1072.7431478667563,19501.79702907517,0,0
9,19,11.758959208725162,51.90632234587286,367.13900805958104,0.0,1856.8433322580486,18107.569712126668,0,0
9,22,18.423468274629847,26.016361655987723,416.57230467266055,3.3737855751107078,1063.6595564787756,19841.981618638063,0,0
9,22,13.877470059951094,24.26008778716094,575.8501702502077,0.0,0.0,10318.835095043487,0,0
10,0,14.158345600021093,37.16107955449009,558.3376778000719,2.1692200749164035,539.3676667368843,18249.071389964123,0,0
10,1,24.680762652073884,31.51148804763365,471.9645610407883,0.033629150060069016,0.0,18297.949600227254,0,0
10,1,21.155109521906905,13.262032468629908,424.7003141935235,2.276168157499989,1565.3637040346669,810.8749721313873,0,0
10,1,23.127682111921605,16.303375503018657,487.7642383429837,2.53550118645031,2348.1041391778763,18977.122371838734,0,0
10,2,11.126222271133384,71.01970790599586,553.1310147020417,0.0,0.0,1490.8933553010145,0,0
10,3,19.146994663090553,71.47478587819532,481.8904785130211,2.223374742545206,1116.2622391069215,3299.50123420008,0,0
10,4,19.916574565168514,13.784439991948163,399.9864711777937,1.4193237181565652,621.9202753665706,0.0,0,0
10,4,19.035656510024943,59.39290352614829,536.4760296092859,1.8205626413016354,1273.139884058049,18012.484728460655,0,0
10,5,18.09854469728961,52.260840017098836,460.6131864698179,0.0029995801274605854,468.3388349287052,1007.3249682717235,0,0
10,7,19.456138910452925,18.13528555076767,472.3652485936541,0.0,760.6196656714371,17417.22728860151,0,0
10,7,18.92987423059119,29.92272028950811,503.49275076982144,1.2882548636331594,1188.299419821963,17200.943847875,0,0
10,8,23.211628776998367,65.92200866628585,416.14502157990535,3.0116204453044997,417.23268578353645,17308.573103051644,0,0
10,12,22.318499283177744,65.67299322763844,441.99019180941593,2.24188292653824,0.0,19848.532483277177,0,0
10,14,19.22407710937281,68.99951687014162,557.8978076414745,0.0107317208103435,4.443605702845161,9874.811575443446,0,0
10,16,20.482386646120975,74.1971511994527,520.8172689266219,0.0,1117.125730169736,11484.192961052411,0,0
10,16,20.378391053749336,25.4063390882517,489.84664942598556,0.0,1386.0771077439724,18214.335453314903,0,0
10,18,19.968586564656466,47.15072590744881,449.60254846736586,0.0,213.24676534671175,4770.709797597055,0,0
10,19,13.922955412798325,60.29234603448771,364.33277402146837,0.0,2.0403004770242097,8481.673928121803,0,0
10,19,11.780077996373333,34.93670448965104,379.0894667656894,2.4169851910627957,1199.508979864798,3167.1406292125384,0,0
10,19,17.704287514911055,14.15163755193661,399.72257408274817,2.1679232900276073,75.41767097402709,23164.384743680595,0,0
10,20,23.02944484111715,17.638014080315315,489.7597884232831,0.0,0.0,0.0,0,0
10,20,24.529280165852448,66.01110178836743,494.0387820440855,2.1612566549338625,654.5822184941808,0.0,0,0
10,20,12.216665095069668,70.69889055481906,497.4714152103963,0.22296534444326585,1070.0703627865773,19790.310371678985,0,0
10,21,20.470499424040664,66.18318865496263,458.58045676735304,2.14913312037523,1235.494363554897,17395.463316084657,0,0
10,21,15.684710896588566,59.04905628893935,336.9260012749775,0.0,848.0538615608834,17240.296318023753,0,0
10,23,19.710343180156578,15.596815136167876,506.8488549750748,2.2054215755566293,581.1314253208816,11948.901492961351,0,0
10,23,13.042745579973062,55.137416692123026,517.5149915541032,1.2915842299694447,784.0079744906179,16002.448206600966,0,0
10,23,15.801544123296122,45.134272340369506,604.0265333281334,0.0,1123.2512845267852,3810.4221393948874,0,0
11,0,19.442740118403677,68.65155440797902,445.9090472814417,0.0,717.5779102385294,17109.668440252837,0,0
11,0,19.563481432124266,49.507756810090214,433.68746528398356,2.7564359480249907,0.0,7165.54736597211,0,0
11,1,19.00049577778358,52.5135801340016,352.8010335618288,0.0,1316.8449971846928,6418.883900570293,0,0
11,1,24.53433619055638,28.25089518698253,395.34494552934814,0.6587034779137461,1063.151268340583,19705.405755392487,0,0
11,1,21.182003120280203,65.5565123682143,467.9866970291848,0.2599616567112303,740.9415360262328,10878.025614455355,0,0
11,3,18.521350255686745,68.58543540632434,466.3684056081289,3.174899898873585,1081.944360712268,0.0,0,0
11,3,20.07361699897722,67.35791148175169,525.301877353329,0.5344729618296323,0.0,13776.556312518856,0,0
11,4,20.06192867075293,26.69631642469616,582.2679962954891,2.576898914279105,0.0,16996.008020171652,0,0
11,5,12.734829128642904,53.180849848300234,574.5305442295619,0.7727992127828582,1116.557680462942,15478.366513520206,0,0
11,5,24.120043119491537,69.0437709942734,413.7069731262757,2.3213055951305366,5.924426577893339,7041.768416618501,0,0
11,6,22.967014763595806,21.516361137826877,527.9243224774787,2.6252053933001918,1428.1108633116369,9117.874208724297,0,0
11,7,23.809659813387928,29.817340209153176,516.710011290075,3.240506930128352,580.9816108119203,18311.773924063174,0,0
11,7,19.539463222404024,67.23455655801776,464.8089427898006,0.0,697.8293796546415,0.0,0,0
11,7,20.091694391373636,50.49048091671699,491.7239178544267,1.8878313008797014,752.6017757162638,17823.445853485064,0,0
11,10,19.908864695103357,29.225331950429165,419.2072205552174,0.0,36.926089931236945,18732.011280318806,0,0
11,10,20.001981015250415,58.76741844301733,534.442507960268,0.0,762.4176829915085,15381.255777245498,0,0
11,10,18.515909438615548,82.09171186210742,443.06481999945913,2.334151307169226,920.5643225333487,0.0,0,0
11,10,18.839849112882067,53.10766404646063,395.7866377241167,2.395066400583161,1376.737693686357,10444.81203100143,0,0
11,12,18.55310370040136,25.82113739602563,516.3125592690611,0.0,1149.3005055187095,0.0,0,0
11,12,18.570298485386704,74.02079652934789,344.2544805162973,2.057914303449899,127.61473099606249,263.46995684246514,0,0
11,12,20.928456815065292,23.807218079361093,489.36767057971747,0.0,574.8007883546793,19299.846911404573,0,0
11,13,19.93001077230421,14.30816105668087,387.2661033697812,1.9943231788730813,1287.001208293653,0.0,0,0
11,15,16.659577988844582,14.558764328159295,513.0878676138218,0.2930725396044923,701.0600579697821,3084.952708682532,0,0
11,15,15.499691355614486,68.47564555989455,441.80873038483367,0.6593538756087362,1147.9113407757109,19454.734027873386,0,0
11,17,13.345296663601536,32.16909429155817,517.4007769173872,2.240002909979854,1085.5726113355988,18620.749653822815,0,0
11,19,25.862588014208207,13.740748917461882,368.04233517511454,1.997766722081074,1074.3433085169831,184.43718232352745,0,0
11,21,23.445120109428235,75.07416521577517,423.64326004752775,2.2328657335058963,757.2603057078138,507.590052391388,0,0
11,21,13.246721059879553,74.89022788863532,327.259505055878,2.2678871306328134,770.338817123564,19642.423971617915,0,0
11,23,13.539379772863638,25.33544359119021,456.6969427877625,2.0111281996563077,0.0,15563.040867177278,0,0
12,2,24.716087030066255,76.51415301118396,396.42000679582924,0.025872789946316893,37.584333865011786,12301.036865932425,0,0
12,3,16.99211905996645,29.768995971497436,478.8957756101025,2.2437442373551497,1275.2271643433533,19497.50880372311,0,0
12,5,20.831088396075902,62.29879641541511,444.64265894845676,2.3434450817965127,1210.4372647802477,12386.115389107681,0,0
12,6,24.964079102612452,53.66884003485013,326.89417191288607,1.5928576209179075,1213.6562250958575,17722.242960003987,0,0
12,6,20.81621227962533,19.564998766402333,470.1128440945044,2.5534198924510787,1126.6996593817112,3339.420627378462,0,0
12,6,24.41075978817083,58.67760460449762,399.8219119663511,1.8970211209503134,0.0,19474.47127161993,0,0
12,7,18.40188655170751,70.13475926503507,420.1786363238545,0.0,71.51292135600833,936.6515717667985,0,0
12,8,19.00375066169952,29.08805908063248,502.9976270691992,0.0,1123.9379707768808,17572.939305126703,0,0
12,9,23.77885805679587,55.367161812777084,455.38951109725565,0.1597541615718041,1427.7837230113594,0.0,0,0
12,10,24.900898354060132,25.55445392931748,413.36277509488855,0.11067845928952544,1147.5637708601696,17969.685995995944,0,0
12,12,19.74104679259817,68.75758422874938,452.5339310435004,2.4544682461713325,1465.0704959999348,12302.757266639574,0,0
12,12,21.398474846810178,28.439820860413633,492.58085898911366,0.13032683332986195,556.7305912356157,1887.0390196887047,0,0
12,14,21.166308901246833,80.72230432135959,417.9177076257057,2.501501597457919,0.0,541.6014636478741,0,0
12,15,22.874806518440977,24.611111778611694,475.1304162930923,0.0,2083.9386753755653,4559.106839894344,0,0
12,15,19.23245338761096,19.581429053893547,381.8769643198523,2.356917746175942,0.0,2535.3810929904203,0,0
12,15,22.128892972915445,74.46539199756391,533.7392914609484,0.0,688.4299478091451,10945.832865849441,0,0
12,17,20.980986110509217,27.076769593975463,464.4533509079392,2.4216340867544233,1042.6269279131945,18168.82238547211,0,0
12,18,14.974408751656275,71.37234429646529,403.355155917761,0.0,562.8726317481985,19261.97764518282,0,0
12,18,19.22673131784152,66.82795864357062,490.0527672256527,0.0,752.837142778088,8623.055887308697,0,0
12,19,24.721248553689513,75.34440806447125,500.66828916832173,2.4759123303397206,1104.814268824436,16995.2468096456,0,0
12,19,20.083563811140856,33.54989659684698,444.2580187237353,2.1681932788804312,1103.508719336815,17966.880535376597,0,0
12,19,19.183128492386896,28.406232007545306,479.7085621411276,0.35083966943191025,1087.8415336200974,647.2565084290768,0,0
12,20,11.14040401771271,34.12356719103834,564.9544252584316,2.644148367421963,0.0,18657.678245213574,0,0
12,20,18.99165179624863,45.52666952588835,366.0897772334752,0.0,16.476909315861963,265.50047622886825,0,0
12,20,23.1724576275886,25.037566708138666,458.1299052174574,0.37816640251767064,801.084226509584,417.13888737912094,0,0
12,21,14.903618519596417,64.05532607716157,424.6032696525972,0.07704900315362047,690.4201907934172,271.4952654370038,0,0
12,22,23.3288893077371,39.21814239166572,515.959238311728,2.3545200494432255,873.73138253818,19736.44457799775,0,0
12,22,9.617613027387062,53.51615820202489,525.5256369744403,0.0,0.0,17972.28284755233,0,0
12,23,22.438645655758055,66.42277098245316,472.6045311657671,0.027616709292545755,214.11482384050788,17780.339875526024,0,0
13,0,13.645791231389106,44.01328769900187,400.20573158538986,0.0,992.3653001701109,1008.1309273505046,0,0
13,2,19.36685736996092,25.828330645274026,462.0954949752212,0.0,109.98466914058515,9457.355678633947,0,0
13,3,25.37511722670468,35.509335316467755,420.0009525362956,0.0,906.9981865311818,9344.4307927552,0,0
13,3,24.019277937917472,75.13178673707513,421.8781539562669,0.0,1206.9113271264496,20118.143714041486,0,0
13,4,19.759583948587476,45.52286733841724,393.51176539256613,0.0155198296486041,804.2723086706036,84.55603042071999,0,0
13,5,19.847550741229984,45.77737972769616,558.1945402796919,0.0,1527.951179040123,3146.362271934673,0,0
13,5,20.16032289939619,19.346789266014646,483.2349711327711,0.0,0.0,1021.983044225793,0,0
13,7,18.63257395364064,22.27778059584968,521.0612269134933,0.0,817.6115026553487,12410.277725340073,0,0
13,8,19.63000293090502,39.42989331456829,409.89615158006626,1.0682177654874478,1187.8496276074552,1961.9212286880736,0,0
13,9,19.118596231464174,13.327227648419392,425.69216226306054,0.052627709315641744,703.7180924231599,20072.304939576603,0,0
13,11,20.399524157592822,18.730167693869618,518.7933271682339,0.0,0.0,18389.011410475377,0,0
13,11,21.868564393949434,49.69826072185332,437.8015067675421,2.1855555270706004,2279.06839547353,18270.187130977458,0,0
13,12,19.893384222134138,26.457257300211296,550.6190709782317,0.39656287119392475,1794.7886154983273,632.7792328318834,0,0
13,15,23.59288126151054,22.153629002815475,403.97264802713835,1.3535302938836629,509.2154297406728,1884.592231747456,0,0
13,16,11.592246770307682,11.938416868841255,535.8005320014928,0.030509811125577428,1145.9913644537996,9444.297476885431,0,0
13,16,22.480501017321277,23.670753375258247,356.92397579055097,0.4148043822603694,1141.8453301431048,973.8596519739951,0,0
13,16,13.85819705050799,59.30856604591894,498.6163343571134,2.2924179523358448,2548.5221897414467,2006.8651112822906,0,0
13,18,20.936127212595252,26.667997837528336,401.31607069979617,1.4344081645190667,1350.0798067076237,9001.176944840274,0,0
13,19,20.4825860614831,55.44684320999282,475.08234181939014,0.0,874.266415829927,13843.002349651206,0,0
13,19,12.95268932136901,45.05420265267876,437.8460788202104,2.8700235074195737,1159.1157296128101,16968.24558921983,0,0
13,20,18.814010452302753,68.06239367597371,470.9384877709567,2.373218513750319,522.8336879142532,16826.018863718025,0,0
13,22,19.385160891214863,25.720283813914005,449.13083119406906,0.0,1322.896137422637,0.0,0,0
14,0,20.200635845255743,19.655969004200593,426.94416155203066,0.26982344989825735,854.7687837617782,16681.300035134795,0,0
14,2,20.60003873075989,22.282271119827193,431.64451513886365,0.0,1375.270624914774,5261.94897769616,0,0
14,3,23.793902990519324,57.576474065091844,484.26686610085846,2.310085289099135,689.4935406953491,14803.337025336472,0,0
14,4,17.216243642573627,59.19243899945559,453.4163584200928,1.923163806940079,0.0,16471.929126214713,0,0
14,6,18.852379432955146,74.247163635007,592.2835647310951,2.5700907569828826,1262.590368811619,3402.5319215416007,0,0
14,6,23.624021716248652,64.5187587171954,412.1730099699469,0.048903950333134334,998.2716115849669,19026.5364856484,0,0
14,6,12.993129060751327,58.121622051672176,419.57900659069526,2.595504343457405,0.0,20.118699526104763,0,0
14,7,13.763378871735135,77.54994775354825,480.8565270164066,2.3710626869297813,611.5011452032064,584.7622172795922,0,0
14,7,20.43491658618612,32.49826965761103,343.3116025839816,0.0,2760.083787357141,13427.65791242271,0,0
14,7,22.588521797623066,14.019641629479112,546.732843543423,0.0,1422.6296902208153,5445.329561999492,0,0
14,10,12.652585795920537,74.35482553697332,399.8799297992947,2.2748852976400107,1045.1169461579002,20903.682887832,0,0
14,12,10.774067800302026,64.95391610291271,540.1524277496541,2.3379634291651126,1677.8877611368584,18867.517414267946,0,0
14,12,22.676251209016133,74.37489316023697,444.8456942286873,0.0,0.0,18207.0052307156,0,0
14,12,19.34758966726322,32.51772389865876,413.1838987096123,2.0784414859764837,587.0509281337331,1021.3450023866715,0,0
14,15,21.20387361170428,74.1382368376195,405.0026631794768,0.0,783.3282916940456,0.0,0,0
14,15,23.22339589643236,33.47910086637434,417.4644741670688,0.13820307755778957,1221.574605967713,16437.630120606955,0,0
14,16,19.88269352794617,70.62256632417558,370.5334484037187,2.464944697458141,688.2570564015867,17840.903716728535,0,0
14,16,12.723447003415611,60.28050510560919,414.0265820797346,0.0411909812177197,1294.903385769497,18764.225812419907,0,0
14,17,11.805268543644065,43.98309773926067,402.25152826593995,2.1313693352825105,0.0,2052.948967785283,0,0
14,19,22.193509463902117,33.83933134701179,481.0266534156454,0.0,0.0,0.0,0,0
14,20,19.05187408305781,57.61579254235811,521.3252789762039,2.414516461889914,629.993900643794,1749.8195552765503,0,0
14,22,23.470202282798425,70.07906752702604,459.1055090910707,0.0,1262.5688801525587,0.0,0,0
14,22,13.015062033568213,67.44177259676312,497.1973977983577,2.416996237055477,669.1232649786931,311.25043845363405,0,0
14,22,19.35064368322012,61.78906717321618,354.19248578157584,2.492376601890245,679.4550193665941,2387.058856260261,0,0
15,0,19.280952712475298,29.686011910050354,502.1324885514404,0.09632071427288569,0.0,0.0,0,0
15,0,23.918144125263364,76.45452724045144,442.1077737688373,2.271409318436202,1810.2518076741098,19348.23142248822,0,0
15,1,19.900752708111092,62.631271824955036,503.8118377654891,2.7002149655377816,1528.1344215498455,9933.490427702885,0,0
15,2,13.04415570866389,66.6789236782528,471.96721848336114,2.151183816649567,944.6054755713783,0.0,0,0
15,2,13.334561759303291,45.636559215271944,404.15760793321454,0.0,766.4054005016973,18587.413450666823,0,0
15,3,23.672195410009074,63.76615525663074,368.17124240571053,0.03824238440061332,1964.3493214901598,15879.818834519716,0,0
15,4,24.69137945573948,63.73679605250457,533.2489627437412,2.2884525142232555,80.36636305948718,1032.020302685379,0,0
15,5,12.915117156325161,37.50581675790145,360.9551473186502,2.089993136038554,537.0461973757994,15378.82585171784,0,0
15,6,23.144973505569233,29.01767026869082,484.8620427670322,0.0,0.0,654.8064154411122,0,0
15,6,21.81979782137103,51.701527759519124,363.8317004904365,1.4121809741716167,1565.8951380946269,16991.837830407076,0,0
15,6,22.07864645733665,46.19663747133545,470.18957993487396,2.7810454279375807,0.0,19751.65209060224,0,0
15,6,23.56786274641627,35.83107565114551,435.8695450538661,0.0,649.5992373751324,4564.151660828228,0,0
15,8,15.943566324167984,28.157648736251364,546.2052005679346,0.8540245643720041,0.0,18190.27553881496,0,0
15,9,20.902088399534826,45.311763242784394,348.2810782930023,0.0,768.312152702023,19687.002659859143,0,0
15,10,11.702332692774304,55.05736894151845,477.7417903328507,1.309858354845212,873.1576684569453,14251.147686871274,0,0
15,10,23.60466111259972,52.25874388609018,497.6904004632349,0.0,1217.051833495033,14669.789806362214,0,0
15,10,20.15367206297206,75.2753349287626,521.5253381151628,0.9719374338727164,934.4308886910651,13534.780272543778,0,0
15,10,24.191557729611105,28.04023056969441,532.3541545722297,2.2212944513352806,821.9820114240879,5951.745572302603,0,0
15,11,14.661012600682538,19.32263372021937,439.59310791307115,0.5947774140480507,588.0033555133615,2319.0830170928457,0,0
15,12,13.65532862063505,63.712206102928185,367.10967936305707,2.1478914270696827,127.59606809737875,19381.51833615201,0,0
15,12,12.782284284317678,63.656733920627076,456.99885769690917,0.14000634015516078,0.0,7978.152334745324,0,0
15,12,10.334399054515494,37.47666444378673,509.16983861641836,2.1494547484244806,0.0,3906.9855884430613,0,0
15,12,20.978283118168903,24.632147334504236,404.72773631836765,2.3002286331830315,0.0,21250.862049741187,0,0
15,14,23.26059472283382,52.28962349664564,528.3426879689248,2.6339003879206264,564.4414206056399,3220.3876444601497,0,0
15,14,19.67663134904313,59.570175104124765,517.7851179495292,0.0,1059.9698096466022,8579.405708513936,0,0
15,14,13.675403933896483,28.472977787998595,496.9306677570111,0.0,463.0616038019896,18886.57225124325,0,0
15,15,11.673741161066093,13.433744915901023,476.0569583692072,2.567041118761693,872.0267267706279,17808.614120598904,0,0
15,16,12.859787375124581,26.688641818762406,513.8553189040409,0.9134367131590023,312.26459822724246,2816.5821298482415,0,0
15,18,20.239243204205884,48.681659400745275,413.5198272264786,2.036621211163998,0.0,20024.508654786667,0,0
15,19,18.89895031873018,27.001001682699577,336.0555121855041,0.0,700.8743494099757,18291.637213301536,0,0
15,19,18.643545991608452,71.09452498625153,458.42190056115095,2.34335760645997,892.0414030372585,13888.554282302215,0,0
15,20,24.675372565329724,45.27007790206414,507.5606444523641,0.0,1377.3655141328081,1906.549882033138,0,0
15,20,19.38792556891665,68.08453118718894,357.0812532961404,0.0,891.4926174882464,7159.795732764819,0,0
15,21,20.65830385039913,15.912083396374584,503.82419730992774,0.0,1408.981983136843,2738.8342818590972,0,0
15,21,19.516196829967857,41.24997757182833,502.091503464944,0.0,675.8295574733693,17709.379781266027,0,0
15,22,23.958604783663727,73.15991507457889,450.90801384590924,2.3350647474172312,793.2211201975454,18248.88556819554,0,0
15,22,23.397377395740087,65.17953150672022,402.55283957459534,0.0,354.9703136367157,19362.993682850018,0,0
15,22,14.33377373850503,79.47446018437086,385.40553780289775,0.6792600498593715,0.0,2650.8327476080517,0,0
15,23,23.918869152393118,18.397339283646374,414.7873794624505,2.3622194122443845,0.0,16492.287686372292,0,0
15,23,10.157491166796348,64.23501828757527,563.1577579796011,0.8985725898649968,1913.5441473157398,19929.407693150562,0,0
15,23,17.332154136512205,39.16113210989674,352.28242543391445,3.101699279772224,0.0,1748.9858647420647,0,0
16,4,18.917270756784923,48.01340022287651,454.5124416765253,0.18131564651719223,1140.9090484361004,2402.7382649871524,0,0
16,4,19.442750100840186,38.0689022667036,540.2896745275292,2.2396955432269765,672.7416005692434,8630.789359096196,0,0
16,5,23.956555258065475,20.504662768668588,447.0016150238429,0.0,889.0995557860447,19059.48323670943,0,0
16,6,16.860058267289464,53.95180275975709,455.26856216169773,2.511119279820461,440.25523721808804,18892.14820643192,0,0
16,6,22.812700420911106,69.03459145184031,443.41413646292904,1.3720373716854581,1132.5944423407636,19491.70413426768,0,0
16,7,24.389477923577463,24.902610078045104,509.42823576099187,0.0,665.7882912278656,18740.94566142067,0,0
16,7,24.06794180040246,69.12373939212215,524.4692032352584,0.0,0.0,0.0,0,0
16,7,24.51359199008209,66.07869256592406,396.14848961517885,0.0,0.0,12878.709680237547,0,0
16,7,23.117811196451097,22.93363873600042,366.47477517458856,2.5349127460761625,796.3298147273924,1177.7294501996691,0,0
16,9,24.527634723576202,60.07095142574549,441.67210994587754,0.10559456611896854,98.21541542340259,0.0,0,0
16,9,12.504323427098209,30.06165144415045,449.0516017158481,0.17953942932987538,1201.7668389993144,2270.617166838188,0,0
16,9,17.29861006191712,47.402609222708705,424.119463320697,0.0,601.9197930350824,5288.55157296898,0,0
16,12,24.382112706201564,48.241461021185124,569.0861624198214,2.1683282717725536,614.9159777117773,18867.66570017618,0,0
16,15,13.199528127692297,69.8911943258181,431.4096360526662,2.8201863368072893,0.0,17173.96368996912,0,0
16,17,22.905828595874507,19.663423879142798,538.0483096421523,2.2815491350977126,19.816070135566612,19015.212770560862,0,0
16,19,24.444366572197445,48.2974517398456,427.80411063798044,0.0,1291.3835521518733,18210.63341319407,0,0
16,19,19.34877978705999,71.51330404506938,392.0904946714336,0.0,747.9868853039275,0.0,0,0
16,19,19.282054209572383,62.71276075218529,434.6105330549786,0.0,622.1609048716617,276.98248621170336,0,0
16,19,23.45617714562562,75.60749139725108,397.6124893600176,2.864381113169123,0.0,1327.7942559088858,0,0
16,21,13.785007306781543,45.31203855982633,436.4303547469736,0.0,582.9587436160988,765.1749888498789,0,0
16,22,19.547081878908113,30.831634875746364,502.81218123119913,2.6813746155442297,691.1222844953613,18453.974922901118,0,0
17,0,19.589810517251163,48.27096207961207,385.52073088220544,1.0579815757090827,765.4283380387278,17792.890925778003,0,0
17,0,23.876231200365535,19.85577719614653,362.9631719323965,2.422450566217023,591.7982949466239,17329.526457897988,0,0
17,0,12.98101737892124,78.25589039361206,567.7343756457499,2.980747253373776,47.79898696967331,0.0,0,0
17,1,23.516786867342017,36.878325583720176,533.7441396143183,1.936094220210098,1364.0799981489406,0.0,0,0
17,2,20.00069952948897,12.091916896601957,513.0652572911844,0.7449026552481071,980.469499909221,2839.0578560159447,0,0
17,2,20.113277104919444,43.296127745192265,343.72444072994307,3.0367911697968686,677.7401880202528,12954.802309877687,0,0
17,2,19.36428967392609,53.480703810216504,478.0765487495088,2.1500985373883776,0.0,17987.880654807206,0,0
17,4,20.377095794511565,40.77368849300967,419.8165042026795,2.326143573935125,70.88125108829644,18475.694377142336,0,0
17,4,23.069363546365665,64.55044197541085,399.03422041707904,2.407411833831548,640.3580843804574,3790.868378888523,0,0
17,6,21.1587206492631,40.77503785488085,456.39075537545176,1.3183648136923547,1053.8947911419095,18064.99554940547,0,0
17,6,15.690190075120288,70.63951733716836,500.8512214257803,2.3691326276569997,0.0,8698.305818982515,0,0
17,6,17.395644842094,27.662593242365276,581.9923755216851,1.7341526332758792,722.6452635375167,12201.127297724202,0,0
17,7,17.799178440899446,64.50703996694635,508.51145473729804,2.0102219877788223,0.0,0.0,0,0
17,8,19.221909724806515,65.93174720177642,495.48126041674664,0.15759973169711938,39.11488454557173,10526.105888978882,0,0
17,10,14.147542534291674,30.91243543829951,502.2877458037909,0.04760941994814427,692.6560151712897,0.0,0,0
17,10,25.426546883261267,21.75224785993324,373.6133162879019,2.2024378556806288,965.9066204471962,1048.794048515989,0,0
17,11,19.68951006377051,30.217956385768883,411.82097644327933,0.0,1247.9468908553488,8030.9966273575,0,0
17,12,23.09716099351614,31.131938979027822,522.2575230631365,0.10512370961439596,827.405658622292,5031.920333374835,0,0
17,12,13.148697209394026,24.248798265465474,340.7533297665655,0.0,3000.0,17791.24438099301,0,0
17,13,25.62088954984265,70.59963698655149,536.8436521114519,0.0,966.6369132627517,2078.836318078393,0,0
17,13,19.259765562501332,56.088448394628735,316.93096462134895,0.0,2049.949661795723,5252.05102249026,0,0
17,13,12.354045606049478,58.341620022263704,375.21235218076913,2.175421247995767,2390.2179318895082,18233.2350336354,0,0
17,15,18.33929438875032,30.759779274845645,397.06964050032406,2.6581726656564526,2380.737267609244,12410.84736023147,0,0
17,15,9.503189786694463,33.901959822161075,519.4959948282551,2.3768270883166682,0.0,17626.04155210549,0,0
17,16,19.800534112994253,77.03263448917781,421.0577010294477,0.0,67.28732440550593,18755.011281640138,0,0
17,16,19.42907980175829,37.85831988309007,397.8080201563344,0.0,0.0,19888.251465034617,0,0
17,18,24.304298929089146,70.49994256819262,408.0333434128472,2.318550768578074,1356.898522413217,516.5075168532065,0,0
17,19,23.49962486704104,58.47024269514871,515.4099795469807,1.6285043946041502,641.5449407872836,11076.651972868198,0,0
17,19,19.025330250971308,12.254348561841821,593.9074346182565,0.8637406218451287,874.3219391438818,2254.380602919833,0,0
17,20,25.86042444548587,76.03610659394295,390.9794869559159,2.886532034943678,1865.9597048843516,17660.654418216094,0,0
17,22,13.796168480580562,63.04030371683203,501.1170328151877,0.33893442999193635,1725.9429952707885,11153.598409000886,0,0
17,22,21.337743836748132,71.47545417796829,408.52041850726323,3.5713996858814143,694.0827323938245,14471.473421040217,0,0
17,22,18.930847937260616,60.31947055674782,424.7490658037132,0.07508487565075539,571.6567156626668,0.0,0,0
18,0,19.691169053275917,20.21268389318216,462.048882278759,0.0,517.4328505135372,1646.554456114561,0,0
18,0,19.10881908262027,41.01409465929809,410.66107475063376,2.0890409875250358,1406.3496876058211,17676.918801703912,0,0
18,2,17.640284035259867,19.606172682489152,480.3136750389108,1.0801128530799118,671.7582982072286,0.0,0,0
18,2,11.278670001963565,42.80619661785602,511.1546078031057,2.152586356539777,1013.9439448219214,17075.61924371973,0,0
18,3,23.805118043713666,33.93303437571778,494.9799630458596,0.9734959423049934,1084.581874774212,19659.385684611585,0,0
18,4,21.646257666574414,52.23414635624135,526.0548430178487,0.302466007296349,667.199545477791,1050.1685388296983,0,0
18,5,25.648181703784573,32.674946731586985,385.8927272048505,2.156545348765849,0.0,711.0228072423181,0,0
18,5,11.027571210414198,73.61975925894362,499.85883896775516,2.3591366476033904,987.745300634713,18769.431962374147,0,0
18,5,11.776445638270399,44.990439492769944,358.55075292320544,2.3016669402743046,1370.5065575599688,20575.037914425506,0,0
18,6,19.320887411623286,55.81416408898967,451.2298190298646,0.0,554.7395073646157,18850.490887627562,0,0
18,6,18.821188814775233,53.18687435930966,503.1756352116918,0.21284571334386967,993.0681791308804,19937.706114174798,0,0
18,7,23.270305363921697,43.42524914647504,488.18622684054907,1.9213934686188172,726.7970943511705,570.6556770357604,0,0
18,8,20.79605625438116,27.526344410353506,415.30942082032186,0.0,1563.5954661565897,18610.623186773824,0,0
18,8,23.88873043512029,51.383307597958186,412.64814653741985,0.0,79.56752846958206,2638.2535846141686,0,0
18,8,18.666124084523023,73.34442560145918,489.9056392112677,0.0,1117.4179977765748,15682.531925407344,0,0
18,9,19.448326167950476,14.63111236829696,442.2322808885721,0.0,0.0,17109.225026312877,0,0
18,12,15.428774727873193,17.777432911895342,398.0054921964083,1.119857560900358,1397.8685285879565,18660.92786658337,0,0
18,13,19.318039597751802,65.34648187788379,521.9562849680401,0.9249020658521526,605.0308191144934,18895.826267233944,0,0
18,13,19.950844803111945,68.88491114939974,492.19233223004693,2.4148421495939245,1653.3052953711992,75.97407290134174,0,0
18,13,19.949158266653885,48.82830313100319,503.41474739210486,0.035216276237209604,738.6214212476845,0.0,0,0
18,14,12.56794722464883,21.945234075167097,489.8778121090062,1.9021977427563035,0.0,2917.5141474324064,0,0
18,18,24.44540912319566,45.1884694599253,430.6431184182815,2.9051169301659856,0.0,406.13065039264376,0,0
18,20,13.91506035968764,23.6329493646599,493.27248055595345,0.0,1317.2139378374234,4221.500127538832,0,0
18,22,20.294339624171094,26.507750226356286,326.6623604077594,1.966586719719696,1816.0649602888134,1864.2868791561377,0,0
18,23,19.424148706728925,77.76091270452166,391.95155750037446,0.0,0.0,0.0,0,0
19,0,22.163914054212547,13.857503702973382,464.23052562804986,0.0,1378.0437562630668,0.0,0,0
19,0,19.427109451676014,42.279252765208184,403.148990865642,0.0,1023.6640463848767,17300.203048713058,0,0
19,5,11.704197856340532,76.61744984332039,371.66172328048606,2.2802217030737313,0.0,11670.549726202158,0,0
19,7,19.10960655207729,35.14283213631798,425.3113486209032,2.2640188353917505,2124.085047204547,18075.948635776644,0,0
19,8,12.606076770937214,74.28129913096313,452.0658190411808,2.7626937251960633,641.8209130163664,2056.8203081160163,0,0
19,8,24.39707115947997,62.461453669637585,475.3358273581547,2.1641532284193232,1140.856355026068,0.0,0,0
19,8,20.43243348129921,78.6365712745947,445.0412088354318,2.590268928468779,0.0,19254.890451950374,0,0
19,10,20.164816519860743,34.81874799495996,368.1032903326603,2.1831919288370307,2778.5244560206556,3453.6710446076677,0,0
19,12,16.491352866922394,68.19267118886319,465.773912614392,3.5225712899188997,0.0,19995.601686166337,0,0
19,12,20.402004874029394,77.39125259587281,463.71054242626417,0.18637086731268493,1321.8100598939263,6316.863712378978,0,0
19,13,19.032381661235984,53.11769100995085,461.31568541075524,0.0,1248.743042541546,15283.738417243327,0,0
19,15,13.24241646747833,66.85317645174958,457.2638121525412,0.007741987630822733,0.0,17390.501124223138,0,0
19,15,24.239445141720754,62.02519522321053,527.0084807157541,2.477634052206373,826.5321429411122,22281.4449785822,0,0
19,16,14.057410818690421,39.72774316835613,459.1357871389839,2.828771959803094,821.2756241035478,18421.949257257515,0,0
19,16,16.36835994170627,48.92924754559302,373.1913390886994,0.0,0.0,2112.601730942708,0,0
19,18,19.915470362907335,32.16702847014032,476.81170463007226,2.021576097011196,905.2831665905414,9245.360951628376,0,0
19,19,13.209843432721563,36.04655097525975,419.4086232167317,0.0,727.1342205450795,0.0,0,0
19,21,12.838528512608674,17.70819971816672,498.31264833516246,1.5406975882840102,64.5616053610059,18469.8654224203,0,0
19,22,22.617436199203464,38.23579579380781,508.84267545463535,1.5179582092521566,1131.5870018363148,18227.16747186398,0,0
19,22,19.64136256264171,69.63113665083758,410.58190492715596,0.0,961.8064529944521,2346.857853237211,0,0
19,22,18.755231122880662,45.72718134561145,382.3089162903667,0.0,626.3621958036492,19150.838074329135,0,0
19,22,19.562533623796693,46.75988989736909,433.4365035276416,2.0652158913277012,1.3173869590641094,18510.869703325436,0,0
19,23,18.58490378062088,61.6625680047008,535.2429597305722,0.0,600.8098395417435,15985.568387469408,0,0
20,2,25.000175105818283,46.11779742563104,480.5658604953526,2.239410235899425,685.4195478415172,0.0,0,0
20,3,20.14008196629035,28.74351180198709,574.6976287377715,0.0,578.4522412922239,94.49191621644133,0,0
20,3,24.70522511099933,27.605938760836697,546.2000021163192,2.0664957435362044,0.0,1906.9368122654869,0,0
20,4,23.18647554112726,68.47245881732147,394.98078131937103,2.452558081867474,812.8764142802901,2822.4680507803205,0,0
20,4,11.977479754399171,23.41956758757986,480.70588338233716,0.48153617108212754,888.2286774314208,16927.68665630233,0,0
20,7,11.574119998509937,42.397271577743915,521.3072863506962,0.3586996410398414,821.4024196295626,1044.6210103272635,0,0
20,8,20.94966667317727,23.74158662344776,483.68376602684793,1.2915350194881592,1145.086910182922,0.0,0,0
20,9,19.390099301617546,40.64506731944915,382.4124527758786,2.1296521732497937,0.0,19233.09737297348,0,0
20,11,23.42837066893246,20.783643181762688,351.5256420679424,0.1591848587531821,1845.386638801052,2988.631574765481,0,0
20,12,22.445799220653456,38.996097199982366,428.4053758503658,0.0502508217041494,0.0,13698.688127047164,0,0
20,13,24.29932769179101,25.32784638354296,485.16548142317447,2.5315860406152444,587.0996486011246,19150.304430363045,0,0
20,13,23.17026335842114,50.18668052493333,465.4596645269521,1.1697889114131959,427.8111125186613,17491.359987006108,0,0
20,16,23.852443592529845,30.662864890583464,459.0154674974304,1.0535419709551206,519.8399731476237,1469.3875552791633,0,0
20,17,19.3133618737254,28.830111779692597,504.7527351324097,0.9052832608282719,0.0,1140.2012208903307,0,0
20,18,19.490403052251924,22.587271161424013,477.892058090142,0.0,0.0,18179.622966993727,0,0
20,20,13.904779656485822,25.772983001082256,409.93403177032746,3.3246539339264385,566.3509809330515,2098.86071906896,0,0
20,20,19.696720278597645,17.731593635378125,354.890526295298,0.18771410820163648,32.176369447220914,0.0,0,0
20,20,20.00563191994903,48.11860563073755,520.8337627930761,2.3754660680106623,731.8873455157633,563.7643375072264,0,0
21,0,11.234296701823734,47.81130942787763,422.46155851089895,2.4777086065519662,1153.3651145315703,18502.33017433283,0,0
21,2,16.303174476136185,29.18596734603706,521.5456621071357,0.025936034346112122,15.384632102093786,20245.723329391574,0,0
21,4,23.670283404345888,18.542366239136534,337.2696540688851,0.05152357084487356,3.477517450177637,9711.252670749382,0,0
21,10,18.80691271134039,16.53444276062001,541.9888282606672,2.781935312224969,1558.440654975482,2576.643024355592,0,0
21,10,10.02271454755428,42.91460435058632,542.2067906137576,2.875553358704922,0.0,0.0,0,0
21,11,25.76434965985863,15.512049521720384,381.01851963265057,2.501611821324463,0.0,1578.5489202701708,0,0
21,13,18.581071896634437,29.579867659597912,391.9293612684583,0.0,1400.1682889211847,9892.045678870873,0,0
21,15,19.13859448087026,23.44751309789624,379.762859801323,0.0,1374.8216421990455,4567.325082599625,0,0
21,16,22.251751458936106,42.75057592152613,403.60108047384506,0.0,1112.0518993996534,3446.629157698142,0,0
21,18,21.156206751702886,69.03631673376506,503.24503309524033,0.0,26.91956847256218,19050.82391165497,0,0
21,20,16.147095846316272,75.69012834305116,397.7127243698229,0.0,1196.061817958268,3906.609139390821,0,0
21,22,11.945568948592996,69.42854831902595,369.0444883545452,1.3386208270030435,0.0,0.0,0,0
21,22,14.151137789230239,65.22022478897365,564.4053135735065,0.0,629.0932515014771,15017.33322459651,0,0
21,23,19.939037142860393,71.11114247131934,397.67386277638946,2.256896131854408,845.7632691262221,18210.853678328764,0,0
22,2,19.61723402297923,55.496904535413464,541.2644072183217,2.3487695439112586,575.3581559891524,18642.934291283225,0,0
22,2,20.060279320775905,55.02511993604203,400.4947468889078,2.2756110064203416,191.9231282713322,10765.890604531953,0,0
22,2,22.68040714633154,24.65768588843754,377.2279014364062,2.173984715426531,0.0,3113.19603319991,0,0
22,4,19.71422002320821,48.68276756418198,425.32745862425327,2.5695599306934582,644.4544768165791,0.0,0,0
22,5,24.96297813047308,35.035204252813074,463.9693785184402,2.3871991639353003,623.1567016213218,0.0,0,0
22,5,16.467331069329337,64.31509905930996,381.79039688100147,0.043836568718032216,0.0,20011.79337510825,0,0
22,5,20.039427153938487,29.185175209753805,497.15565020187785,1.6039382425711775,595.960556200882,4237.430412034725,0,0
22,6,22.932802187550564,69.89976919680294,554.0860194303059,0.0124478166434836,1339.3558688371647,19029.242572536674,0,0
22,6,18.95540809349126,50.42384484932624,471.06961112604665,0.24822557484344943,1214.4403904334529,17337.203289492463,0,0
22,6,20.28038252054412,41.687652733043464,504.6744278947503,2.2102907199882638,529.6908090288568,19660.783407461193,0,0
22,6,19.64225008506923,19.05204085779895,371.5654858823914,2.281399996886639,23.56190092258438,17882.874561894914,0,0
22,8,25.006633802256495,18.972238497892963,517.7780860970469,2.926894558874561,1034.8202714237545,1977.2618914967275,0,0
22,8,23.499671820662993,70.41865082876335,502.2433040083348,2.1110736438403936,1189.6184940716512,19859.09908254011,0,0
22,10,19.722152783554165,63.194021047803204,505.8866404548712,0.01701390427161198,932.4784290324716,1452.645782220738,0,0
22,10,18.95792487717771,67.14035553491448,381.6552786987116,2.4991800260925987,1187.4094080372406,18576.496651550267,0,0
22,10,19.878505819629403,50.735370819737334,342.6864635244323,0.14305308304844605,2015.589923990517,8118.180732928373,0,0
22,12,20.439283771186368,20.934803445577657,403.39415454380895,0.0,0.0,10401.364485933624,0,0
22,14,20.601141609014697,71.72593591152106,402.04687380517936,0.0,1648.5611872485897,21496.4018134046,0,0
22,14,19.842533614362317,73.60152366523587,581.3819217236617,0.026751983362386704,1075.3866239514548,3502.2070374085797,0,0
22,15,18.89519494135636,71.8239162402448,496.77927842901835,2.4922717873814766,753.0458525627369,8001.037190461633,0,0
22,15,21.07019080148048,25.801362518584078,424.44493728821743,0.395675024183754,1125.405887594804,18352.239936521888,0,0
22,16,15.180837886751519,78.30083479895939,434.1900109176987,0.7516772548731617,606.4226989944538,775.2206540893437,0,0
22,17,14.123067994715399,56.04905773053153,469.061893771944,2.6576536701364413,1007.937592372401,17187.896365235723,0,0
22,17,13.172371738044154,50.70028548489816,375.4789944375595,2.5237333142214236,608.9181790013638,19275.51551932415,0,0
22,18,16.922085899215546,61.791516704856505,356.70576930963404,2.3588690285161453,731.0893440108987,17740.784541010373,0,0
22,20,20.540150160232237,47.34825937361776,417.4352140773185,1.7569822998019244,49.2550914130709,12825.614024927261,0,0
22,21,21.194805404596764,71.29009462875892,427.6867247432733,0.6396391076483551,1624.5923462262003,6559.591727217912,0,0
22,22,12.24919206353809,52.05665805757601,438.09576894588116,0.0,1259.2845765660634,18858.37513828948,0,0
23,0,19.25437016987165,56.67562899585057,403.08250936020016,0.07768055618362853,37.61662904006337,2762.2134827570453,0,0
23,0,22.440920421624806,75.82995788517535,401.61078984269216,2.117743004779296,591.0446474509865,18203.50202888718,0,0
23,2,17.590740159031295,27.265235305841955,392.19876613753286,0.0,731.7220794219428,7322.911781852272,0,0
23,5,24.276703743694775,55.66972285227699,529.3665500083747,0.0,1529.465566721269,11342.000337788779,0,0
23,5,12.395333507093726,46.95388296833118,454.78891579311136,1.590470138197436,0.0,0.0,0,0
23,7,20.46561764110462,31.80172296214338,539.5472229337945,0.31096789271575026,0.0,17388.38064201311,0,0
23,7,22.497597914619508,33.2327258467154,467.8133748802129,0.6720904474432159,611.6421083965171,2100.958595561317,0,0
23,7,19.04834380581715,52.88942412289314,466.6998948229159,0.03381017411942129,1089.8642783314212,11154.351043944978,0,0
23,7,20.905609380155227,70.73853954198873,502.95329711805823,0.0,1182.072498228901,13698.781903675545,0,0
23,8,18.660420531792298,45.09611142282273,477.40742526265325,2.5146587748232423,1390.1199805754331,19328.341752806195,0,0
23,8,20.155733645665855,25.444878842821943,432.0285087271763,0.4258872185791409,1266.8811347582052,25481.004337176724,0,0
23,8,22.577379883724458,15.736354206215465,414.8568592470926,0.43117619479724745,365.1101903568408,2961.3848736410414,0,0
23,12,13.273984590125936,68.64156110592825,517.7750253023006,0.9974292825205523,1345.6176502744786,9553.268244103074,0,0
23,12,15.15110736085279,61.13685644411695,406.6090938337319,0.0,0.0,19044.549937596916,0,0
23,12,16.556940370291805,74.04560637313989,491.6053820074483,2.032897020940936,748.2825217540824,2651.462200702362,0,0
23,12,20.599990828399967,42.339474514704,528.5541810490596,0.0,0.0,505.14784511844664,0,0
23,13,19.759625630975034,54.53939060481736,532.8373373389317,2.1789180763666094,1144.1986201892537,0.0,0,0
23,14,22.666017667111465,43.17743666453528,416.57122807836464,2.284128107013002,2866.9482221885346,0.0,0,0
23,16,21.11847519915268,64.43711999679364,383.01072964015606,1.3378401239504,1250.4460577211776,0.0,0,0
23,17,14.917652166185375,55.30886975387765,531.7087784734363,1.851103606303437,686.4535072585395,1382.910414942562,0,0
23,19,22.939980673983772,20.144920361209294,514.7426258578867,2.3019176200021016,697.1020126349283,18424.37801900716,0,0
23,20,13.998914761833717,72.47849067564053,384.955118407652,0.0,575.7821965981047,2340.369566034041,0,0
23,20,23.938554864726356,74.15956220755473,418.5757403610674,1.3219215274561904,998.5851060486814,1800.4001291900995,0,0
23,21,14.729003107167992,70.48869288277045,523.5602940603135,2.5706220553928487,1104.290304678139,18890.77890067883,0,0
23,22,20.76465076616046,51.424988648676376,473.8083227979107,2.419489308783238,1152.858034216953,18167.709037045635,0,0
23,22,16.790119948896923,71.33010525958301,374.29313418489,2.087994893984438,4.831755398063166,0.0,0,0
23,22,19.266385441942017,69.32366141657225,443.442834004847,3.335913416082778,0.0,18693.420974512024,0,0
23,23,20.917259683678623,66.77637289429742,515.8771677766139,0.6046316205799066,635.6157100489954,4659.013308048737,0,0
23,23,23.534751684282963,28.847859232157255,386.79156174233765,0.11577532306254987,0.0,631.8616746600344,0,0
24,0,25.98106798468632,70.48309270397603,395.0781440413141,2.9467222952952503,1037.3612539974213,11121.217571725394,0,0
24,3,18.51270196038806,24.370158758654462,423.596222608084,2.9797944557901554,1204.9216420549242,21309.270163966074,0,0
24,5,23.59662012424941,48.102709141625,446.4435722308799,0.0,205.09505770522946,11342.304143064192,0,0
24,5,15.545095571345252,33.9510854584762,426.95006814300245,1.9783633986413884,1061.657370466605,18332.359400906596,0,0
24,5,19.073826146754403,23.875919827946053,481.9642392247367,2.780616395297269,673.8992977423607,19151.98800928865,0,0
24,6,19.453419344219935,64.04039212262393,381.0143839511624,1.4128504565405673,0.0,3610.8878832117502,0,0
24,7,11.616513490474533,23.773514032338337,361.6573786763294,0.0,1101.0762475968133,12188.495353377413,0,0
24,8,20.346633198855233,68.20906973043847,457.222568042495,0.0,862.0951325395872,2571.7274964565217,0,0
24,10,25.239372590025283,51.78412433247956,414.87180950136167,0.0,1318.6850123430445,18146.339491408602,0,0
24,11,12.281572286906975,52.252865236077064,588.6919015492958,1.9457264878701963,957.9061990965513,17877.469070987358,0,0
24,11,16.87809457406846,45.06393106985499,394.5060005880272,0.0,2127.353361056627,20085.33191874825,0,0
24,12,13.375904689759865,60.2474380227747,423.1323379681989,0.05089186597788466,0.0,600.6578003462273,0,0
24,13,24.14079237650973,73.45721424003068,480.557062471127,0.9511311424655104,0.0,12078.230572023256,0,0
24,13,16.99980869078226,26.960099246643047,495.7712743881583,2.82957700809599,1314.366802139237,1910.2845303066192,0,0
24,15,24.25947835600416,31.946598363583917,480.1322613594892,3.2821159665873068,111.95181014539531,16538.111395058775,0,0
24,17,20.927777742676454,32.0275571506946,449.38406972565946,2.2662430115452543,880.2253369514907,1221.2561466132574,0,0
24,18,23.78250725617589,69.92764590832938,459.5684168611138,2.1040096178382806,985.1985957906764,1999.4595752476562,0,0
24,19,21.47553994246556,46.214206407004795,479.64964244184046,0.0,2012.1692149541914,1210.0930052244355,0,0
24,22,23.551338141533307,48.22733372558959,419.82769843528,2.3460176997919566,1565.9203776601742,0.0,0,0
24,23,23.265617947723953,67.07755117015643,389.56344078402924,2.284521182749823,612.761133273952,20391.018719033043,0,0
24,23,19.317523101914787,71.98712230186672,368.04608817976947,0.0,693.7871989310592,0.0,0,0
24,23,19.751009416636425,39.65335670371781,453.09553169708744,1.6995546173796285,1745.6088953592266,1581.3773831800809,0,0
25,0,18.058113689310897,17.33983462749586,367.87521180626237,1.1390327271904663,51.08186734325453,18912.768831240748,0,0
25,2,18.888174164217453,25.088082327016252,489.3738570259466,2.732706970248825,0.0,17028.905826422244,0,0
25,4,18.529918691493364,40.44325193884647,397.3765210442304,0.5396330579894916,0.0,2270.9190830540992,0,0
25,6,22.605610207151173,34.647414946645114,424.71354969136974,2.228172155277353,1169.20536094386,0.0,0,0
25,8,18.43268000607767,31.362151641521592,478.5841936729297,0.2909755036393513,1031.640333387271,18457.95647599604,0,0
25,9,10.757727816846895,57.553268896227245,387.2660765376612,2.5259434000187504,32.047531645669736,17472.818942171354,0,0
25,11,13.618309459496118,39.920113603604676,515.5604540939088,2.26696437261825,1254.3601947238678,2937.173142571367,0,0
25,14,19.68789290905627,69.88882283645357,450.73952018449637,1.3998498167671212,803.0686809655216,23850.918531630192,0,0
25,16,12.07390921104048,35.20399592927852,379.455739480946,0.0,16.947462282338204,20011.567417063183,0,0
25,18,24.454405978934425,28.15435241195457,543.9422655018973,0.0,922.7739263824989,11779.8025983184,0,0
25,18,23.584402159749235,62.38802236043808,401.7031604282766,0.0,0.0,19270.825702651873,0,0
25,19,26.135532669256694,66.2635961021229,461.2766575508325,0.0,3.428316391717188,16933.31676482587,0,0
25,21,14.566956495892487,13.941297711371842,411.6549959635702,0.260472791556033,0.0,19201.42111232264,0,0
25,22,21.214531537355757,75.28833872090895,394.839155762262,2.530492541921471,0.0,16830.261206865132,0,0
25,22,23.40905647713292,63.745185632289534,541.2289872195213,0.0,725.7325558013753,15367.894028559389,0,0
26,3,23.804111339999906,71.90699929766085,431.9535854995717,0.3683424937043521,562.4328055204319,18846.25451896436,0,0
26,4,12.866113047760285,65.40495647457122,537.698641567169,2.995506473709121,1323.8352945998681,14192.415100345435,0,0
26,5,17.376977260408847,66.73104109562036,397.53350867537927,0.2608496163786026,852.9971628329787,22409.592937134592,0,0
26,6,25.06626763357354,30.427835216702064,372.4578710674828,0.0,0.0,166.1118761034469,0,0
26,6,14.829513286555837,17.942808429987345,458.4640626435473,0.8789830613304899,131.918904642956,2171.434924044405,0,0
26,6,19.25781365325596,53.21308255503159,452.5084921307541,0.22331208107760558,2096.089739689645,14737.96980693722,0,0
26,7,15.370587117125915,49.74544124246827,495.75098533487716,2.470153298147965,1295.5920632249915,15401.394243605595,0,0
26,8,24.017275140202607,69.6616207351786,501.63410323497953,0.0,1242.9254285871434,391.48359241523355,0,0
26,9,23.656017268678866,37.773853158102774,368.4938274466053,0.02046789191188722,832.876697007353,1085.4016808391068,0,0
26,10,10.692507124115131,57.97680816382521,454.218114180566,2.1339501906887377,1415.9967012322743,11532.730633049146,0,0
26,10,14.346735770666857,72.33850998991596,497.0778171220126,0.673583801512896,0.0,19024.355854348156,0,0
26,12,25.09878513871856,29.012967945875772,473.5242525321027,2.106521012052903,634.2980345707565,901.0869624364498,0,0
26,12,24.18440858919162,68.952874095193,580.8953789538651,0.0,1647.4058863885039,19744.48802571526,0,0
26,12,23.195920262183115,67.28515129172106,344.11240670682713,2.3694083381759814,0.0,17507.901571227856,0,0
26,13,14.09891091648371,39.845603831897215,390.3633510722574,0.0,621.333820577336,19114.524088820956,0,0
26,13,22.223407182680727,61.6283933120799,521.0728862728065,3.178271812590817,1326.2577609917294,1977.4623440663077,0,0
26,14,20.119729759498174,32.740751475236934,529.2953573469745,2.073352189333629,555.5866115581118,8186.016369190347,0,0
26,14,18.952361840576145,62.58676697895392,438.0702106571959,0.04456801615719319,713.6057354585037,1529.0032173204172,0,0
26,15,19.377776021849744,59.135216899733585,445.87727789463486,0.0,1487.8875811044657,16873.843345210502,0,0
26,15,19.947412864301153,77.02129353951355,483.4036700134155,2.29798577570808,802.0660679370816,19614.01300277878,0,0
26,15,13.559371499782864,25.634247822821703,565.866702865088,1.1849381451229053,829.8274013048044,18428.607225949272,0,0
26,19,13.21163689129597,18.327752123244156,342.78537443984266,0.0,727.5595839458149,21059.10822004104,0,0
26,20,19.128884389615106,34.94907448457588,407.58514229892387,2.0828671796257403,895.570236031122,2680.861328619696,0,0
26,21,10.843091775826522,78.6578060937017,482.81450355892815,0.0,179.93093948336522,0.0,0,0
26,23,10.087748890685216,52.246820405144845,447.9927254362917,2.4496955458310903,771.3052847634084,17375.10955155685,0,0
27,1,19.465112054048035,27.014303093836034,373.84448315398697,0.0,1430.441628733026,893.8913047548965,0,0
27,2,24.96852868065592,70.28933562151332,499.9088885849714,1.4973348509396456,40.218814435352016,6901.297227413294,0,0
27,3,14.120179367457824,69.84821528503811,462.5644016915837,0.15917976327012112,350.76252903780664,14104.593417036707,0,0
27,4,12.914424285997251,47.19935116929632,412.75445105260496,2.182664032950971,794.1573159151819,19033.71230039208,0,0
27,5,20.98432418277559,67.45000600664028,497.37189462707164,0.0,716.2636679862176,10185.940275939462,0,0
27,6,19.720779322213602,21.349473091803493,355.40606943840896,0.020960846426870218,1221.7947522724082,15396.885731984428,0,0
27,7,23.8760103377515,43.81031847131245,461.4649907869628,1.5452051684499892,1303.6629330926783,3781.673790195561,0,0
27,7,12.119504414267618,45.67078944860873,460.77100257613773,2.0911845403663665,624.2379460526344,1290.224029093139,0,0
27,7,17.49042914859601,32.9051021916741,381.80832293948686,2.615910854781699,2323.3254957505605,17189.136903443658,0,0
27,8,11.96058614170489,73.86262264587056,419.2628894212176,0.11106214393171787,1372.7951840726869,17583.909223532835,0,0
27,8,23.30569882355906,23.935068123184728,369.3185198875887,2.1005460395139965,1214.2124779795574,2289.0384231671464,0,0
27,8,24.38159278513386,42.18672674481958,479.7515549898622,0.0,721.5247947131752,0.0,0,0
27,8,11.667356915457422,73.17999027984968,483.0331917999132,0.0,1546.2976084655318,18547.76696697367,0,0
27,9,18.839181280259524,48.506245971854504,406.66218106064247,2.707492584409413,0.0,978.2807447586283,0,0
27,10,19.51550865146327,72.16312360208865,428.3351436602562,0.0,657.0368942602698,1942.0451263312389,0,0
27,12,11.379043233154832,40.52124216351074,433.06996308755464,0.0,1132.0604301302556,3318.5631116757063,0,0
27,13,20.05385440365434,44.883955111137304,427.4375081883951,0.22696883298206996,1815.1111108529676,6413.230694072127,0,0
27,13,15.406438883478007,65.44708104240826,410.51196315271403,0.012233428808669622,633.5878929882591,12211.98678629327,0,0
27,14,22.917479053617036,71.39773768402176,512.4446930658235,0.0,1814.8980792235932,2370.97490309556,0,0
27,14,19.484961557529974,69.62950752800909,440.13207974240953,2.3460083550612283,668.0764969032282,19198.859520621732,0,0
27,16,11.385240712273188,70.69120220102808,373.6912572520981,0.03610718401959409,144.42783713727044,1640.545537329421,0,0
27,18,13.57036258267106,45.401350577323825,475.496763855049,1.528295228059283,1269.6437926735775,18960.441306396624,0,0
27,18,21.200678887353536,63.79558319179315,538.7026518230539,0.5200439890858758,1154.7307518212053,9229.840919631528,0,0
27,21,23.14259413077676,34.65599694147601,476.55711684270733,0.027339288804297403,1242.7629859531612,4824.185798877,0,0
27,21,23.63241982301209,29.72296317355969,422.7349610060333,2.3382989684903346,1114.2698752448564,19418.291061483775,0,0
27,23,24.4175684922573,17.805592762652978,500.85960163576294,0.3436875588515207,357.9730631929708,15409.839306916158,0,0
